summary,components,story_points,priority,issuetype,created_year,created_month,num_comments,project,status,created_date,key,created_dayofweek,num_components,resolution_days,assignee,num_labels
Failed sandbox initialization can cause tasks to go LOST,Executor,3.0,Minor,Bug,2016,2,1,Aurora,Resolved,2016-02-11,AURORA-1614,3,1,0.12,Joshua Cohen,0
Task History Pruning attempts can fail silently,,3.0,Major,Bug,2016,1,4,Aurora,Resolved,2016-01-14,AURORA-1582,3,0,7.22,Zameer Manji,0
"Add update sequence into ""aurora job diff"" command",Client,3.0,Major,Task,2015,10,2,Aurora,Resolved,2015-10-08,AURORA-1516,3,1,12.91,Maxim Khutornenko,0
Implement getJobUpdateDiff API without TaskConfig diff support,Scheduler,3.0,Major,Task,2015,10,1,Aurora,Resolved,2015-10-08,AURORA-1515,3,1,5.18,Maxim Khutornenko,0
PreemptorService failure does not trigger shutdown,,2.0,Major,Bug,2015,10,4,Aurora,Resolved,2015-10-01,AURORA-1511,3,0,25.05,Zameer Manji,0
ConcurrentModificationException in PreemptorService,,2.0,Critical,Bug,2015,10,3,Aurora,Resolved,2015-10-01,AURORA-1510,3,0,28.06,Zameer Manji,0
Job updater does not handle DELETED tasks properly,Scheduler,5.0,Major,Bug,2015,9,2,Aurora,Resolved,2015-09-29,AURORA-1506,1,1,78.84,Maxim Khutornenko,0
Determine how best to keep up with Mesos releases,,3.0,Major,Task,2015,9,7,Aurora,Resolved,2015-09-28,AURORA-1503,0,0,26.3,Zameer Manji,0
Create a design summary for the jobConfigDiff RPC,Scheduler,5.0,Major,Task,2015,9,1,Aurora,Resolved,2015-09-28,AURORA-1502,0,1,10.91,Maxim Khutornenko,0
Scheduler fails to start due to thrift/SQL schema data type mismatch,Scheduler,3.0,Blocker,Bug,2015,9,1,Aurora,Resolved,2015-09-18,AURORA-1494,4,1,0.7,Maxim Khutornenko,0
"Make ""aurora task"" commands support optional ssh options",Client,2.0,Minor,Task,2015,9,3,Aurora,Resolved,2015-09-11,AURORA-1491,4,1,10.05,Maxim Khutornenko,0
Improve discoverability of dashboard link on the Job page,UI,1.0,Major,Story,2015,9,1,Aurora,Resolved,2015-09-02,AURORA-1474,2,1,8.84,Joshua Cohen,0
Add e2e integration tests for revocable tasks,Scheduler,3.0,Major,Task,2015,8,1,Aurora,Resolved,2015-08-31,AURORA-1464,0,1,2.4,Maxim Khutornenko,0
Update quota documentation,Documentation,1.0,Major,Task,2015,8,1,Aurora,Resolved,2015-08-31,AURORA-1462,0,1,21.2,Maxim Khutornenko,0
Update RPCs and client/UI to properly identify non-dedicated consumption,,2.0,Major,Task,2015,8,2,Aurora,Resolved,2015-08-31,AURORA-1461,0,0,11.29,Maxim Khutornenko,0
Remove quota enforcement for dedicated jobs,,3.0,Major,Task,2015,8,2,Aurora,Resolved,2015-08-31,AURORA-1460,0,0,9.05,Maxim Khutornenko,0
DelayExecutor is flaky within scheduling loop,Scheduler,5.0,Major,Bug,2015,8,3,Aurora,Resolved,2015-08-29,AURORA-1459,5,1,16.22,Bill Farner,0
In-progress instances on Update page continue to pulse after update is aborted,UI,3.0,Minor,Bug,2015,8,1,Aurora,Resolved,2015-08-26,AURORA-1445,2,1,6.46,Joshua Cohen,0
Document oversubscription in Aurora,,2.0,Major,Task,2015,8,1,Aurora,Resolved,2015-08-21,AURORA-1441,4,0,31.27,Maxim Khutornenko,0
Modify resource counters to support revocable slot counters,Scheduler,3.0,Major,Task,2015,8,1,Aurora,Resolved,2015-08-18,AURORA-1439,1,1,1.86,Maxim Khutornenko,0
Implement TierManager to translate tiers to task traits,Scheduler,3.0,Major,Task,2015,8,2,Aurora,Resolved,2015-08-17,AURORA-1437,0,1,1.21,Maxim Khutornenko,0
Major Crash Minsat 6.0,,8260877383.0,Minor,Bug,2015,8,1,Aurora,Resolved,2015-08-15,AURORA-1436,5,0,0.06,Dillip Kumar Guru,0
Scheduling loop terminates on the first mismatch,Scheduler,2.0,Blocker,Bug,2015,8,1,Aurora,Resolved,2015-08-13,AURORA-1435,3,1,0.03,Maxim Khutornenko,0
Slave reservation is too restrictive,Scheduler,3.0,Blocker,Bug,2015,8,1,Aurora,Resolved,2015-08-07,AURORA-1431,4,1,0.55,Maxim Khutornenko,0
Set up vagrant environment for sudo-less docker commands,Build,1.0,Major,Story,2015,8,1,Aurora,Resolved,2015-08-05,AURORA-1430,2,1,0.1,Bill Farner,0
Upgrade Mesos to 0.23,,2.0,Minor,Story,2015,8,1,Aurora,Resolved,2015-08-05,AURORA-1429,2,0,12.2,Maxim Khutornenko,0
Move build-support/packaging to aurora-packaging repo,Packaging,2.0,Major,Task,2015,8,3,Aurora,Resolved,2015-08-04,AURORA-1427,1,1,0.06,Bill Farner,0
Speed up iteration speed when developing UI code,UI,5.0,Major,Task,2015,8,3,Aurora,Resolved,2015-08-03,AURORA-1425,0,1,138.91,Joshua Cohen,0
Surface revoked task reason in the UI,UI,3.0,Major,Task,2015,7,1,Aurora,Resolved,2015-07-29,AURORA-1421,2,1,16.17,Maxim Khutornenko,0
FrameworkInfo support for REVOCABLE_RESOURCES capability,Scheduler,2.0,Major,Task,2015,7,1,Aurora,Resolved,2015-07-29,AURORA-1419,2,1,24.07,Maxim Khutornenko,0
Ignore revocable resources in preemptor,Scheduler,2.0,Major,Task,2015,7,5,Aurora,Resolved,2015-07-29,AURORA-1418,2,1,22.27,Maxim Khutornenko,0
Centralize offer/task matching implementation in TaskAssigner,Scheduler,5.0,Major,Task,2015,7,1,Aurora,Resolved,2015-07-29,AURORA-1416,2,1,5.11,Maxim Khutornenko,0
De-generalize resource handling in Scheduler,Scheduler,8.0,Major,Task,2015,7,6,Aurora,Resolved,2015-07-29,AURORA-1415,2,1,16.18,Maxim Khutornenko,0
Schema changes to support revocable jobs,Scheduler,3.0,Major,Task,2015,7,1,Aurora,Resolved,2015-07-29,AURORA-1414,2,1,27.29,Maxim Khutornenko,0
Publish RPM and deb for 0.9.0,Build,5.0,Major,Task,2015,7,11,Aurora,Resolved,2015-07-24,AURORA-1410,4,1,125.07,Bill Farner,0
End-to-end tests fail with 401 unuthorized,Testing,3.0,Blocker,Bug,2015,7,2,Aurora,Resolved,2015-07-23,AURORA-1409,3,1,8.04,Kevin Sweeney,0
IllegalArgumentException in end-to-end tests,"Scheduler,Testing",3.0,Blocker,Bug,2015,7,4,Aurora,Resolved,2015-07-23,AURORA-1407,3,2,0.82,Bill Farner,0
End-to-end test stalls at SSH prompt,Testing,2.0,Critical,Bug,2015,7,1,Aurora,Resolved,2015-07-23,AURORA-1406,3,1,1.68,Bill Farner,0
DB deadlock caused stuck job update,Scheduler,2.0,Major,Bug,2015,7,2,Aurora,Resolved,2015-07-16,AURORA-1401,3,1,0.32,Bill Farner,0
Python style checker should only report errors,Build,2.0,Minor,Story,2015,7,3,Aurora,Resolved,2015-07-13,AURORA-1397,0,1,0.96,Bill Farner,0
RescheduleCalculator precondition fails when using DbTaskStore,Scheduler,5.0,Critical,Bug,2015,7,9,Aurora,Resolved,2015-07-10,AURORA-1395,4,1,33.73,Bill Farner,0
"DbCronJobStore does not go through TaskConfig de-dupe code, breaking uniqueness assumptions elsewhere",Scheduler,5.0,Major,Bug,2015,7,1,Aurora,Resolved,2015-07-09,AURORA-1392,3,1,0.07,Bill Farner,0
Primary key violation when modifying cron jobs with DbCronJobStore,Scheduler,2.0,Major,Bug,2015,7,1,Aurora,Resolved,2015-07-09,AURORA-1390,3,1,0.03,Bill Farner,0
Transaction isolation on DB stores is too strict,Scheduler,2.0,Critical,Bug,2015,7,1,Aurora,Resolved,2015-07-08,AURORA-1386,2,1,0.94,Bill Farner,0
Unique constraint on task_config_metadata.key should be removed,,2.0,Major,Bug,2015,7,1,Aurora,Resolved,2015-07-08,AURORA-1383,2,0,0.14,Bill Farner,0
Upgrade to guice 4.0,Scheduler,3.0,Critical,Story,2015,7,7,Aurora,Resolved,2015-07-02,AURORA-1380,3,1,891.55,Bill Farner,0
Referential integrity violation when replaying storage,Scheduler,2.0,Major,Bug,2015,6,1,Aurora,Resolved,2015-06-30,AURORA-1379,1,1,6.02,Bill Farner,0
"When setting quota, the scheduler should prevent setting below current usage",Scheduler,2.0,Major,Story,2015,6,4,Aurora,Resolved,2015-06-26,AURORA-1375,4,1,5.0,Zameer Manji,0
shutdown_endpoint fields should be in the aurora schema,Executor,2.0,Blocker,Task,2015,6,1,Aurora,Resolved,2015-06-23,AURORA-1368,1,1,7.74,Brian Wickman,0
Improve client error messages for Kerberos errors,"Client,Security,Usability",2.0,Minor,Story,2015,6,1,Aurora,Resolved,2015-06-22,AURORA-1364,0,3,134.26,Maxim Khutornenko,0
Explicit reconciliation must use SLAVE_ASSIGNED_STATES,Scheduler,2.0,Major,Bug,2015,6,1,Aurora,Resolved,2015-06-19,AURORA-1361,4,1,0.02,Maxim Khutornenko,0
MesosPathDetector double-counts checkpoint roots,Observer,2.0,Major,Bug,2015,6,2,Aurora,Resolved,2015-06-17,AURORA-1353,2,1,0.03,Brian Wickman,0
Audit log doesn't capture Shiro subject principal,"Scheduler,Security",3.0,Major,Story,2015,6,5,Aurora,Resolved,2015-06-16,AURORA-1352,1,2,29.0,Kevin Sweeney,0
Make observer POLLING_INTERVAL configurable,Observer,2.0,Major,Task,2015,6,1,Aurora,Resolved,2015-06-16,AURORA-1351,1,1,0.31,Maxim Khutornenko,0
Upgrade requests-kerberos to 0.7.0,"Client,Security",1.0,Major,Task,2015,6,1,Aurora,Resolved,2015-06-09,AURORA-1346,1,2,0.8,Kevin Sweeney,0
Update status page for large jobs is killed by Chrome,UI,5.0,Major,Bug,2015,6,1,Aurora,Resolved,2015-06-09,AURORA-1345,1,1,85.06,Joshua Cohen,0
Create Aurora oversubscription design summary,Documentation,5.0,Major,Task,2015,6,1,Aurora,Resolved,2015-06-09,AURORA-1344,1,1,10.93,Maxim Khutornenko,0
shiro.ini with blank users section fails to parse.,"Scheduler,Security",1.0,Major,Bug,2015,6,1,Aurora,Resolved,2015-06-08,AURORA-1342,0,2,43.29,Kevin Sweeney,0
aurora executor should write checkpoints into sandbox,Executor,5.0,Major,Task,2015,5,1,Aurora,Resolved,2015-05-26,AURORA-1337,1,1,7.0,Maxim Khutornenko,0
Remove GCExecutorLauncher code,Scheduler,3.0,Major,Task,2015,5,2,Aurora,Resolved,2015-05-22,AURORA-1334,4,1,31.99,Maxim Khutornenko,0
Remove GC executor code,Executor,4.0,Major,Task,2015,5,1,Aurora,Resolved,2015-05-22,AURORA-1333,4,1,33.97,Maxim Khutornenko,0
Updater does not skip already updated instances with /INSTANCES option.,Scheduler,2.0,Major,Bug,2015,5,2,Aurora,Resolved,2015-05-22,AURORA-1332,4,1,47.91,Bill Farner,0
It should be possible to link to an instance from the update page,UI,1.0,Minor,Task,2015,5,1,Aurora,Resolved,2015-05-22,AURORA-1331,4,1,95.72,Joshua Cohen,0
MesosSchedulerImpl should check if reason is present when posting status updates,Scheduler,2.0,Major,Task,2015,5,4,Aurora,Resolved,2015-05-20,AURORA-1327,2,1,41.96,Bill Farner,0
`src/test/python/apache/aurora/api_util.py` is not apart of any pants targets,,1.0,Minor,Bug,2015,5,1,Aurora,Resolved,2015-05-18,AURORA-1325,0,0,0.1,Zameer Manji,0
DB task store is enabled by default when staging a recovery,Scheduler,2.0,Major,Bug,2015,5,1,Aurora,Resolved,2015-05-15,AURORA-1322,4,1,12.69,Maxim Khutornenko,0
Create bulk version of the saveJobInstanceUpdateEvent db store method,Scheduler,5.0,Major,Bug,2015,5,4,Aurora,Resolved,2015-05-13,AURORA-1321,2,1,4.89,Maxim Khutornenko,0
Benchmark snapshot restore,Scheduler,3.0,Major,Task,2015,5,1,Aurora,Resolved,2015-05-11,AURORA-1318,0,1,6.97,Kevin Sweeney,0
UpdateStoreBenchmarks broken,"Scheduler,Testing",1.0,Major,Bug,2015,5,1,Aurora,Resolved,2015-05-08,AURORA-1315,4,2,0.04,Bill Farner,0
Upgrade to latest h2 version,Scheduler,1.0,Major,Task,2015,5,1,Aurora,Resolved,2015-05-08,AURORA-1311,4,1,3.78,Bill Farner,0
Remove blanket 'Error executing command: ' prefix from client output,"Client,Usability",1.0,Trivial,Story,2015,5,1,Aurora,Resolved,2015-05-07,AURORA-1310,3,2,0.04,Bill Farner,0
Build can fail if repo directory absolute path is too long,"Build,Usability",2.0,Trivial,Bug,2015,5,1,Aurora,Resolved,2015-05-07,AURORA-1309,3,2,0.02,Bill Farner,0
API hooks no longer supported for certain client commands,Client,3.0,Major,Bug,2015,5,1,Aurora,Resolved,2015-05-06,AURORA-1307,2,1,2.27,Maxim Khutornenko,0
Upgrade to gradle 2.4,"Build,Scheduler",2.0,Major,Story,2015,5,1,Aurora,Resolved,2015-05-05,AURORA-1306,1,2,0.97,Bill Farner,0
MemTaskStore: items are not removed from secondary index,Scheduler,2.0,Minor,Story,2015,5,1,Aurora,Resolved,2015-05-05,AURORA-1305,1,1,0.88,Bill Farner,0
Tests inheriting from AuroraClientCommandTest always pass,"Client,Testing",1.0,Critical,Bug,2015,4,1,Aurora,Resolved,2015-04-30,AURORA-1301,3,2,0.05,Bill Farner,0
UpdateConfigError results in stack trace,Client,2.0,Minor,Story,2015,4,1,Aurora,Resolved,2015-04-30,AURORA-1299,3,1,0.92,Bill Farner,0
Make DbTaskStore suitable for use in production,Scheduler,5.0,Major,Story,2015,4,4,Aurora,Resolved,2015-04-30,AURORA-1298,3,1,56.81,Bill Farner,0
INSTANCES_SPEC_ARGUMENT client option does not validate instance range,Client,2.0,Major,Bug,2015,4,2,Aurora,Resolved,2015-04-29,AURORA-1296,2,1,20.98,Maxim Khutornenko,0
Replace enable_api_security arg with a value for http_authentication_mechanism,"Scheduler,Security",1.0,Major,Story,2015,4,2,Aurora,Resolved,2015-04-23,AURORA-1291,3,2,5.97,Bill Farner,0
"Allow specifying a shorthand for ""well-known"" Module FQCNs",Scheduler,1.0,Major,Story,2015,4,1,Aurora,Resolved,2015-04-23,AURORA-1290,3,1,6.0,Bill Farner,0
Scheduler in-memory DB needs a direct console access,Scheduler,5.0,Major,Task,2015,4,1,Aurora,Resolved,2015-04-20,AURORA-1287,0,1,45.0,Maxim Khutornenko,0
twitter.common.stats.Stats warns about exported metric names,,3.0,Minor,Bug,2015,4,20,Aurora,Resolved,2015-04-17,AURORA-1282,4,0,136.54,Joe Smith,0
Create a design document for Health Checks for Updates,Documentation,5.0,Major,Task,2015,4,2,Aurora,Resolved,2015-04-13,AURORA-1277,0,1,25.23,Maxim Khutornenko,0
Add metrics for scheduler update states,Scheduler,2.0,Major,Task,2015,4,1,Aurora,Resolved,2015-04-07,AURORA-1259,1,1,27.98,Bill Farner,0
Improve procedure for adding instances to a job,"Reliability,Usability",8.0,Major,Story,2015,4,12,Aurora,Resolved,2015-04-07,AURORA-1258,1,2,309.18,Maxim Khutornenko,0
0.10.0 release candidate,,3.0,Major,Task,2015,4,2,Aurora,Resolved,2015-04-07,AURORA-1250,1,0,223.9,Zameer Manji,0
Client retries 4xx errors,Client,3.0,Major,Bug,2015,4,2,Aurora,Resolved,2015-04-06,AURORA-1248,0,1,27.99,Bill Farner,0
Add a way to watch a scheduler-driven update until it's complete,Client,3.0,Major,Task,2015,4,3,Aurora,Resolved,2015-04-02,AURORA-1239,3,1,36.07,Bill Farner,0
Blocked updates missing from cluster-wide in progress view,"Scheduler,UI",2.0,Major,Story,2015,3,1,Aurora,Resolved,2015-03-26,AURORA-1231,3,2,35.08,Bill Farner,0
"Modify scheduler updater to not use ""watch_secs"" for health-check enabled jobs",Scheduler,5.0,Major,Task,2015,3,3,Aurora,Resolved,2015-03-24,AURORA-1223,1,1,533.51,Kai Huang,0
Improve preemptor efficiency,Scheduler,5.0,Major,Task,2015,3,2,Aurora,Resolved,2015-03-23,AURORA-1219,0,1,29.28,Maxim Khutornenko,0
"Reevaluate ""max_schedule_attempts_per_sec"" with asynchronous preemptor",Scheduler,2.0,Major,Task,2015,3,1,Aurora,Resolved,2015-03-20,AURORA-1214,4,1,34.03,Maxim Khutornenko,0
IP clearance and import of twitter commons java code,Scheduler,8.0,Minor,Story,2015,3,9,Aurora,Resolved,2015-03-20,AURORA-1213,4,1,158.13,Zameer Manji,0
Make update status command more versatile,"Client,Usability",2.0,Major,Story,2015,3,1,Aurora,Resolved,2015-03-17,AURORA-1206,1,2,3.19,Bill Farner,0
Update upstart configurations when syncing sources,Testing,2.0,Major,Story,2015,3,1,Aurora,Resolved,2015-03-17,AURORA-1204,1,1,49.76,Bill Farner,0
auth_module is not installed in child injector,"Scheduler,Security",2.0,Blocker,Bug,2015,3,1,Aurora,Resolved,2015-03-16,AURORA-1201,0,2,0.17,Kevin Sweeney,0
Improve UI task status reporting experience,Scheduler,2.0,Minor,Story,2015,3,4,Aurora,Resolved,2015-03-12,AURORA-1193,3,1,155.12,Maxim Khutornenko,0
Add a deprecation warning when the client-side updater is used,Client,2.0,Major,Story,2015,3,1,Aurora,Resolved,2015-03-11,AURORA-1190,2,1,9.08,Bill Farner,0
Create JobKey-scoped Permissions and apply to AuroraSchedulerManager,"Scheduler,Security",5.0,Major,Story,2015,3,3,Aurora,Resolved,2015-03-10,AURORA-1187,1,2,23.89,Kevin Sweeney,0
make-python-sdists failing on master,Thermos,1.0,Major,Bug,2015,3,4,Aurora,Resolved,2015-03-05,AURORA-1174,3,1,12.06,Zameer Manji,0
beta-update list should use a hierarchy for query specifications,Client,3.0,Major,Task,2015,3,1,Aurora,Resolved,2015-03-04,AURORA-1168,2,1,15.98,Bill Farner,0
Rename beta-update to update,Client,2.0,Major,Task,2015,3,3,Aurora,Resolved,2015-03-02,AURORA-1160,0,1,14.12,Bill Farner,0
NearestFix does not account for certain veto types,Scheduler,3.0,Major,Task,2015,3,1,Aurora,Resolved,2015-03-02,AURORA-1159,0,1,7.12,Maxim Khutornenko,0
Consider finding preemption slots asynchronously ,Scheduler,5.0,Major,Task,2015,3,5,Aurora,Resolved,2015-03-02,AURORA-1158,0,1,31.07,Maxim Khutornenko,0
Add end-to-end test coverage for async updates,Testing,3.0,Major,Task,2015,2,1,Aurora,Resolved,2015-02-27,AURORA-1157,4,1,4.99,Bill Farner,0
Preemptor perf improvements,Scheduler,2.0,Major,Task,2015,2,1,Aurora,Resolved,2015-02-26,AURORA-1156,3,1,14.88,Maxim Khutornenko,0
Remove backwards compatibility shims from JobUpdateKey introduction,"Scheduler,Technical Debt",3.0,Major,Task,2015,2,1,Aurora,Resolved,2015-02-24,AURORA-1139,1,2,112.02,Maxim Khutornenko,0
Quota checks are inaccurate for cron schedule updates,Scheduler,3.0,Major,Bug,2015,2,2,Aurora,Resolved,2015-02-19,AURORA-1134,3,1,8.88,Maxim Khutornenko,0
Add the ability to optionally create an unhooked version of the Aurora client api,Client,2.0,Major,Task,2015,2,1,Aurora,Resolved,2015-02-12,AURORA-1120,3,1,0.17,Joshua Cohen,0
The scheduler synchronously writes a backup while writing a snapshot to the replicated log,"Reliability,Scheduler",3.0,Critical,Bug,2015,2,2,Aurora,Resolved,2015-02-06,AURORA-1108,4,2,17.83,Maxim Khutornenko,0
Scheduler updater should suppress instance events on resume,Scheduler,2.0,Minor,Task,2015,2,1,Aurora,Resolved,2015-02-04,AURORA-1097,2,1,37.7,Maxim Khutornenko,0
Scheduler updater should limit the number of job/instance events,Scheduler,5.0,Major,Story,2015,2,7,Aurora,Resolved,2015-02-04,AURORA-1096,2,1,163.65,Joe Smith,0
aurora cron start --open-browser fails with stacktrace,,1.0,Major,Bug,2015,2,1,Aurora,Resolved,2015-02-03,AURORA-1094,1,0,1.21,Zameer Manji,0
Scheduler updates should be uniquely identified by jobKey + updateId,"Client,Scheduler,UI",8.0,Major,Story,2015,2,5,Aurora,Resolved,2015-02-03,AURORA-1093,1,3,24.03,Bill Farner,0
Optimize or remove shard uniqueness check from StorageBackfill,"Scheduler,Technical Debt",2.0,Critical,Task,2015,2,1,Aurora,Resolved,2015-02-02,AURORA-1090,0,2,0.05,Bill Farner,0
Expose blockIfNoPulseAfterMs setting in updateSettings.html,,1.0,Major,Task,2015,2,1,Aurora,Resolved,2015-02-02,AURORA-1088,0,0,10.14,Maxim Khutornenko,0
Allow message to be stored with update write events,Scheduler,3.0,Major,Task,2015,1,7,Aurora,Resolved,2015-01-30,AURORA-1077,4,1,41.8,Bill Farner,0
Docker patch created incompatible ExeuctorInfo changes for GC executor,Scheduler,1.0,Blocker,Bug,2015,1,2,Aurora,Resolved,2015-01-30,AURORA-1076,4,1,0.09,Zameer Manji,0
"Remove the ""enable_legacy_constraints"" flag.",,2.0,Major,Bug,2015,1,2,Aurora,Resolved,2015-01-30,AURORA-1074,4,0,146.94,Zameer Manji,0
Modify UpdateConfig schema to support heartbeats,Client,2.0,Major,Task,2015,1,1,Aurora,Resolved,2015-01-29,AURORA-1071,3,1,13.94,Maxim Khutornenko,0
apache.aurora.executor.common.HealthChecker should export stats,Executor,1.0,Major,Task,2015,1,6,Aurora,Resolved,2015-01-26,AURORA-1062,0,1,29.99,Brian Wickman,0
Remove LiveClusterState,"Scheduler,Technical Debt",1.0,Major,Task,2015,1,1,Aurora,Resolved,2015-01-23,AURORA-1055,4,2,32.95,Bill Farner,0
Implement state reconciliation within the scheduler,Scheduler,8.0,Major,Task,2015,1,10,Aurora,Resolved,2015-01-22,AURORA-1047,3,1,120.05,Maxim Khutornenko,0
Export TASK_LOST source stats from Scheduler,"Scheduler,Technical Debt",5.0,Major,Story,2015,1,1,Aurora,Resolved,2015-01-17,AURORA-1028,5,2,37.21,Bill Farner,0
Update thermos cli to read checkpoint stream from sandbox,Technical Debt,5.0,Major,Story,2015,1,2,Aurora,Resolved,2015-01-17,AURORA-1027,5,1,45.97,Brian Wickman,0
Update observer to read checkpoint stream from sandbox,Technical Debt,5.0,Major,Story,2015,1,4,Aurora,Resolved,2015-01-17,AURORA-1026,5,1,51.07,Brian Wickman,0
Update gc executor to read checkpoint stream from sandbox,Technical Debt,3.0,Major,Story,2015,1,2,Aurora,Resolved,2015-01-17,AURORA-1025,5,1,38.92,Brian Wickman,0
Implement API for dual reading Thermos checkpoints,"Executor,Technical Debt",8.0,Major,Story,2015,1,2,Aurora,Resolved,2015-01-17,AURORA-1024,5,2,20.14,Brian Wickman,0
Releasing the update lock trips off scheduler updater,Scheduler,5.0,Critical,Bug,2015,1,2,Aurora,Resolved,2015-01-17,AURORA-1023,5,1,16.83,Bill Farner,0
Client binding_helper to resolve docker label to a stable ID at create,"Client,Packaging",5.0,Major,Story,2015,1,10,Aurora,Resolved,2015-01-14,AURORA-1014,2,2,676.98,Santhosh Kumar Shanmugham,0
Update documentation to explain the scheduler heartbeat mechanism,"Documentation,Scheduler",1.0,Major,Task,2015,1,1,Aurora,Resolved,2015-01-13,AURORA-1012,1,2,35.08,Maxim Khutornenko,0
Modify updater state machine to support heartbeat-driven pause/resume,Scheduler,5.0,Major,Task,2015,1,1,Aurora,Resolved,2015-01-13,AURORA-1010,1,1,29.02,Maxim Khutornenko,0
Implement pulseJobUpdates RPC,Scheduler,2.0,Major,Task,2015,1,1,Aurora,Resolved,2015-01-13,AURORA-1009,1,1,29.08,Maxim Khutornenko,0
Simplify the Aurora Python build,Executor,13.0,Minor,Epic,2015,1,0,Aurora,Resolved,2015-01-13,AURORA-1005,1,1,348.91,Brian Wickman,0
Support Mesos TASK_ERROR state,Scheduler,2.0,Critical,Story,2015,1,2,Aurora,Resolved,2015-01-12,AURORA-1001,0,1,43.96,Bill Farner,0
Various scheduler performance improvements,Scheduler,40.0,Major,Epic,2015,1,0,Aurora,Resolved,2015-01-12,AURORA-999,0,1,101.03,Bill Farner,0
Scheduling vetos are only displayed for the first task in a TaskGroup,Scheduler,3.0,Major,Story,2014,11,1,Aurora,Resolved,2014-11-03,AURORA-911,0,1,122.31,Maxim Khutornenko,0
Differentiate between dynamic and static vetoes,Scheduler,8.0,Major,Story,2014,10,9,Aurora,Resolved,2014-10-31,AURORA-909,4,1,115.99,Maxim Khutornenko,0
0.7.0 Release Candidate,,3.0,Major,Story,2014,10,2,Aurora,Resolved,2014-10-20,AURORA-872,0,0,115.98,Maxim Khutornenko,0
Create nightly builds,"Build,Continuous Integration",3.0,Major,Story,2014,10,1,Aurora,Resolved,2014-10-16,AURORA-851,3,2,314.97,Bill Farner,0
Add documentation for HTTP basic and kerberos authentication,"Documentation,Security",2.0,Major,Task,2014,10,1,Aurora,Resolved,2014-10-08,AURORA-817,2,2,202.12,Kevin Sweeney,0
Migrate client off of deprecated SessionKey APIs,Security,3.0,Major,Task,2014,10,5,Aurora,Resolved,2014-10-08,AURORA-814,2,1,418.55,Bill Farner,0
Add ability to configure client to use Kerberos,Security,3.0,Major,Task,2014,10,1,Aurora,Resolved,2014-10-08,AURORA-813,2,1,184.86,Maxim Khutornenko,0
Wire in SPNEGO HTTP module,Security,5.0,Major,Task,2014,10,1,Aurora,Resolved,2014-10-08,AURORA-812,2,1,183.6,Kevin Sweeney,0
"Add ShiroAopModule, shiro AOP @RequiresPermissions annotations",Security,3.0,Major,Task,2014,10,2,Aurora,Resolved,2014-10-08,AURORA-811,2,1,170.84,Kevin Sweeney,0
Add an end-to-end test case for http basic auth,Security,1.0,Major,Task,2014,10,1,Aurora,Resolved,2014-10-08,AURORA-810,2,1,184.76,Kevin Sweeney,0
Use Apache Shiro for HTTP authentication,Security,5.0,Major,Task,2014,10,2,Aurora,Resolved,2014-10-08,AURORA-809,2,1,157.82,Kevin Sweeney,0
Refactor the scheduler to allow authenticated subject-per-request,Security,2.0,Major,Task,2014,10,3,Aurora,Resolved,2014-10-08,AURORA-808,2,1,142.64,Kevin Sweeney,0
Remove redundant page header text,"Scheduler,UI",2.0,Major,Story,2014,10,8,Aurora,Resolved,2014-10-02,AURORA-783,3,2,344.04,Joshua Cohen,0
Create design document for security code refactor,"Scheduler,Security",2.0,Major,Task,2014,9,1,Aurora,Resolved,2014-09-17,AURORA-723,2,2,167.3,Kevin Sweeney,0
Reconsider default for -require_slave_checkpoint,"Scheduler,Technical Debt",1.0,Critical,Story,2014,9,4,Aurora,Resolved,2014-09-16,AURORA-716,1,2,225.2,Bill Farner,0
aurora executor _shutdown deadline calls should be daemonized,Executor,1.0,Major,Bug,2014,9,1,Aurora,Resolved,2014-09-10,AURORA-698,2,1,284.97,Brian Wickman,0
No way to link directly to Completed Tasks,UI,2.0,Major,Story,2014,9,2,Aurora,Resolved,2014-09-10,AURORA-696,2,1,357.98,Joshua Cohen,0
Don't store serialized thrift objects in the database,Scheduler,3.0,Major,Story,2014,8,3,Aurora,Resolved,2014-08-12,AURORA-647,1,1,394.92,Bill Farner,0
Preemptor should export more detailed statistics,"Scheduler,SLA",3.0,Major,Story,2014,6,1,Aurora,Resolved,2014-06-11,AURORA-524,2,2,260.92,Bill Farner,0
H2-backed implementation of JobStore,Scheduler,3.0,Major,Task,2014,5,1,Aurora,Resolved,2014-05-12,AURORA-415,0,1,414.94,Bill Farner,0
aurora update should fail gracefully if job is not a service,Client,2.0,Critical,Bug,2014,4,2,Aurora,Resolved,2014-04-18,AURORA-330,4,1,291.15,Bill Farner,0
Use JDK8 features in scheduler development,Scheduler,2.0,Minor,Story,2014,3,2,Aurora,Resolved,2014-03-18,AURORA-274,1,1,420.24,Bill Farner,0
"remove legacy remnants of ""aurora"" executor","Technical Debt,Thermos",1.0,Minor,Task,2014,2,1,Aurora,Resolved,2014-02-06,AURORA-195,3,2,447.08,Bill Farner,1
Provide a web UI page to show history for a specific job instance,"Scheduler,UI",5.0,Minor,Task,2014,1,1,Aurora,Resolved,2014-01-23,AURORA-97,3,2,579.61,Joshua Cohen,0
Improve CSI service manager to set node ID for managed CSI plugins,,2.0,Major,Task,2020,8,2,Mesos,Resolved,2020-08-12,MESOS-10175,2,0,6.73,Qian Zhang,0
Add secrets support to the CSI volume managers,,5.0,Major,Task,2020,7,2,Mesos,Resolved,2020-07-28,MESOS-10168,1,0,13.31,Greg Mann,1
Add documentation for the `volume/csi` isolator,,2.0,Major,Task,2020,7,2,Mesos,Resolved,2020-07-07,MESOS-10157,1,0,97.75,Qian Zhang,2
Enable the `volume/csi` isolator in UCR,,2.0,Major,Task,2020,7,4,Mesos,Resolved,2020-07-07,MESOS-10156,1,0,41.98,Qian Zhang,0
Implement the `recover` method of the `volume/csi` isolator,,5.0,Major,Task,2020,7,3,Mesos,Resolved,2020-07-07,MESOS-10155,1,0,41.98,Qian Zhang,0
Implement the `cleanup` method of the `volume/csi` isolator,,3.0,Major,Task,2020,7,2,Mesos,Resolved,2020-07-07,MESOS-10154,1,0,41.98,Qian Zhang,0
Implement the `prepare` method of the `volume/csi` isolator,,5.0,Major,Task,2020,7,5,Mesos,Resolved,2020-07-07,MESOS-10153,1,0,41.98,Qian Zhang,0
Implement the `create` method of the `volume/csi` isolator,,3.0,Major,Task,2020,7,2,Mesos,Resolved,2020-07-07,MESOS-10152,1,0,41.98,Qian Zhang,0
Introduce a new agent flag `--csi_plugin_config_dir`,,3.0,Major,Task,2020,7,5,Mesos,Resolved,2020-07-07,MESOS-10151,1,0,26.79,Qian Zhang,0
Refactor CSI volume manager to support pre-provisioned CSI volumes,,5.0,Major,Task,2020,7,4,Mesos,Resolved,2020-07-07,MESOS-10150,1,0,27.43,Greg Mann,0
Improve CSI service manager to support unmanaged CSI plugins,,3.0,Major,Task,2020,7,2,Mesos,Resolved,2020-07-07,MESOS-10149,1,0,26.81,Qian Zhang,0
Update the `CSIPluginInfo` protobuf message for supporting 3rd party CSI plugins,,1.0,Major,Task,2020,7,3,Mesos,Resolved,2020-07-07,MESOS-10148,1,0,27.0,Qian Zhang,0
Introduce a new volume type `CSI` into the `Volume` protobuf message,,1.0,Major,Task,2020,7,2,Mesos,Resolved,2020-07-07,MESOS-10147,1,0,27.0,Qian Zhang,0
CSI External Volumes MVP Design Doc,,8.0,Major,Task,2020,6,1,Mesos,Resolved,2020-06-17,MESOS-10142,2,0,61.5,Qian Zhang,3
CSI External Volume Support,,13.0,Major,Epic,2020,6,0,Mesos,Resolved,2020-06-17,MESOS-10141,2,0,117.27,Qian Zhang,3
Docker volume isolator needs to clean up the `info` struct regardless the result of unmount operation,containerization,3.0,Critical,Bug,2020,5,3,Mesos,Resolved,2020-05-13,MESOS-10126,2,1,14.99,Qian Zhang,0
Authorization for /logging/toggle and  /metrics/snapshot is skipped on Windows.,libprocess,1.0,Major,Bug,2020,4,1,Mesos,Resolved,2020-04-20,MESOS-10120,0,1,0.91,Andrei Sekretenko,1
Update the `usage()` method of containerizer to set resource limits in the `ResourceStatistics` protobuf message,containerization,3.0,Major,Task,2020,4,2,Mesos,Resolved,2020-04-15,MESOS-10117,2,1,19.81,Qian Zhang,0
Add documentation for task resource limits,documentation,2.0,Major,Task,2020,4,2,Mesos,Resolved,2020-04-14,MESOS-10115,1,1,22.76,Greg Mann,0
"After failover, master crashes on re-adding an agent with maintenance schedule set.",allocation,1.0,Blocker,Bug,2020,4,2,Mesos,Resolved,2020-04-03,MESOS-10109,4,1,3.12,Andrei Sekretenko,0
Mesos agent fails to start on outdated systemd.,agent,3.0,Major,Bug,2020,2,2,Mesos,Resolved,2020-02-24,MESOS-10098,0,1,0.18,Andrei Budnik,1
"After HTTP framework disconnects, heartbeater idle-loops instead of being deleted.",master,1.0,Minor,Bug,2020,2,2,Mesos,Resolved,2020-02-13,MESOS-10097,3,1,1.21,Andrei Sekretenko,0
Reactivating a draining agent leaves the agent in draining state.,"agent,master",3.0,Major,Bug,2020,2,2,Mesos,Resolved,2020-02-11,MESOS-10096,1,2,14.81,Benjamin Mahler,0
Agent draining logging makes it hard to tell which tasks did not terminate.,"agent,master",1.0,Major,Improvement,2020,2,2,Mesos,Resolved,2020-02-11,MESOS-10095,1,2,14.81,Benjamin Mahler,0
Master's agent draining VLOG prints incorrect task counts.,master,1.0,Major,Bug,2020,2,2,Mesos,Resolved,2020-02-11,MESOS-10094,1,1,14.87,Benjamin Mahler,0
Detecting whether executor is generated for command task should work when the launcher_dir changes,,3.0,Critical,Bug,2019,12,3,Mesos,Resolved,2019-12-31,MESOS-10084,1,0,23.73,Benjamin Bannier,0
Cgroups isolator: update cleanup logic to support nested cgroups,containerization,5.0,Major,Task,2019,12,1,Mesos,Resolved,2019-12-23,MESOS-10080,0,1,15.17,Andrei Budnik,2
Cgroups isolator: recover nested cgroups,containerization,5.0,Major,Task,2019,12,2,Mesos,Resolved,2019-12-23,MESOS-10079,0,1,80.87,Andrei Budnik,2
Cgroups isolator: allow updating and isolating resources for nested cgroups,containerization,3.0,Major,Task,2019,12,2,Mesos,Resolved,2019-12-23,MESOS-10077,0,1,80.88,Andrei Budnik,2
Cgroups isolator: create nested cgroups,containerization,3.0,Major,Task,2019,12,2,Mesos,Resolved,2019-12-23,MESOS-10076,0,1,80.88,Andrei Budnik,2
Add the `shared_cgroups` field into  the protobuf message `LinuxInfo`,,1.0,Major,Task,2019,12,2,Mesos,Resolved,2019-12-20,MESOS-10075,4,0,9.98,Qian Zhang,0
Adapt design for executor domain sockets for agent restarts,,5.0,Major,Task,2019,12,1,Mesos,Resolved,2019-12-18,MESOS-10074,2,0,25.85,Benno Evers,0
Implement SSL downgrade on the native SSL socket,,3.0,Minor,Task,2019,12,4,Mesos,Resolved,2019-12-17,MESOS-10073,1,0,70.71,Joseph Wu,2
Update the `update()` method of cgroups subsystem interface to handle container resource limits,containerization,1.0,Major,Task,2019,12,2,Mesos,Resolved,2019-12-06,MESOS-10067,4,1,105.06,Qian Zhang,0
Update the `update()` method of isolator interface to handle container resource limits,containerization,2.0,Major,Task,2019,12,2,Mesos,Resolved,2019-12-05,MESOS-10065,3,1,106.25,Qian Zhang,0
"Accommodate the ""Infinity"" value in JSON",stout,3.0,Major,Task,2019,12,2,Mesos,Resolved,2019-12-04,MESOS-10064,2,1,106.81,Qian Zhang,0
Update default executor to call `LAUNCH_CONTAINER` to launch nested containers,executor,2.0,Major,Task,2019,12,2,Mesos,Resolved,2019-12-03,MESOS-10063,1,1,108.29,Qian Zhang,0
Implement relative path computation for stout,,5.0,Major,Task,2019,12,2,Mesos,Resolved,2019-12-02,MESOS-10062,0,0,36.06,Benjamin Bannier,0
Implement chmod() support for stout,,1.0,Major,Task,2019,12,4,Mesos,Resolved,2019-12-02,MESOS-10061,0,0,41.92,Benno Evers,0
Let the command executor connect through a domain socket when available,,3.0,Major,Task,2019,12,1,Mesos,Resolved,2019-12-02,MESOS-10059,0,0,16.08,Benno Evers,0
Update Docker containerizer to set Docker container's resource limits and `oom_score_adj`,,2.0,Major,Task,2019,11,4,Mesos,Resolved,2019-11-27,MESOS-10054,2,0,159.79,Qian Zhang,0
Update Docker executor to set Docker container's resource limits and `oom_score_adj`,,3.0,Major,Task,2019,11,3,Mesos,Resolved,2019-11-27,MESOS-10053,2,0,113.83,Qian Zhang,0
Update the `LaunchContainer` agent API to support container resource limits,,2.0,Major,Task,2019,11,2,Mesos,Resolved,2019-11-27,MESOS-10051,2,0,113.83,Qian Zhang,0
Update the `update()` method of containerizer to handle container resource limits,,5.0,Major,Task,2019,11,2,Mesos,Resolved,2019-11-27,MESOS-10050,2,0,113.83,Qian Zhang,0
Add a new reason in `TaskStatus::Reason` for the case that a task is OOM-killed due to exceeding its memory request,,1.0,Major,Task,2019,11,4,Mesos,Resolved,2019-11-27,MESOS-10049,2,0,50.57,Greg Mann,0
Update the memory subsystem in the cgroup isolator to set container's memory resource limits and `oom_score_adj`,containerization,5.0,Major,Task,2019,11,4,Mesos,Resolved,2019-11-27,MESOS-10048,2,1,113.83,Qian Zhang,0
Launch executor container with resource limits,,3.0,Major,Task,2019,11,3,Mesos,Resolved,2019-11-27,MESOS-10046,2,0,113.83,Qian Zhang,0
Validate task's resources limits and the `share_cgroups` field,,3.0,Major,Task,2019,11,3,Mesos,Resolved,2019-11-27,MESOS-10045,2,0,114.35,Greg Mann,0
Add a new capability `TASK_RESOURCE_LIMITS` into Mesos agent,,1.0,Major,Task,2019,11,2,Mesos,Resolved,2019-11-27,MESOS-10044,2,0,97.06,Greg Mann,0
Add resource limits into the protobuf message `TaskInfo`,,1.0,Major,Task,2019,11,2,Mesos,Resolved,2019-11-27,MESOS-10043,2,0,32.51,Qian Zhang,0
Libprocess SSL verification can leak memory,libprocess,1.0,Major,Bug,2019,11,2,Mesos,Resolved,2019-11-22,MESOS-10041,4,1,0.16,Benno Evers,2
Implement agent code to listen on a domain socket,agent,5.0,Major,Task,2019,11,2,Mesos,Resolved,2019-11-21,MESOS-10038,3,1,52.68,Benjamin Bannier,0
Implement `enable_http_executor_domain_sockets` agent flag,,5.0,Major,Task,2019,11,2,Mesos,Resolved,2019-11-21,MESOS-10035,3,0,52.69,Benjamin Bannier,0
Design per-task cgroup isolation,,5.0,Major,Task,2019,11,1,Mesos,Resolved,2019-11-20,MESOS-10033,2,0,40.94,Andrei Budnik,1
Agent's 'executorTerminated()' can cause double task status update,,3.0,Major,Bug,2019,11,1,Mesos,Resolved,2019-11-06,MESOS-10031,2,0,28.09,Greg Mann,1
Improve v1 operator API read performance.,HTTP API,13.0,Major,Improvement,2019,11,6,Mesos,Resolved,2019-11-02,MESOS-10026,5,1,31.74,Benjamin Mahler,1
Allocator method dispatches can be reordered (relative to scheduler API calls which triggered them).,,8.0,Major,Bug,2019,10,2,Mesos,Resolved,2019-10-30,MESOS-10023,2,0,124.85,Andrei Sekretenko,1
Duplicate tasks if agent partitioned during maintenance down,,5.0,Major,Bug,2019,10,2,Mesos,Resolved,2019-10-23,MESOS-10018,2,0,9.07,Benjamin Bannier,1
Log all reverse DNS lookup failures in 'legacy' TLS (SSL) hostname validation scheme.,libprocess,1.0,Major,Improvement,2019,10,2,Mesos,Resolved,2019-10-22,MESOS-10017,1,1,0.92,Benjamin Mahler,1
Add a benchmark for HierarchicalAllocatorProcess::updateAllocation() ,,5.0,Major,Improvement,2019,10,2,Mesos,Resolved,2019-10-21,MESOS-10016,0,0,9.44,Meng Zhu,1
updateAllocation() can stall the allocator with a huge number of reservations on an agent.,,5.0,Critical,Bug,2019,10,3,Mesos,Resolved,2019-10-21,MESOS-10015,0,0,9.25,Andrei Sekretenko,1
"Implement an SSL socket for Windows, using OpenSSL directly",libprocess,5.0,Major,Task,2019,10,4,Mesos,Resolved,2019-10-09,MESOS-10010,2,1,69.97,Joseph Wu,1
Implement glue code for the Windows event loop and OpenSSL's basic I/O abstraction,,3.0,Major,Task,2019,10,2,Mesos,Resolved,2019-10-09,MESOS-10009,2,0,69.98,Joseph Wu,1
Very large quota values can crash master.,,3.0,Blocker,Bug,2019,10,5,Mesos,Resolved,2019-10-08,MESOS-10008,1,0,1.17,Benjamin Mahler,1
Command executor can miss exit status for short-lived commands due to double-reaping.,"executor,libprocess",1.0,Major,Bug,2019,10,5,Mesos,Resolved,2019-10-04,MESOS-10007,4,2,19.04,Benjamin Mahler,1
Enable SSL on Windows,,13.0,Major,Epic,2019,10,2,Mesos,Resolved,2019-10-02,MESOS-10004,2,0,182.93,Joseph Wu,1
Design doc for SSL on Windows,libprocess,3.0,Major,Task,2019,10,2,Mesos,Resolved,2019-10-02,MESOS-10003,2,1,36.1,Joseph Wu,1
Design doc for container bursting,"agent,containerization",5.0,Major,Task,2019,10,1,Mesos,Resolved,2019-10-02,MESOS-10002,2,2,76.89,Greg Mann,1
Update operator API documentation for re-reservations,,2.0,Major,Task,2019,10,2,Mesos,Resolved,2019-10-01,MESOS-9993,1,0,58.87,Benjamin Bannier,1
Add end-to-end test excercising re-reservation operator API,,3.0,Major,Task,2019,10,1,Mesos,Resolved,2019-10-01,MESOS-9992,1,0,38.08,Benno Evers,1
Update 'Master::authorizeReserveResources' for re-reservations,,5.0,Major,Task,2019,10,2,Mesos,Resolved,2019-10-01,MESOS-9991,1,0,38.08,Benjamin Bannier,1
Consolidate 'Master::authorizeReserveResources' overloads,,1.0,Major,Task,2019,10,1,Mesos,Resolved,2019-10-01,MESOS-9990,1,0,38.1,Benno Evers,1
Update 'Master::Http::_reserve' to pass 'source' into generated operation,,1.0,Major,Task,2019,10,1,Mesos,Resolved,2019-10-01,MESOS-9989,1,0,38.09,Benno Evers,1
Add 'source' field to scheduler reservation API,,1.0,Major,Task,2019,10,1,Mesos,Resolved,2019-10-01,MESOS-9988,1,0,38.1,Benno Evers,1
Update 'Master::Http::_reserve' to also require 'source' resources,,2.0,Major,Task,2019,10,1,Mesos,Resolved,2019-10-01,MESOS-9987,1,0,38.09,Benno Evers,1
Update 'getConsumedResources' and 'getResourceConversions' for 'source' in reservations,,1.0,Major,Task,2019,10,1,Mesos,Resolved,2019-10-01,MESOS-9986,1,0,38.09,Benno Evers,0
Update validation of 'ReserveResources' for 'source',,1.0,Major,Task,2019,10,1,Mesos,Resolved,2019-10-01,MESOS-9985,1,0,38.1,Benno Evers,1
"Provide a function to compute a common ""reservation ancestor"" between two 'Resources'",,2.0,Major,Task,2019,10,1,Mesos,Resolved,2019-10-01,MESOS-9984,1,0,38.1,Benno Evers,1
Intermediate rejection of Reserve operations with source set,,1.0,Major,Task,2019,10,1,Mesos,Resolved,2019-10-01,MESOS-9983,1,0,38.1,Benno Evers,1
Add a 'source' field to operator API ReserveResources protobuf,HTTP API,1.0,Major,Task,2019,10,1,Mesos,Resolved,2019-10-01,MESOS-9982,1,1,38.11,Benno Evers,1
HierarchicalAllocatorTest.MaintenanceInverseOffers is flaky,,1.0,Major,Bug,2019,9,3,Mesos,Resolved,2019-09-30,MESOS-9980,0,0,2.15,Andrei Sekretenko,2
Add docs for FrameworkInfo updates and the UPDATE_FRAMEWORK call.,,1.0,Major,Documentation,2019,9,3,Mesos,Resolved,2019-09-26,MESOS-9979,3,0,223.12,Andrei Sekretenko,1
Nvml isolator cannot be disabled which makes it impossible to exclude non-free code,build,1.0,Major,Bug,2019,9,2,Mesos,Resolved,2019-09-24,MESOS-9978,1,1,110.76,Benjamin Bannier,2
Sorter may leak clients allocations.,allocation,2.0,Major,Bug,2019,9,2,Mesos,Resolved,2019-09-18,MESOS-9975,2,1,4.9,Meng Zhu,1
Update Names for TLS-related environment variables in libprocess.,,5.0,Major,Improvement,2019,9,1,Mesos,Resolved,2019-09-18,MESOS-9972,2,0,2.33,Benno Evers,3
"'dist' and 'distcheck' cmake targets are implemented as shell scripts, so fail on Windows/MSVC.",build,1.0,Trivial,Bug,2019,9,6,Mesos,Resolved,2019-09-18,MESOS-9971,2,1,0.6,Joseph Wu,1
WWWAuthenticate header parsing fails when commas are in (quoted) realm,"HTTP API,libprocess",1.0,Major,Bug,2019,9,4,Mesos,Resolved,2019-09-17,MESOS-9968,1,2,13.2,Benjamin Bannier,0
Agent crashes when trying to destroy orphaned nested container if root container is orphaned as well,containerization,3.0,Critical,Bug,2019,9,9,Mesos,Resolved,2019-09-13,MESOS-9966,4,1,20.01,Qian Zhang,0
agent should not send `TASK_GONE_BY_OPERATOR` if the framework is not partition aware.,agent,1.0,Major,Bug,2019,9,3,Mesos,Resolved,2019-09-12,MESOS-9965,3,1,0.2,Greg Mann,1
Support destroying UCR containers in provisioning state,containerization,8.0,Major,Improvement,2019,9,2,Mesos,Resolved,2019-09-10,MESOS-9964,1,1,37.6,Qian Zhang,1
New CLI is not included in distribution tarball,"build,cli,release",1.0,Major,Bug,2019,9,2,Mesos,Resolved,2019-09-02,MESOS-9958,0,3,14.84,Benjamin Bannier,0
CSI plugins reporting duplicated volumes will crash the agent.,storage,2.0,Blocker,Bug,2019,8,4,Mesos,Resolved,2019-08-29,MESOS-9956,3,1,0.55,Chun-Hung Hsiao,2
ExampleTest.DiskFullFramework is slow,test,1.0,Major,Bug,2019,8,2,Mesos,Resolved,2019-08-22,MESOS-9952,3,1,0.92,Benjamin Bannier,0
Track allocated/offered in the allocator's role tree.,"allocation,master",5.0,Major,Task,2019,8,2,Mesos,Resolved,2019-08-21,MESOS-9949,2,2,46.9,Andrei Sekretenko,1
master::Slave::hasExecutor occupies 37% of a 150 second perf sample.,master,3.0,Major,Improvement,2019,8,3,Mesos,Resolved,2019-08-21,MESOS-9948,2,1,32.84,Benjamin Bannier,2
Java bindings sporadically fail to build,,3.0,Major,Bug,2019,8,2,Mesos,Resolved,2019-08-21,MESOS-9947,2,0,5.99,Benno Evers,2
Standalone container documentation,documentation,3.0,Major,Documentation,2019,8,2,Mesos,Resolved,2019-08-13,MESOS-9938,1,1,26.89,Joseph Wu,2
53598228fe should be backported to 1.7.x,,1.0,Blocker,Bug,2019,8,5,Mesos,Resolved,2019-08-13,MESOS-9937,1,0,7.51,Greg Mann,1
The agent crashes after the disk du isolator supporting rootfs checks.,containerization,2.0,Blocker,Bug,2019,8,3,Mesos,Resolved,2019-08-12,MESOS-9935,0,1,1.36,James Peach,1
Master does not handle returning unreachable agents as draining/deactivated,master,3.0,Critical,Bug,2019,8,2,Mesos,Resolved,2019-08-12,MESOS-9934,0,1,1.22,Joseph Wu,1
Removal of a role from the suppression list should be equivalent to REVIVE.,"allocation,scheduler api",3.0,Major,Improvement,2019,8,2,Mesos,Resolved,2019-08-09,MESOS-9932,4,2,4.02,Benjamin Mahler,1
DRF sorter may omit clients in sorting after removing an inactive leaf node.,allocation,3.0,Minor,Bug,2019,8,2,Mesos,Resolved,2019-08-08,MESOS-9930,3,1,5.4,Meng Zhu,1
OperationReconciliationTest.FrameworkReconciliationRaceWithUpdateSlaveMessage is severely flaky,,2.0,Major,Bug,2019,8,2,Mesos,Resolved,2019-08-07,MESOS-9928,2,0,21.23,Benno Evers,3
Default executor takes a couple of seconds to start and subscribe Mesos agent,containerization,2.0,Major,Bug,2019,8,3,Mesos,Resolved,2019-08-06,MESOS-9925,1,1,9.79,Qian Zhang,1
MasterQuotaTest.RescindOffersEnforcingLimits is flaky,flaky,1.0,Major,Bug,2019,8,1,Mesos,Resolved,2019-08-02,MESOS-9922,4,1,10.45,Meng Zhu,1
Health check performance decreases on large machines,"agent,containerization",5.0,Major,Task,2019,7,1,Mesos,Resolved,2019-07-31,MESOS-9919,2,2,19.95,Greg Mann,2
Store a role tree in the allocator.,allocation,8.0,Major,Improvement,2019,7,1,Mesos,Resolved,2019-07-31,MESOS-9917,2,1,19.94,Meng Zhu,2
Mesos agent crashes after recovery when there is nested container joins a CNI network,"cni,containerization",2.0,Major,Bug,2019,7,3,Mesos,Resolved,2019-07-28,MESOS-9909,6,2,24.88,Qian Zhang,2
Introduce a new agent flag and support docker volume chown to task user.,containerization,5.0,Major,Improvement,2019,7,2,Mesos,Resolved,2019-07-25,MESOS-9908,3,1,14.02,Gilbert Song,1
Retain agent draining start time in master,master,1.0,Major,Task,2019,7,2,Mesos,Resolved,2019-07-25,MESOS-9907,3,1,6.72,Benjamin Bannier,1
Libprocess tests hangs on arm,libprocess,1.0,Major,Bug,2019,7,2,Mesos,Resolved,2019-07-24,MESOS-9906,2,1,0.91,Tomasz Janiszewski,1
jsonify uses non-standard mapping for protobuf map fields.,json api,3.0,Major,Bug,2019,7,5,Mesos,Resolved,2019-07-23,MESOS-9901,1,1,8.06,Meng Zhu,1
SlaveTest.DrainingAgentRejectLaunch is flaky,,1.0,Major,Bug,2019,7,2,Mesos,Resolved,2019-07-16,MESOS-9895,1,0,1.0,Benjamin Bannier,2
Mesos failed to build due to fatal error C1083 on Windows using MSVC.,build,1.0,Major,Bug,2019,7,1,Mesos,Resolved,2019-07-16,MESOS-9894,1,1,1.54,Joseph Wu,2
`volume/secret` isolator should cleanup the stored secret from runtime directory when the container is destroyed,containerization,3.0,Major,Bug,2019,7,2,Mesos,Resolved,2019-07-16,MESOS-9893,1,1,30.45,Qian Zhang,1
Test various agent state transitions involving agent draining,,5.0,Major,Task,2019,7,3,Mesos,Resolved,2019-07-15,MESOS-9892,0,0,42.03,Joseph Wu,2
/roles and GET_ROLES does not always expose parent roles.,,3.0,Major,Bug,2019,7,2,Mesos,Resolved,2019-07-12,MESOS-9890,4,0,3.17,Benjamin Mahler,1
/roles and GET_ROLES do not expose roles with only static reservations,,3.0,Major,Bug,2019,7,2,Mesos,Resolved,2019-07-11,MESOS-9888,3,0,4.19,Benjamin Mahler,1
Race condition between two terminal task status updates for Docker/Command executor.,"agent,containerization",8.0,Blocker,Bug,2019,7,4,Mesos,Resolved,2019-07-10,MESOS-9887,2,2,46.81,Andrei Budnik,2
RoleTest.RolesEndpointContainsConsumedQuota is flaky.,,1.0,Major,Bug,2019,7,2,Mesos,Resolved,2019-07-10,MESOS-9886,2,0,0.07,Benjamin Mahler,1
Mesos.UpdateFrameworkV0Test.SuppressedRoles is flaky.,flaky,1.0,Major,Bug,2019,7,1,Mesos,Resolved,2019-07-04,MESOS-9882,3,1,4.6,Andrei Sekretenko,1
StorageLocalResourceProviderTest.RetryOperationStatusUpdateAfterRecovery is flaky.,,1.0,Major,Bug,2019,7,2,Mesos,Resolved,2019-07-03,MESOS-9881,2,0,8.92,Chun-Hung Hsiao,2
Enable libprocess users to pass a custom SSL context when using Socket,,5.0,Minor,Improvement,2019,7,2,Mesos,Resolved,2019-07-02,MESOS-9878,1,0,2.83,Benno Evers,1
Mesos did not respond correctly when operations should fail,agent,8.0,Blocker,Bug,2019,7,7,Mesos,Resolved,2019-07-01,MESOS-9875,0,1,54.19,Greg Mann,2
Add environment variable `MESOS_ALLOCATION_ROLE` to the task/container.,containerization,3.0,Major,Task,2019,7,3,Mesos,Resolved,2019-07-01,MESOS-9874,0,1,1.12,Qian Zhang,1
Expose quota consumption in /roles endpoint.,master,3.0,Major,Task,2019,6,2,Mesos,Resolved,2019-06-28,MESOS-9871,4,1,11.26,Benjamin Mahler,1
Simultaneous adding/removal of a role from framework's roles and its suppressed roles crashes the master.,,5.0,Blocker,Bug,2019,6,3,Mesos,Resolved,2019-06-27,MESOS-9870,3,0,6.2,Andrei Sekretenko,1
NetworkInfo from the agent /state endpoint is not correct.,,8.0,Blocker,Bug,2019,6,6,Mesos,Resolved,2019-06-27,MESOS-9868,3,0,40.06,Qian Zhang,1
Add enchanced multi-role capability support to python bindings.,,5.0,Major,Task,2019,6,1,Mesos,Resolved,2019-06-25,MESOS-9864,1,0,33.67,Andrei Sekretenko,2
Agent should fail task launches while draining,,2.0,Major,Task,2019,6,2,Mesos,Resolved,2019-06-25,MESOS-9862,1,0,20.3,Benjamin Bannier,0
Make PushGauges support floating point stats.,metrics,1.0,Major,Bug,2019,6,2,Mesos,Resolved,2019-06-24,MESOS-9861,0,1,35.12,Benjamin Mahler,2
Agent should erase DrainInfo when draining complete,agent,2.0,Major,Task,2019,6,2,Mesos,Resolved,2019-06-24,MESOS-9860,0,1,21.12,Benjamin Bannier,2
REVIVE call with specified role(s) clears filters for all roles of a framework.,allocation,3.0,Major,Bug,2019,6,1,Mesos,Resolved,2019-06-21,MESOS-9856,4,1,0.11,Andrei Sekretenko,1
/roles endpoint should return both guarantees and limits. ,,2.0,Major,Bug,2019,6,1,Mesos,Resolved,2019-06-21,MESOS-9854,4,0,4.9,Meng Zhu,1
Update Docker executor to allow kill policy overrides,,3.0,Major,Task,2019,6,3,Mesos,Resolved,2019-06-19,MESOS-9853,2,0,36.27,Greg Mann,2
Slow memory growth in master due to deferred deletion of offer filters and timers.,"allocation,master",3.0,Critical,Bug,2019,6,13,Mesos,Resolved,2019-06-19,MESOS-9852,2,2,5.16,Benjamin Mahler,1
Add support for per-role REVIVE / SUPPRESS to V0 scheduler driver.,scheduler driver,5.0,Major,Task,2019,6,2,Mesos,Resolved,2019-06-17,MESOS-9849,0,1,43.97,Andrei Sekretenko,1
Docker executor doesn't wait for status updates to be ack'd before shutting down.,executor,5.0,Major,Bug,2019,6,3,Mesos,Resolved,2019-06-13,MESOS-9847,3,1,234.67,Andrei Budnik,1
Update UI for agent draining,webui,3.0,Major,Task,2019,6,3,Mesos,Resolved,2019-06-13,MESOS-9846,3,1,42.05,Benjamin Bannier,2
Add docs for automatic agent draining,documentation,5.0,Major,Task,2019,6,2,Mesos,Resolved,2019-06-13,MESOS-9845,3,1,53.58,Greg Mann,2
Update documentation describing `containerizer/debug` endpoint.,containerization,3.0,Major,Documentation,2019,6,1,Mesos,Resolved,2019-06-12,MESOS-9844,2,1,71.06,Andrei Budnik,1
Implement tests for the `containerizer/debug` endpoint.,containerization,3.0,Major,Task,2019,6,2,Mesos,Resolved,2019-06-12,MESOS-9843,2,1,103.92,Andrei Budnik,1
Implement tests for the `FutureTracker` class and for its helper functions.,containerization,3.0,Major,Task,2019,6,2,Mesos,Resolved,2019-06-12,MESOS-9842,2,1,36.08,Andrei Budnik,1
Integrate `IsolatorTracker` and `LinuxLauncher` with Mesos containerizer.,containerization,3.0,Major,Task,2019,6,3,Mesos,Resolved,2019-06-12,MESOS-9841,2,1,36.08,Andrei Budnik,1
Implement `LauncherTracker` class.,containerization,3.0,Major,Task,2019,6,2,Mesos,Resolved,2019-06-12,MESOS-9840,2,1,36.08,Andrei Budnik,1
Implement `IsolatorTracker` class.,containerization,3.0,Major,Task,2019,6,2,Mesos,Resolved,2019-06-12,MESOS-9839,2,1,36.08,Andrei Budnik,1
Implement `FutureTracker` class along with helper functions.,containerization,5.0,Major,Task,2019,6,2,Mesos,Resolved,2019-06-12,MESOS-9837,2,1,36.23,Andrei Budnik,1
Docker containerizer overwrites `/mesos/slave` cgroups.,containerization,5.0,Critical,Bug,2019,6,11,Mesos,Resolved,2019-06-11,MESOS-9836,1,1,73.19,Qian Zhang,2
`QuotaRoleAllocateNonQuotaResource` is failing.,test,2.0,Major,Bug,2019,6,2,Mesos,Resolved,2019-06-11,MESOS-9835,1,1,0.77,Meng Zhu,1
Introduce an agent flag for the default `/dev/shm` size,containerization,2.0,Major,Improvement,2019,6,3,Mesos,Resolved,2019-06-06,MESOS-9833,3,1,12.78,Qian Zhang,1
Master should not report disconnected resource providers.,master,2.0,Blocker,Bug,2019,6,2,Mesos,Resolved,2019-06-05,MESOS-9831,2,1,0.9,Chun-Hung Hsiao,3
Implement the container debug endpoint on slave/http.cpp,containerization,5.0,Major,Task,2019,6,2,Mesos,Resolved,2019-06-05,MESOS-9829,2,1,42.9,Andrei Budnik,1
Document the IPC namespace and shm on UCR.,containerization,3.0,Major,Task,2019,6,2,Mesos,Resolved,2019-06-05,MESOS-9828,2,1,37.01,Qian Zhang,1
Introduce the configurable shm protobuf API.,containerization,3.0,Major,Task,2019,6,2,Mesos,Resolved,2019-06-05,MESOS-9827,2,1,14.51,Qian Zhang,1
Set up `/dev/shm` in `filesystem/linux` isolator only when `namespaces/ipc` isolator is not enabled,containerization,2.0,Major,Task,2019,6,2,Mesos,Resolved,2019-06-05,MESOS-9826,2,1,36.61,Qian Zhang,1
Introduce an agent flag to disallow sharing the IPC namespace from the host.,containerization,2.0,Major,Task,2019,6,2,Mesos,Resolved,2019-06-05,MESOS-9825,2,1,13.98,Qian Zhang,1
Agent should modify status updates while draining,agent,3.0,Major,Task,2019,6,2,Mesos,Resolved,2019-06-05,MESOS-9823,2,1,40.08,Benjamin Bannier,2
Agent recovery code for task draining,agent,2.0,Major,Task,2019,6,2,Mesos,Resolved,2019-06-05,MESOS-9822,2,1,40.08,Benjamin Bannier,2
Agent kills all tasks when draining,agent,2.0,Major,Task,2019,6,2,Mesos,Resolved,2019-06-05,MESOS-9821,2,1,40.08,Greg Mann,2
Add `updateQuota()` method to the allocator.,allocation,5.0,Major,Improvement,2019,6,3,Mesos,Resolved,2019-06-05,MESOS-9820,2,1,20.75,Meng Zhu,1
Implement minimal agent-side draining handler,agent,2.0,Major,Task,2019,6,3,Mesos,Resolved,2019-06-04,MESOS-9818,1,1,40.87,Greg Mann,2
Add draining state information to master state endpoints,master,3.0,Major,Task,2019,6,2,Mesos,Resolved,2019-06-04,MESOS-9816,1,1,41.96,Greg Mann,2
Implement DrainAgent master/operator call with associated registry actions,master,8.0,Major,Task,2019,6,3,Mesos,Resolved,2019-06-04,MESOS-9814,1,1,41.96,Joseph Wu,2
Add achievability validation for update quota call.,,5.0,Major,Improvement,2019,6,2,Mesos,Resolved,2019-06-04,MESOS-9812,1,0,49.16,Meng Zhu,1
Don't use reverse DNS for hostname validation,,5.0,Major,Bug,2019,6,2,Mesos,Resolved,2019-06-03,MESOS-9811,0,0,31.62,Benno Evers,3
Introduce a `struct Quota` wrapper.,allocation,5.0,Major,Improvement,2019,6,3,Mesos,Resolved,2019-06-03,MESOS-9807,0,1,22.23,Meng Zhu,1
Address allocator performance regression due to the addition of quota limits.,allocation,5.0,Critical,Improvement,2019,6,7,Mesos,Resolved,2019-06-03,MESOS-9806,0,1,81.88,Meng Zhu,1
Memory leak caused by an infinite chain of futures in `UriDiskProfileAdaptor`.,storage,2.0,Blocker,Bug,2019,5,2,Mesos,Resolved,2019-05-30,MESOS-9803,3,1,7.67,Chun-Hung Hsiao,3
Remove quota role sorter in the allocator.,allocation,2.0,Major,Improvement,2019,5,2,Mesos,Resolved,2019-05-29,MESOS-9802,2,1,4.75,Meng Zhu,1
Implement UPDATE_FRAMEWORK call in V0 API for C++/Java,,8.0,Major,Task,2019,5,6,Mesos,Resolved,2019-05-22,MESOS-9793,2,0,41.9,Andrei Sekretenko,2
Configurable IPC namespace and shared memory in `namespaces/ipc` isolator,containerization,8.0,Major,Task,2019,5,4,Mesos,Resolved,2019-05-17,MESOS-9788,4,1,55.95,Qian Zhang,1
Race between two REMOVE_QUOTA calls crashes the master.,,2.0,Critical,Bug,2019,5,2,Mesos,Resolved,2019-05-15,MESOS-9786,2,0,1.06,Meng Zhu,1
Frameworks recovered from reregistered agents are not reported to master `/api/v1` subscribers.,HTTP API,2.0,Critical,Bug,2019,5,2,Mesos,Resolved,2019-05-14,MESOS-9785,1,1,64.1,Chun-Hung Hsiao,0
Centos 6 RPM build is broken on Apache CI,,1.0,Major,Improvement,2019,5,2,Mesos,Resolved,2019-05-14,MESOS-9783,1,0,6.51,Benno Evers,1
Random sorter fails to clear removed clients.,allocation,1.0,Critical,Bug,2019,5,2,Mesos,Resolved,2019-05-13,MESOS-9782,0,1,0.1,Meng Zhu,1
`UPDATE_RESOURCE_PROVIDER_CONFIG` agent call returns 404 ambiguously.,"agent,HTTP API,resource provider",1.0,Major,Bug,2019,5,2,Mesos,Resolved,2019-05-10,MESOS-9779,4,3,10.97,Chun-Hung Hsiao,0
Randomized the agents in the second allocation stage.,allocation,1.0,Major,Improvement,2019,5,1,Mesos,Resolved,2019-05-09,MESOS-9778,3,1,0.01,Meng Zhu,1
Design doc for UCR shared memory.,containerization,8.0,Major,Task,2019,5,1,Mesos,Resolved,2019-05-08,MESOS-9775,2,1,27.19,Qian Zhang,1
Design client side SSL certificate verification in Libprocess.,libprocess,8.0,Major,Task,2019,5,1,Mesos,Resolved,2019-05-08,MESOS-9774,2,1,53.93,Alex R,4
/__processes__ endpoint can hang.,libprocess,3.0,Major,Bug,2019,5,4,Mesos,Resolved,2019-05-03,MESOS-9766,4,1,3.1,Benjamin Mahler,1
Test `ROOT_CreateDestroyPersistentMountVolumeWithReboot` is flaky.,test,1.0,Major,Bug,2019,5,2,Mesos,Resolved,2019-05-03,MESOS-9765,4,1,6.38,Chun-Hung Hsiao,1
Log required quota headroom and available quota headroom in the allocator.,allocation,2.0,Major,Improvement,2019,5,2,Mesos,Resolved,2019-05-01,MESOS-9759,2,1,12.83,Meng Zhu,1
Take ports out of the GET_ROLES endpoints.,,3.0,Major,Improvement,2019,5,3,Mesos,Resolved,2019-05-01,MESOS-9758,2,0,115.14,Benjamin Mahler,1
Design doc for container debug endpoint.,containerization,8.0,Major,Task,2019,5,1,Mesos,Resolved,2019-05-01,MESOS-9757,2,1,42.83,Andrei Budnik,1
Design doc for agent draining,,8.0,Major,Task,2019,5,0,Mesos,Resolved,2019-05-01,MESOS-9754,2,0,39.7,Greg Mann,2
Agent Draining,,13.0,Major,Epic,2019,5,0,Mesos,Resolved,2019-05-01,MESOS-9753,2,0,589.1,Greg Mann,2
Agent V1 GET_STATE response may report a complete executor's tasks as non-terminal after a graceful agent shutdown,"agent,executor",2.0,Major,Bug,2019,5,5,Mesos,Resolved,2019-05-01,MESOS-9750,2,2,24.05,Joseph Wu,1
Invalid protobuf unions in ExecutorInfo::ContainerInfo will prevent agents from reregistering with 1.8+ masters,,3.0,Blocker,Bug,2019,4,4,Mesos,Resolved,2019-04-24,MESOS-9740,2,0,2.46,Benno Evers,2
Random sorter generates non-uniform result for hierarchical roles.,allocation,3.0,Major,Bug,2019,4,2,Mesos,Resolved,2019-04-17,MESOS-9733,2,1,8.14,Meng Zhu,2
Unpublishing a volume that is failed to publish crashes the agent with CSI v1.,,1.0,Critical,Bug,2019,4,2,Mesos,Resolved,2019-04-12,MESOS-9729,4,0,0.06,Chun-Hung Hsiao,3
Heartbeat calls from executor to agent are reported as errors,"agent,executor",1.0,Minor,Bug,2019,4,2,Mesos,Resolved,2019-04-11,MESOS-9727,3,2,0.03,Joseph Wu,1
Flatten the weighted shuffling in the random sorter.,,1.0,Major,Improvement,2019,4,2,Mesos,Resolved,2019-04-10,MESOS-9724,2,0,15.18,Meng Zhu,2
Apply in place permutation to avoid copying when doing random shuffling.,,3.0,Major,Improvement,2019,4,1,Mesos,Resolved,2019-04-10,MESOS-9723,2,0,6.13,Meng Zhu,2
Test `AgentFailoverHTTPExecutorUsingResourceProviderResources` is flaky.,,2.0,Critical,Bug,2019,4,2,Mesos,Resolved,2019-04-10,MESOS-9719,2,0,0.23,Chun-Hung Hsiao,0
Support specifying output file name for curl fetcher plugin,,3.0,Major,Task,2019,4,2,Mesos,Resolved,2019-04-10,MESOS-9715,2,0,1.99,Qian Zhang,0
StorageLocalResourceProviderTest.CsiPluginRpcMetrics is flaky.,storage,3.0,Critical,Bug,2019,4,3,Mesos,Resolved,2019-04-09,MESOS-9712,1,1,2.06,Benjamin Bannier,1
Avoid shutting down executors registering before a required resource provider.,agent,1.0,Blocker,Bug,2019,4,4,Mesos,Resolved,2019-04-09,MESOS-9711,1,1,2.22,Chun-Hung Hsiao,4
Add tests to ensure random sorter performs correct weighted sorting.,allocation,3.0,Major,Task,2019,4,5,Mesos,Resolved,2019-04-08,MESOS-9710,0,1,22.17,Benjamin Mahler,0
Release Mesos 1.8.0.,,5.0,Major,Task,2019,4,0,Mesos,Resolved,2019-04-08,MESOS-9708,0,0,25.03,Benno Evers,2
Support docker manifest v2s2 config GC.,containerization,3.0,Blocker,Improvement,2019,4,1,Mesos,Resolved,2019-04-05,MESOS-9704,4,1,11.55,Gilbert Song,1
Allocator's roles map should track reservations.,allocation,3.0,Major,Improvement,2019,4,2,Mesos,Resolved,2019-04-04,MESOS-9701,3,1,47.75,Andrei Sekretenko,1
Pull in glog 0.4.0,,3.0,Major,Task,2019,4,1,Mesos,Resolved,2019-04-04,MESOS-9699,3,0,6.9,Andrei Sekretenko,2
DroppedOperationStatusUpdate test is flaky,,5.0,Major,Bug,2019,4,3,Mesos,Resolved,2019-04-04,MESOS-9698,3,0,33.3,Greg Mann,4
Release RPMs are not uploaded to bintray,build,3.0,Critical,Bug,2019,4,6,Mesos,Resolved,2019-04-03,MESOS-9697,2,1,202.16,Benno Evers,5
Test MasterQuotaTest.AvailableResourcesSingleDisconnectedAgent is flaky,test,1.0,Major,Bug,2019,4,2,Mesos,Resolved,2019-04-03,MESOS-9696,2,1,0.44,Benjamin Mahler,3
Remove the duplicate pid check in Docker containerizer,containerization,2.0,Major,Improvement,2019,4,2,Mesos,Resolved,2019-04-02,MESOS-9695,1,1,28.24,Qian Zhang,1
Refactor UCR docker store to construct 'Image' protobuf at Puller.,containerization,3.0,Major,Task,2019,4,2,Mesos,Resolved,2019-04-02,MESOS-9694,1,1,3.19,Gilbert Song,1
Add master validation for SeccompInfo.,containerization,3.0,Major,Task,2019,3,3,Mesos,Resolved,2019-03-29,MESOS-9693,4,1,10.68,Andrei Budnik,0
Quota may be under allocated for disk resources.,allocation,2.0,Major,Bug,2019,3,2,Mesos,Resolved,2019-03-29,MESOS-9692,4,1,0.14,Meng Zhu,2
Quota headroom calculation is off when subroles are involved.,allocation,3.0,Critical,Bug,2019,3,5,Mesos,Resolved,2019-03-28,MESOS-9691,3,1,7.86,Benjamin Mahler,1
Quota is not enforced properly when subroles have reservations.,allocation,3.0,Critical,Bug,2019,3,5,Mesos,Resolved,2019-03-28,MESOS-9688,3,1,7.88,Benjamin Mahler,1
Add the glog patch to pass microseconds via the LogSink interface.,,3.0,Major,Task,2019,3,3,Mesos,Resolved,2019-03-28,MESOS-9687,3,0,0.79,Andrei Sekretenko,0
Backport docker manifest v2s2 support to 1.4.x,,3.0,Major,Task,2019,3,1,Mesos,Resolved,2019-03-27,MESOS-9685,2,0,18.63,Qian Zhang,1
Backport docker manifest v2s2 support to 1.5.x,,5.0,Major,Task,2019,3,1,Mesos,Resolved,2019-03-27,MESOS-9684,2,0,18.63,Qian Zhang,1
Backport docker manifest v2s2 support to 1.6.x,,3.0,Major,Task,2019,3,1,Mesos,Resolved,2019-03-27,MESOS-9683,2,0,18.63,Qian Zhang,1
Backport docker manifest v2s2 support to 1.7.x.,,5.0,Major,Task,2019,3,1,Mesos,Resolved,2019-03-27,MESOS-9682,2,0,18.63,Qian Zhang,1
RPM packages should be built with launcher sealing,build,3.0,Major,Task,2019,3,4,Mesos,Resolved,2019-03-25,MESOS-9677,0,1,50.06,Benno Evers,4
Add prettyjws support for docker v2 s1 manifest.,containerization,2.0,Major,Task,2019,3,2,Mesos,Resolved,2019-03-24,MESOS-9676,6,1,12.06,Gilbert Song,1
Docker containerizer should ignore pids of executors that do not pass the connection check.,containerization,2.0,Critical,Bug,2019,3,4,Mesos,Resolved,2019-03-22,MESOS-9672,4,1,39.18,Qian Zhang,1
Deprecate v0 quota calls.,,1.0,Major,Improvement,2019,3,3,Mesos,Resolved,2019-03-21,MESOS-9669,3,0,150.72,Benjamin Mahler,2
Add authorization support for the new `GET_QUOTA` call.,,2.0,Major,Improvement,2019,3,2,Mesos,Resolved,2019-03-21,MESOS-9668,3,0,123.97,Meng Zhu,2
Check failure when executor for task using resource provider resources subscribes before agent is registered,agent,3.0,Blocker,Bug,2019,3,10,Mesos,Resolved,2019-03-21,MESOS-9667,3,1,19.13,Benjamin Bannier,3
Agent crashes when SLRP recovers dropped operations.,storage,1.0,Blocker,Bug,2019,3,2,Mesos,Resolved,2019-03-18,MESOS-9661,0,1,0.11,Chun-Hung Hsiao,3
Improving SLRP tests for preprovisioned volumes.,storage,2.0,Major,Improvement,2019,3,3,Mesos,Resolved,2019-03-15,MESOS-9655,4,1,14.84,Chun-Hung Hsiao,2
Design for docker registry v2 schema2 basic support.,containerization,8.0,Major,Task,2019,3,1,Mesos,Resolved,2019-03-13,MESOS-9651,2,1,14.16,Qian Zhang,1
Make operation reconciliation send asynchronous updates,,8.0,Major,Task,2019,3,2,Mesos,Resolved,2019-03-11,MESOS-9648,0,0,9.06,Greg Mann,2
Make setting volume ownership asynchronous in volume gid manager,,3.0,Major,Improvement,2019,3,2,Mesos,Resolved,2019-03-11,MESOS-9643,0,0,2.0,Qian Zhang,1
Add authorization support for `UPDATE_QUOTA` call.,,3.0,Major,Improvement,2019,3,2,Mesos,Resolved,2019-03-07,MESOS-9640,3,0,89.07,Meng Zhu,2
Make CSI plugin RPC metrics agnostic to CSI versions.,storage,1.0,Critical,Task,2019,3,2,Mesos,Resolved,2019-03-07,MESOS-9639,3,1,27.13,Chun-Hung Hsiao,2
Impossible to CREATE a volume on resource provider resources over the operator API,"HTTP API,master",1.0,Critical,Bug,2019,3,2,Mesos,Resolved,2019-03-07,MESOS-9637,3,2,0.56,Benjamin Bannier,0
OperationReconciliationTest.AgentPendingOperationAfterMasterFailover is flaky again (3x) due to orphan operations,,3.0,Blocker,Bug,2019,3,4,Mesos,Resolved,2019-03-06,MESOS-9635,2,0,29.02,Greg Mann,2
Refactor SLRP with a CSI service manager.,storage,5.0,Critical,Task,2019,3,4,Mesos,Resolved,2019-03-04,MESOS-9632,0,1,35.88,Chun-Hung Hsiao,2
Test CSI v1 in SLRP unit tests.,"storage,test",3.0,Major,Task,2019,3,3,Mesos,Resolved,2019-03-01,MESOS-9627,4,2,62.13,Chun-Hung Hsiao,3
Make SLRP pick the appropriate CSI versions for plugins.,storage,3.0,Critical,Task,2019,3,2,Mesos,Resolved,2019-03-01,MESOS-9626,4,1,39.04,Chun-Hung Hsiao,2
Make `DiskProfileAdaptor` agnostic to CSI spec version.,storage,3.0,Critical,Task,2019,3,4,Mesos,Resolved,2019-03-01,MESOS-9625,4,1,38.45,Chun-Hung Hsiao,2
Bundle CSI spec v1.0 in Mesos.,storage,3.0,Critical,Task,2019,3,5,Mesos,Resolved,2019-03-01,MESOS-9624,4,1,40.32,Chun-Hung Hsiao,2
Implement CSI volume manager with CSI v1.,storage,3.0,Critical,Task,2019,3,5,Mesos,Resolved,2019-03-01,MESOS-9623,4,1,38.45,Chun-Hung Hsiao,2
Refactor SLRP with a CSI volume manager.,storage,5.0,Critical,Task,2019,3,4,Mesos,Resolved,2019-03-01,MESOS-9622,4,1,33.16,Chun-Hung Hsiao,2
Mesos failed to build due to error LNK2019 on Windows using MSVC.,build,1.0,Major,Bug,2019,3,2,Mesos,Resolved,2019-03-01,MESOS-9621,4,1,1.68,Qian Zhang,2
Add metrics for volume gid manager,,3.0,Major,Task,2019,3,2,Mesos,Resolved,2019-03-01,MESOS-9620,4,0,6.71,Qian Zhang,1
Mesos Master Crashes with Launch Group when using Port Resources,allocation,3.0,Critical,Bug,2019,3,14,Mesos,Resolved,2019-03-01,MESOS-9619,4,1,56.67,Greg Mann,3
Display quota consumption in the webui.,webui,3.0,Major,Improvement,2019,2,2,Mesos,Resolved,2019-02-28,MESOS-9618,3,1,132.04,Benjamin Mahler,1
`Filters.refuse_seconds` declines resources not in offers.,allocation,2.0,Major,Bug,2019,2,3,Mesos,Resolved,2019-02-27,MESOS-9616,2,1,62.92,Chun-Hung Hsiao,4
Example framework for feedback on agent default resources,,5.0,Major,Task,2019,2,2,Mesos,Resolved,2019-02-27,MESOS-9615,2,0,29.81,Benno Evers,2
Support seccomp `unconfined` option for whitelisting.,containerization,3.0,Major,Improvement,2019,2,2,Mesos,Resolved,2019-02-26,MESOS-9613,1,1,7.05,Andrei Budnik,1
Resource provider manager assumes all operations are triggered by frameworks,agent,5.0,Blocker,Bug,2019,2,2,Mesos,Resolved,2019-02-26,MESOS-9612,1,1,28.82,Jan Schlicht,3
Fetcher vulnerability - escaping from sandbox,fetcher,3.0,Blocker,Bug,2019,2,6,Mesos,Resolved,2019-02-26,MESOS-9610,1,1,9.86,Joseph Wu,4
Master check failure when marking agent unreachable.,,3.0,Critical,Bug,2019,2,11,Mesos,Resolved,2019-02-25,MESOS-9609,0,0,562.77,Benjamin Mahler,2
Refactor and Improve `class ResourceQuantity`.,,5.0,Major,Improvement,2019,2,3,Mesos,Resolved,2019-02-25,MESOS-9608,0,0,20.96,Meng Zhu,1
Removing a resource provider with consumers breaks resource publishing.,"agent,resource provider",2.0,Major,Bug,2019,2,4,Mesos,Resolved,2019-02-25,MESOS-9607,0,2,7.51,Chun-Hung Hsiao,1
mesos/mesos-centos nightly docker image has to include the SHA of the build.,build,2.0,Minor,Bug,2019,2,6,Mesos,Resolved,2019-02-23,MESOS-9605,5,1,11.61,Till Toenshoff,3
Clean up `QuotaRequest` and `QuotaInfo`.,,2.0,Major,Task,2019,2,2,Mesos,Resolved,2019-02-22,MESOS-9604,4,0,31.2,Meng Zhu,1
Add quota limits metrics.,,3.0,Major,Task,2019,2,2,Mesos,Resolved,2019-02-22,MESOS-9603,4,0,157.94,Benjamin Mahler,1
Provide backward compatibility for old quota configurations.,,2.0,Major,Task,2019,2,1,Mesos,Resolved,2019-02-22,MESOS-9602,4,0,122.63,Meng Zhu,1
Persist `QuotaConfig`s in the registry.,,5.0,Major,Task,2019,2,2,Mesos,Resolved,2019-02-22,MESOS-9601,4,0,129.77,Meng Zhu,1
Deprecate `SET_QUOTA` and `REMOVE_QUOTA` calls in favor of `UPDATE_QUOTA`.,,1.0,Major,Task,2019,2,1,Mesos,Resolved,2019-02-22,MESOS-9600,4,0,164.79,Meng Zhu,1
Update `GET_QUOTA` to return both guarantees and limits. ,,3.0,Major,Task,2019,2,3,Mesos,Resolved,2019-02-22,MESOS-9599,4,0,159.05,Meng Zhu,1
Update GET `/quota` to return both guarantees and limits.,,1.0,Major,Task,2019,2,2,Mesos,Resolved,2019-02-22,MESOS-9598,4,0,159.05,Meng Zhu,1
"Status update streams for operations affecting agent default resources should be stored under ""meta/slaves/<slave_id>/operations/""",,2.0,Major,Bug,2019,2,2,Mesos,Resolved,2019-02-22,MESOS-9597,4,0,4.93,Gastón Kleiman,2
Add a new `UPDATE_QUOTA` operator call.,,5.0,Major,Task,2019,2,2,Mesos,Resolved,2019-02-22,MESOS-9596,4,0,24.81,Meng Zhu,1
Test `StorageLocalResourceProviderTest.RetryRpcWithExponentialBackoff` is flaky.,"storage,test",3.0,Major,Bug,2019,2,3,Mesos,Resolved,2019-02-21,MESOS-9594,3,2,75.26,Jan Schlicht,3
"Mesos CI sometimes, incorrectly, overwrites already-pushed mesos master nightly images with new images built from non-master branches.",,1.0,Major,Bug,2019,2,1,Mesos,Resolved,2019-02-20,MESOS-9590,2,0,0.07,Jie Yu,1
Reviewbot jenkins jobs stops validating any reviews as soon as it sees a patch which does not apply,reviewbot,2.0,Blocker,Bug,2019,2,3,Mesos,Resolved,2019-02-17,MESOS-9582,6,1,2.4,Benjamin Bannier,2
Mesos package naming appears to be undeterministic.,build,1.0,Major,Bug,2019,2,3,Mesos,Resolved,2019-02-16,MESOS-9581,5,1,12.72,Till Toenshoff,4
Document per framework minimal allocatable resources in framework development guides,documentation,1.0,Blocker,Task,2019,2,3,Mesos,Resolved,2019-02-15,MESOS-9578,4,1,11.27,Benjamin Mahler,1
Operation status update streams are not properly garbage collected.,agent,2.0,Major,Bug,2019,2,2,Mesos,Resolved,2019-02-13,MESOS-9574,2,1,13.06,Gastón Kleiman,2
Agent should not try to recover operation status update streams that haven't been created yet.,agent,2.0,Major,Bug,2019,2,2,Mesos,Resolved,2019-02-13,MESOS-9573,2,1,13.06,Gastón Kleiman,2
Release Mesos 1.7.2,release,3.0,Major,Task,2019,2,1,Mesos,Resolved,2019-02-13,MESOS-9572,2,1,13.16,Gastón Kleiman,2
Release Mesos 1.6.2,release,3.0,Major,Task,2019,2,1,Mesos,Resolved,2019-02-13,MESOS-9571,2,1,13.12,Greg Mann,2
Manual testing of agent operation checkpointing/recovery,,5.0,Major,Task,2019,2,0,Mesos,Resolved,2019-02-13,MESOS-9570,2,0,13.25,Gastón Kleiman,2
SLRP does not clean up mount directories for destroyed MOUNT disks.,storage,2.0,Major,Bug,2019,2,2,Mesos,Resolved,2019-02-13,MESOS-9568,2,1,20.76,Chun-Hung Hsiao,3
Unit tests for creating and destroying persistent volumes in SLRP.,test,5.0,Major,Task,2019,2,5,Mesos,Resolved,2019-02-12,MESOS-9565,1,1,79.71,Chun-Hung Hsiao,2
Logrotate container logger lets tasks execute arbitrary commands in the Mesos agent's namespace,"agent,modules",5.0,Critical,Bug,2019,2,4,Mesos,Resolved,2019-02-12,MESOS-9564,1,2,11.0,Andrei Budnik,2
ContentType/AgentAPITest.MarkResourceProviderGone/1 is flaky,test,5.0,Critical,Bug,2019,2,7,Mesos,Resolved,2019-02-07,MESOS-9560,3,1,187.31,Benjamin Bannier,5
OPERATION_UNREACHABLE and OPERATION_GONE_BY_OPERATOR updates don't include the agent/RP IDs,master,2.0,Major,Bug,2019,2,2,Mesos,Resolved,2019-02-06,MESOS-9559,2,1,5.33,Gastón Kleiman,3
Operations are leaked in Framework struct when agents are removed,master,2.0,Major,Bug,2019,2,2,Mesos,Resolved,2019-02-06,MESOS-9557,2,1,7.19,Joseph Wu,2
Allocator CHECK failure: reservationScalarQuantities.contains(role).,"allocation,master",3.0,Critical,Bug,2019,2,18,Mesos,Resolved,2019-02-05,MESOS-9555,1,2,9.73,Benjamin Mahler,0
Allocator might skip allocations because a single framework is incapable of receiving certain resources.,allocation,5.0,Major,Bug,2019,2,3,Mesos,Resolved,2019-02-05,MESOS-9554,1,1,7.13,Benjamin Mahler,0
nvidia/cuda 10 does not work on GPU isolator.,,3.0,Critical,Bug,2019,2,4,Mesos,Resolved,2019-02-01,MESOS-9549,4,0,24.29,Chun-Hung Hsiao,1
Marking an unreachable agent as gone should transition the tasks to terminal state,,3.0,Major,Improvement,2019,1,5,Mesos,Resolved,2019-01-31,MESOS-9545,3,0,82.29,Greg Mann,1
SLRP does not clean up destroyed persistent volumes.,storage,5.0,Blocker,Bug,2019,1,6,Mesos,Resolved,2019-01-31,MESOS-9544,3,1,13.06,Chun-Hung Hsiao,3
Hierarchical allocator check failure when an operation on a shutdown framework finishes,master,5.0,Blocker,Bug,2019,1,3,Mesos,Resolved,2019-01-29,MESOS-9542,1,1,28.32,Joseph Wu,4
Support `DESTROY_DISK` on preprovisioned CSI volumes.,storage,2.0,Blocker,Improvement,2019,1,4,Mesos,Resolved,2019-01-28,MESOS-9540,0,1,60.15,Chun-Hung Hsiao,3
Agent `ReconcileOperations` handler should handle operation affecting default resources,agent,3.0,Major,Task,2019,1,3,Mesos,Resolved,2019-01-25,MESOS-9538,4,1,17.31,Greg Mann,4
SLRP sends inconsistent status updates for dropped operations.,storage,3.0,Blocker,Bug,2019,1,2,Mesos,Resolved,2019-01-25,MESOS-9537,4,1,18.31,Chun-Hung Hsiao,3
Master should clean up operations from downgraded agents,,3.0,Major,Task,2019,1,2,Mesos,Resolved,2019-01-23,MESOS-9535,2,0,27.1,Greg Mann,2
CniIsolatorTest.ROOT_CleanupAfterReboot is flaky.,"cni,containerization",2.0,Major,Bug,2019,1,4,Mesos,Resolved,2019-01-23,MESOS-9533,2,2,21.69,Gilbert Song,2
ResourceOffersTest.ResourceOfferWithMultipleSlaves is flaky.,containerization,2.0,Major,Bug,2019,1,1,Mesos,Resolved,2019-01-22,MESOS-9532,1,1,0.03,Gilbert Song,2
Agent capability for operation feedback on default resources,agent,3.0,Major,Task,2019,1,2,Mesos,Resolved,2019-01-16,MESOS-9525,2,1,13.91,Greg Mann,2
Add per-framework allocatable resources matcher/filter.,allocation,5.0,Major,Improvement,2019,1,5,Mesos,Resolved,2019-01-15,MESOS-9523,1,1,30.87,Benjamin Bannier,2
Unable to build Mesos with CMake on Ubuntu 14.04.,build,2.0,Major,Bug,2019,1,2,Mesos,Resolved,2019-01-10,MESOS-9519,3,1,5.03,Chun-Hung Hsiao,0
"SLRP should treat gRPC timeouts as non-terminal errors, instead of reporting OPERATION_FAILED.","resource provider,storage",8.0,Critical,Bug,2019,1,3,Mesos,Resolved,2019-01-09,MESOS-9517,2,2,20.19,Chun-Hung Hsiao,3
Reviewboard bot fails on verify-reviews.py.,build,2.0,Major,Bug,2019,1,2,Mesos,Resolved,2019-01-08,MESOS-9514,1,1,35.63,Armand Grillet,1
Investigate command health check performance,agent,5.0,Major,Task,2019,1,2,Mesos,Resolved,2019-01-08,MESOS-9513,1,1,119.48,Gastón Kleiman,5
"Disallowed nan, inf and so on in `Value::Scalar`.",,1.0,Major,Improvement,2019,1,1,Mesos,Resolved,2019-01-07,MESOS-9510,0,0,1.95,Meng Zhu,0
Benchmark command health checks in default executor,executor,5.0,Major,Task,2019,1,2,Mesos,Resolved,2019-01-03,MESOS-9509,3,1,152.97,Joseph Wu,4
Official 1.7.0 tarball can't be built on Ubuntu 16.04 LTS.,build,2.0,Blocker,Bug,2019,1,4,Mesos,Resolved,2019-01-03,MESOS-9508,3,1,4.64,Chun-Hung Hsiao,0
Agent could not recover due to empty docker volume checkpointed files.,containerization,5.0,Critical,Bug,2019,1,5,Mesos,Resolved,2019-01-02,MESOS-9507,2,1,49.14,Qian Zhang,1
`make check` failed with linking errors when c-ares is installed.,,2.0,Major,Bug,2019,1,3,Mesos,Resolved,2019-01-02,MESOS-9505,2,0,8.69,Chun-Hung Hsiao,0
Use ResourceQuantities in the allocator and sorter to improve performance.,allocation,3.0,Major,Improvement,2018,12,2,Mesos,Resolved,2018-12-31,MESOS-9504,0,1,91.04,Meng Zhu,1
IOswitchboard cleanup could get stuck due to FD leak from a race.,containerization,8.0,Critical,Bug,2018,12,3,Mesos,Resolved,2018-12-28,MESOS-9502,4,1,12.56,Andrei Budnik,1
Mesos executor fails to terminate and gets stuck after agent host reboot.,containerization,5.0,Critical,Bug,2018,12,4,Mesos,Resolved,2018-12-27,MESOS-9501,3,1,15.82,Qian Zhang,0
Parallel reads for expensive master v1 read-only calls.,"HTTP API,master",5.0,Major,Improvement,2018,12,4,Mesos,Resolved,2018-12-21,MESOS-9497,4,2,402.73,Benjamin Mahler,2
Test `MasterTest.CreateVolumesV1AuthorizationFailure` is flaky.,test,1.0,Major,Bug,2018,12,3,Mesos,Resolved,2018-12-20,MESOS-9495,3,1,20.06,Benjamin Mahler,2
Set up `object.value` for `CREATE_DISK` and `DESTROY_DISK` authorizations.,master,1.0,Major,Improvement,2018,12,2,Mesos,Resolved,2018-12-18,MESOS-9486,1,1,0.73,Chun-Hung Hsiao,0
Unit test for master operation authorization.,test,5.0,Major,Task,2018,12,2,Mesos,Resolved,2018-12-18,MESOS-9485,1,1,154.93,Chun-Hung Hsiao,0
Master may skip processing authorization results for `LAUNCH_GROUP`.,master,2.0,Blocker,Bug,2018,12,4,Mesos,Resolved,2018-12-14,MESOS-9480,4,1,6.21,Chun-Hung Hsiao,1
SLRP does not set RP ID in produced OperationStatus.,,1.0,Major,Bug,2018,12,3,Mesos,Resolved,2018-12-14,MESOS-9479,4,0,4.05,Benjamin Bannier,1
Documentation for operation feedback,documentation,5.0,Major,Task,2018,12,1,Mesos,Resolved,2018-12-13,MESOS-9477,3,1,54.2,Greg Mann,3
Master does not respect authorization result for `CREATE_DISK` and `DESTROY_DISK`.,master,3.0,Blocker,Bug,2018,12,3,Mesos,Resolved,2018-12-12,MESOS-9474,2,1,6.14,Chun-Hung Hsiao,2
Add end to end tests for operations on agent default resources.,master,8.0,Major,Task,2018,12,2,Mesos,Resolved,2018-12-11,MESOS-9473,1,1,63.19,Gastón Kleiman,3
Unblock operation feedback on agent default resources.,master,3.0,Major,Task,2018,12,2,Mesos,Resolved,2018-12-11,MESOS-9472,1,1,49.74,Benno Evers,3
Master should track operations on agent default resources.,master,3.0,Major,Task,2018,12,2,Mesos,Resolved,2018-12-11,MESOS-9471,1,1,49.75,Greg Mann,3
Mesos does not validate framework-supplied FrameworkIDs,master,1.0,Major,Bug,2018,12,2,Mesos,Resolved,2018-12-11,MESOS-9469,1,1,8.92,Benjamin Bannier,0
Devices in a container are inaccessible due to `nodev` on `/var/run`.,containerization,3.0,Blocker,Bug,2018,12,5,Mesos,Resolved,2018-12-07,MESOS-9462,4,1,3.54,Andrei Budnik,2
Completed framework update streams may retry forever,"agent,resource provider",2.0,Major,Bug,2018,12,5,Mesos,Resolved,2018-12-01,MESOS-9434,5,2,67.22,Benjamin Bannier,1
Revisit quota documentation.,"allocation,documentation",5.0,Major,Documentation,2018,11,2,Mesos,Resolved,2018-11-29,MESOS-9427,3,2,256.83,Benjamin Mahler,2
Executor to framework message crashes master if framework has not re-registered.,master,3.0,Blocker,Bug,2018,11,6,Mesos,Resolved,2018-11-26,MESOS-9419,0,1,2.01,Chun-Hung Hsiao,0
Validation of JWT tokens using HS256 hashing algorithm is not thread safe.,libprocess,5.0,Major,Bug,2018,11,2,Mesos,Resolved,2018-11-21,MESOS-9411,2,1,10.03,Alexander Rojas,3
Implement Seccomp isolator tests,containerization,3.0,Major,Task,2018,11,2,Mesos,Resolved,2018-11-20,MESOS-9409,1,1,68.62,Andrei Budnik,2
Allow for optionally unbundled leveldb from CMake builds.,"build,cmake",2.0,Minor,Improvement,2018,11,3,Mesos,Resolved,2018-11-20,MESOS-9406,1,2,5.78,Till Toenshoff,2
Update 'mesos task list' to only list running tasks,cli,2.0,Major,Task,2018,11,6,Mesos,Resolved,2018-11-19,MESOS-9399,0,1,7.12,Armand Grillet,0
Use the built CLI binary when running new CLI integration tests in CI,,3.0,Major,Task,2018,11,3,Mesos,Resolved,2018-11-16,MESOS-9396,4,0,3.15,Armand Grillet,2
Check failure on `StorageLocalResourceProviderProcess::applyCreateDisk`.,storage,5.0,Minor,Bug,2018,11,2,Mesos,Resolved,2018-11-16,MESOS-9395,4,1,202.29,Chun-Hung Hsiao,3
Implement tests for Seccomp parser,containerization,3.0,Major,Task,2018,11,2,Mesos,Resolved,2018-11-15,MESOS-9392,3,1,73.69,Andrei Budnik,2
Implement Seccomp profile inheritance for POD containers,containerization,5.0,Major,Task,2018,11,1,Mesos,Resolved,2018-11-14,MESOS-9386,2,1,74.88,Andrei Budnik,1
Resource providers reported by master should reflect connected resource providers,"agent,master",5.0,Major,Improvement,2018,11,2,Mesos,Resolved,2018-11-13,MESOS-9384,1,2,58.96,Benjamin Bannier,1
Unable to build new Mesos CLI with PyInstaller and Python 3.7.,,1.0,Major,Bug,2018,11,2,Mesos,Resolved,2018-11-05,MESOS-9370,0,0,14.04,Armand Grillet,0
Test `HealthCheckTest.HealthyTaskNonShell` can hang.,test,3.0,Major,Bug,2018,11,3,Mesos,Resolved,2018-11-01,MESOS-9366,3,1,0.59,Chun-Hung Hsiao,0
Test `CgroupsIsolatorTest.ROOT_CGROUPS_CreateRecursively` is flaky.,,3.0,Major,Bug,2018,10,2,Mesos,Resolved,2018-10-29,MESOS-9362,0,0,1.83,Andrei Budnik,1
Test `SlaveRecoveryTest.AgentReconfigurationWithRunningTask` is flaky.,,2.0,Major,Bug,2018,10,1,Mesos,Resolved,2018-10-26,MESOS-9358,4,0,18.9,Benno Evers,1
FetcherTest.DuplicateFileURI fails on macos,test,1.0,Major,Bug,2018,10,2,Mesos,Resolved,2018-10-25,MESOS-9357,3,1,4.91,Joseph Wu,2
Make agent atomically checkpoint operations and resources,,5.0,Major,Task,2018,10,2,Mesos,Resolved,2018-10-25,MESOS-9356,3,0,96.97,Gastón Kleiman,4
Data in persistent volume deleted accidentally when using Docker container and Persistent volume,"agent,containerization,docker",5.0,Critical,Bug,2018,10,10,Mesos,Resolved,2018-10-24,MESOS-9352,2,3,1001.68,Joseph Wu,4
CLI build step is broken with CMake due to missing file.,,1.0,Major,Bug,2018,10,1,Mesos,Resolved,2018-10-24,MESOS-9350,2,0,7.57,Armand Grillet,0
Add test(s) for `mesos task attach` on task launched with a TTY ,cli,3.0,Major,Task,2018,10,3,Mesos,Resolved,2018-10-22,MESOS-9343,0,1,164.26,Armand Grillet,0
Add interactive test(s) for `mesos task exec`,cli,3.0,Major,Task,2018,10,1,Mesos,Resolved,2018-10-22,MESOS-9342,0,1,35.25,Armand Grillet,0
Add non-interactive test(s) for `mesos task exec`,cli,3.0,Major,Task,2018,10,5,Mesos,Resolved,2018-10-22,MESOS-9341,0,1,35.25,Armand Grillet,0
Container stuck at ISOLATING state due to libevent poll never returns.,containerization,5.0,Critical,Bug,2018,10,5,Mesos,Resolved,2018-10-19,MESOS-9334,4,1,11.54,Qian Zhang,0
Document usage and build of new Mesos CLI,cli,3.0,Major,Task,2018,10,3,Mesos,Resolved,2018-10-18,MESOS-9333,3,1,34.94,Armand Grillet,0
Nested container should run as the same user of its parent container by default.,containerization,3.0,Major,Bug,2018,10,11,Mesos,Resolved,2018-10-18,MESOS-9332,3,1,21.23,Qian Zhang,2
Some library functions ignore failures from ::close which should probably be handled.,stout,1.0,Major,Bug,2018,10,2,Mesos,Resolved,2018-10-17,MESOS-9331,2,1,102.77,Benjamin Bannier,0
Optimize `Resources::filter` operation.,,1.0,Major,Improvement,2018,10,2,Mesos,Resolved,2018-10-16,MESOS-9325,1,0,3.02,Meng Zhu,2
Resource fragmentation: frameworks may be starved of port resources in the presence of large number roles with quota.,allocation,3.0,Major,Bug,2018,10,1,Mesos,Resolved,2018-10-16,MESOS-9324,1,1,84.2,Meng Zhu,1
Add an optional `vendor` field in `Resource.DiskInfo.Source`.,"resource provider,storage",5.0,Critical,Improvement,2018,10,3,Mesos,Resolved,2018-10-16,MESOS-9321,1,2,58.89,Chun-Hung Hsiao,2
UCR container launch stuck at PROVISIONING during image fetching.,containerization,5.0,Major,Bug,2018,10,2,Mesos,Resolved,2018-10-16,MESOS-9320,1,1,15.81,Gilbert Song,1
Consider providing better operation status updates while an RP is recovering,,5.0,Major,Task,2018,10,4,Mesos,Resolved,2018-10-15,MESOS-9318,0,0,162.0,Greg Mann,3
Some master endpoints do not handle failed authorization properly.,master,5.0,Blocker,Bug,2018,10,5,Mesos,Resolved,2018-10-15,MESOS-9317,0,1,36.26,Till Toenshoff,5
Adding support for implicit allocation of mandatory custom resources in Mesos,,5.0,Minor,Improvement,2018,10,2,Mesos,Resolved,2018-10-15,MESOS-9315,0,0,120.47,Clément Michaud,1
Consider introducing a ScalarResourceQuantity protobuf message.,HTTP API,5.0,Major,Improvement,2018,10,3,Mesos,Resolved,2018-10-12,MESOS-9314,4,1,132.09,Meng Zhu,1
URI disk profile adaptor could deadlock.,storage,1.0,Critical,Bug,2018,10,2,Mesos,Resolved,2018-10-11,MESOS-9308,3,1,0.02,Chun-Hung Hsiao,2
Mesos containerizer can get stuck during cgroup cleanup,"agent,containerization",5.0,Critical,Bug,2018,10,4,Mesos,Resolved,2018-10-10,MESOS-9306,2,2,229.8,Andrei Budnik,2
Create cgoup recursively to workaround systemd deleting cgroups_root.,containerization,3.0,Critical,Improvement,2018,10,5,Mesos,Resolved,2018-10-10,MESOS-9305,2,1,18.08,longfei,1
Mesos fails to build on Fedora 28,build,2.0,Major,Bug,2018,10,4,Mesos,Resolved,2018-10-09,MESOS-9302,1,1,9.78,Benno Evers,1
Nested container launch could fail if the agent upgrade with new cgroup subsystems.,containerization,5.0,Major,Bug,2018,10,2,Mesos,Resolved,2018-10-05,MESOS-9295,4,1,3.71,Gilbert Song,1
If a framework looses operation information it cannot reconcile to acknowledge updates.,,3.0,Major,Bug,2018,10,2,Mesos,Resolved,2018-10-04,MESOS-9293,3,0,62.18,Benjamin Bannier,2
Rejected quotas request error messages should specify which resources were overcommitted.,allocation,1.0,Major,Improvement,2018,10,2,Mesos,Resolved,2018-10-04,MESOS-9292,3,1,173.27,Benjamin Mahler,1
Docker containerizer actor can get backlogged with large number of containers.,containerization,3.0,Blocker,Bug,2018,10,8,Mesos,Resolved,2018-10-02,MESOS-9283,1,1,15.53,Greg Mann,1
SLRP gets a stale checkpoint after system crash.,storage,5.0,Blocker,Bug,2018,10,3,Mesos,Resolved,2018-10-01,MESOS-9281,0,1,29.85,Chun-Hung Hsiao,2
Add an operation status update manager to the agent,agent,3.0,Major,Task,2018,9,1,Mesos,Resolved,2018-09-28,MESOS-9278,4,1,74.05,Greg Mann,2
Allow optional `profile` to be specified in `CREATE_DISK` offer operation.,"resource provider,storage",8.0,Blocker,Improvement,2018,9,4,Mesos,Resolved,2018-09-27,MESOS-9275,3,2,62.98,Chun-Hung Hsiao,2
v1 JAVA scheduler library can drop TEARDOWN upon destruction.,"java api,scheduler driver",3.0,Major,Bug,2018,9,5,Mesos,Resolved,2018-09-27,MESOS-9274,3,2,7.68,Alex R,3
Get rid of dependency on `net-tools` in network/cni isolator.,"cni,containerization",3.0,Minor,Task,2018,9,2,Mesos,Resolved,2018-09-27,MESOS-9270,3,2,11.99,Sergey Urbanovich,2
Whenever our packaging tasks trigger errors we run into permission problems.,build,2.0,Minor,Bug,2018,9,1,Mesos,Resolved,2018-09-26,MESOS-9266,2,1,75.7,Jie Yu,3
Analyse and pinpoint libprocess SSL failures when using libevent 2.1.8.,libprocess,8.0,Major,Task,2018,9,4,Mesos,Resolved,2018-09-26,MESOS-9265,2,1,8.1,Till Toenshoff,0
Prevent subscribers to the master's event stream from leaking connections,HTTP API,5.0,Critical,Improvement,2018,9,5,Mesos,Resolved,2018-09-26,MESOS-9258,2,1,79.89,Joseph Wu,2
Make SLRP be able to update its volumes and storage pools.,,5.0,Critical,Improvement,2018,9,7,Mesos,Resolved,2018-09-25,MESOS-9254,1,0,329.42,Benjamin Bannier,3
`docker inspect` may return an unexpected result to Docker executor due to a race condition.,,3.0,Major,Bug,2018,9,6,Mesos,Resolved,2018-09-13,MESOS-9231,3,0,16.31,Qian Zhang,0
Install Python3 on ubuntu-16.04-arm docker image,"build,test",2.0,Minor,Task,2018,9,3,Mesos,Resolved,2018-09-13,MESOS-9229,3,2,1.05,Tomasz Janiszewski,0
SLRP does not clean up plugin containers after it is removed.,storage,5.0,Blocker,Bug,2018,9,3,Mesos,Resolved,2018-09-12,MESOS-9228,2,1,9.4,Chun-Hung Hsiao,2
Github's mesos/modules does not build.,modules,2.0,Major,Bug,2018,9,1,Mesos,Resolved,2018-09-10,MESOS-9225,0,1,3.09,Till Toenshoff,4
De-duplicate read-only requests to master based on principal.,HTTP API,5.0,Major,Improvement,2018,9,4,Mesos,Resolved,2018-09-10,MESOS-9224,0,1,122.22,Benno Evers,1
Storage local provider does not sufficiently handle container launch failures or errors,"agent,storage",3.0,Critical,Improvement,2018,9,8,Mesos,Resolved,2018-09-10,MESOS-9223,0,2,135.94,Benjamin Bannier,3
Linking libevent should be avoided.,,1.0,Minor,Bug,2018,9,2,Mesos,Resolved,2018-09-09,MESOS-9222,6,0,24.95,Till Toenshoff,0
"If some image layers are large, the image pulling may stuck due to the authorized token expired.",containerization,5.0,Major,Bug,2018,9,2,Mesos,Resolved,2018-09-08,MESOS-9221,5,1,48.94,Chun-Hung Hsiao,1
LongLivedDefaultExecutorRestart is flaky.,test,2.0,Major,Bug,2018,9,3,Mesos,Resolved,2018-09-07,MESOS-9217,4,1,53.39,Joseph Wu,3
Avoid double copying of master->framework messages when incrementing metrics.,"master,metrics",1.0,Major,Improvement,2018,9,2,Mesos,Resolved,2018-09-06,MESOS-9213,3,2,0.16,Benjamin Mahler,2
Mesos v1 scheduler library does not properly handle SUBSCRIBE retries,,3.0,Major,Bug,2018,9,3,Mesos,Resolved,2018-09-05,MESOS-9210,2,0,146.74,Till Toenshoff,2
Removing rootfs mounts may fail with EBUSY.,containerization,5.0,Blocker,Bug,2018,8,3,Mesos,Resolved,2018-08-30,MESOS-9196,3,1,1.41,Jie Yu,1
Extend request batching to '/roles' endpoint,,3.0,Major,Improvement,2018,8,2,Mesos,Resolved,2018-08-30,MESOS-9194,3,0,7.13,Benno Evers,1
Mesos build fail with Clang 3.5.,,3.0,Blocker,Bug,2018,8,4,Mesos,Resolved,2018-08-30,MESOS-9193,3,0,1.65,Chun-Hung Hsiao,2
Add allocator benchmark to allow multiple framework/agent profiles.,,5.0,Major,Bug,2018,8,2,Mesos,Resolved,2018-08-28,MESOS-9187,1,0,16.99,Kapil Arya,0
Failed to build Mesos with Python 3.7 and new CLI enabled,cli,2.0,Minor,Bug,2018,8,2,Mesos,Resolved,2018-08-27,MESOS-9186,0,1,3.67,Armand Grillet,0
An attempt to remove or destroy container in composing containerizer leads to segfault.,"agent,containerization",3.0,Major,Bug,2018,8,3,Mesos,Resolved,2018-08-27,MESOS-9185,0,2,0.98,Andrei Budnik,1
./support/python3/mesos-gtest-runner.py --help crashes,,1.0,Minor,Bug,2018,8,2,Mesos,Resolved,2018-08-23,MESOS-9179,3,0,11.09,Armand Grillet,0
Mesos master segfaults when responding to /state requests.,master,3.0,Blocker,Bug,2018,8,5,Mesos,Resolved,2018-08-22,MESOS-9177,2,1,2.24,Benno Evers,1
Zookeeper doesn't compile with newer gcc due to format error,build,2.0,Major,Bug,2018,8,1,Mesos,Resolved,2018-08-21,MESOS-9170,1,1,0.02,Kapil Arya,2
Ignore pre-existing CSI volumes known to SLRP.,storage,1.0,Major,Improvement,2018,8,3,Mesos,Resolved,2018-08-17,MESOS-9166,4,1,6.11,Chun-Hung Hsiao,2
Subprocess should unset CLOEXEC on whitelisted file descriptors.,libprocess,3.0,Major,Bug,2018,8,2,Mesos,Resolved,2018-08-17,MESOS-9164,4,1,82.62,Qian Zhang,0
`UriDiskProfileAdaptor` should not update profiles when a poll returns a non-OK HTTP status.,,1.0,Major,Bug,2018,8,1,Mesos,Resolved,2018-08-17,MESOS-9163,4,0,0.03,Chun-Hung Hsiao,2
Unkillable pod container stuck in ISOLATING,containerization,5.0,Major,Bug,2018,8,2,Mesos,Resolved,2018-08-17,MESOS-9162,4,1,12.32,Gilbert Song,1
Parallel serving of state-related read-only requests in the Master.,master,5.0,Major,Improvement,2018,8,3,Mesos,Resolved,2018-08-16,MESOS-9158,3,1,20.93,Benno Evers,2
StorageLocalResourceProviderProcess can deadlock,agent,1.0,Major,Bug,2018,8,2,Mesos,Resolved,2018-08-15,MESOS-9156,2,1,1.49,Benjamin Bannier,0
MasterTest.TaskStateMetrics is flaky,,1.0,Major,Bug,2018,8,2,Mesos,Resolved,2018-08-14,MESOS-9154,1,0,5.75,Greg Mann,3
Close all file descriptors except whitelist_fds in posix/subprocess.,,5.0,Major,Bug,2018,8,2,Mesos,Resolved,2018-08-10,MESOS-9152,4,0,89.43,Qian Zhang,2
Container stuck at ISOLATING due to FD leak,containerization,8.0,Critical,Bug,2018,8,5,Mesos,Resolved,2018-08-10,MESOS-9151,4,1,33.87,Gilbert Song,3
Failed to build gRPC on Linux without OpenSSL.,build,2.0,Blocker,Bug,2018,8,2,Mesos,Resolved,2018-08-10,MESOS-9149,4,1,0.09,Chun-Hung Hsiao,1
Agent and scheduler driver authentication retry backoff time could overflow.,,3.0,Blocker,Bug,2018,8,1,Mesos,Resolved,2018-08-10,MESOS-9147,4,0,6.89,Meng Zhu,1
Agent has a fragile burn-in 5s authentication timeout.,,2.0,Blocker,Bug,2018,8,1,Mesos,Resolved,2018-08-09,MESOS-9146,3,0,7.14,Meng Zhu,1
Master authentication handling leads to request amplification.,,3.0,Blocker,Bug,2018,8,2,Mesos,Resolved,2018-08-09,MESOS-9144,3,0,6.26,Benjamin Mahler,0
MasterQuotaTest.RemoveSingleQuota is flaky.,test,2.0,Major,Bug,2018,8,2,Mesos,Resolved,2018-08-09,MESOS-9143,3,1,190.32,Meng Zhu,4
GRPC build fails to pass compiler flags,build,2.0,Blocker,Bug,2018,8,2,Mesos,Resolved,2018-08-06,MESOS-9137,0,1,1.06,Chun-Hung Hsiao,0
Health checks launching nested containers while a container is being destroyed lead to unkillable tasks.,"agent,containerization",6.0,Blocker,Bug,2018,8,6,Mesos,Resolved,2018-08-03,MESOS-9131,4,2,46.32,Andrei Budnik,1
Test `StorageLocalResourceProviderTest.ROOT_ContainerTerminationMetric` is flaky.,"resource provider,storage",1.0,Major,Bug,2018,8,4,Mesos,Resolved,2018-08-02,MESOS-9130,3,2,175.44,Benjamin Bannier,2
Port mapper CNI plugin should use '-n' option with 'iptables --list',,1.0,Major,Improvement,2018,8,2,Mesos,Resolved,2018-08-02,MESOS-9129,3,0,1.84,Greg Mann,1
"Port mapper CNI plugin might fail with ""Resource temporarily unavailable""",network,1.0,Major,Bug,2018,8,3,Mesos,Resolved,2018-08-01,MESOS-9125,2,1,2.09,Greg Mann,1
Agent reconfiguration can cause master to unsuppress on scheduler's behalf.,"allocation,master",3.0,Major,Bug,2018,7,3,Mesos,Resolved,2018-07-31,MESOS-9124,1,2,169.22,Greg Mann,2
Expose quota consumption metrics.,allocation,5.0,Major,Improvement,2018,7,3,Mesos,Resolved,2018-07-31,MESOS-9123,1,1,432.98,Andrei Sekretenko,4
Parallel serving of '/state' requests in the Master.,master,5.0,Blocker,Improvement,2018,7,3,Mesos,Resolved,2018-07-31,MESOS-9122,1,1,11.21,Alex R,2
Optimize range addition operation.,,3.0,Major,Improvement,2018,7,2,Mesos,Resolved,2018-07-30,MESOS-9120,0,0,71.03,Meng Zhu,2
Launch nested container session fails due to incorrect detection of `mnt` namespace of command executor's task.,"agent,containerization",8.0,Critical,Bug,2018,7,10,Mesos,Resolved,2018-07-27,MESOS-9116,4,2,23.85,Andrei Budnik,1
mesos-style reports violations on a clean checkout,"build,cli,python api",2.0,Major,Bug,2018,7,5,Mesos,Resolved,2018-07-25,MESOS-9112,2,3,40.87,Armand Grillet,3
Add move support to the Resources / Resource_ wrappers.,,3.0,Major,Improvement,2018,7,3,Mesos,Resolved,2018-07-24,MESOS-9110,1,0,14.03,Meng Zhu,2
Add seccomp filter into containerizer launcher.,containerization,3.0,Major,Task,2018,7,2,Mesos,Resolved,2018-07-23,MESOS-9106,0,1,188.76,Andrei Budnik,1
Implement Docker Seccomp profile parser.,containerization,5.0,Major,Task,2018,7,2,Mesos,Resolved,2018-07-23,MESOS-9105,0,1,188.78,Andrei Budnik,1
Refactor capability related logic in the allocator.,allocation,3.0,Major,Improvement,2018,7,2,Mesos,Resolved,2018-07-20,MESOS-9104,4,1,5.23,Meng Zhu,1
Add allocator quota tests regarding reserve/unreserve already allocated resources.,allocation,3.0,Major,Task,2018,7,2,Mesos,Resolved,2018-07-20,MESOS-9099,4,1,137.93,Meng Zhu,1
On macOS libprocess_tests fail to link when compiling with gRPC,,2.0,Major,Bug,2018,7,3,Mesos,Resolved,2018-07-19,MESOS-9094,3,0,6.58,Jan Schlicht,0
Test `PartitionTest.PartitionAwareTaskCompletedOnPartitionedAgent` is flaky.,,1.0,Major,Bug,2018,7,2,Mesos,Resolved,2018-07-18,MESOS-9089,2,0,230.39,Chun-Hung Hsiao,1
Optimize range subtraction operation.,,3.0,Major,Improvement,2018,7,2,Mesos,Resolved,2018-07-18,MESOS-9086,2,0,8.98,Meng Zhu,2
Virtualenv management in support directory is buggy.,,2.0,Major,Bug,2018,7,3,Mesos,Resolved,2018-07-13,MESOS-9075,4,0,0.2,Armand Grillet,0
Pylint is too noisy when using mesos-style.py,,1.0,Minor,Bug,2018,7,3,Mesos,Resolved,2018-07-13,MESOS-9074,4,0,51.98,Armand Grillet,0
Tox doesn't run in the support virtualenv when using Python 3 mesos-style.py,,1.0,Major,Bug,2018,7,1,Mesos,Resolved,2018-07-13,MESOS-9073,4,0,0.54,Armand Grillet,0
Support systemd and freezer cgroup subsystems bind mount for container with rootfs.,containerization,3.0,Major,Task,2018,7,2,Mesos,Resolved,2018-07-11,MESOS-9070,2,1,9.0,Qian Zhang,3
Changing `CREATE_VOLUME` and `CREATE_BLOCK` to `CREATE_DISK`.,storage,3.0,Major,Task,2018,7,2,Mesos,Resolved,2018-07-10,MESOS-9066,1,1,3.78,Chun-Hung Hsiao,2
mesos-style.py messaging is poor,,1.0,Minor,Bug,2018,7,2,Mesos,Resolved,2018-07-08,MESOS-9056,6,0,89.73,Armand Grillet,0
Make gRPC call deadline configurable.,libprocess,3.0,Major,Improvement,2018,7,2,Mesos,Resolved,2018-07-06,MESOS-9055,4,1,10.92,Chun-Hung Hsiao,2
Agent GC could unmount a dangling persistent volume multiple times.,agent,2.0,Minor,Bug,2018,7,1,Mesos,Resolved,2018-07-03,MESOS-9049,1,1,0.12,Zhitao Li,0
CNI isolator recovery should wait until unknown orphan cleanup is done,cni,2.0,Major,Bug,2018,6,4,Mesos,Resolved,2018-06-29,MESOS-9039,4,1,2.94,Qian Zhang,0
Archiver utility extracts links within subdirectories incorrectly,,2.0,Critical,Bug,2018,6,1,Mesos,Resolved,2018-06-28,MESOS-9038,3,0,0.68,Joseph Wu,1
DefaultExecutorTest.SigkillExecutor is flaky,,1.0,Major,Bug,2018,6,2,Mesos,Resolved,2018-06-28,MESOS-9037,3,0,0.04,Meng Zhu,1
Document `linux/seccomp` isolator,"containerization,documentation",5.0,Major,Documentation,2018,6,2,Mesos,Resolved,2018-06-28,MESOS-9036,3,2,213.64,Andrei Budnik,1
Implement `linux/seccomp` isolator,containerization,5.0,Major,Task,2018,6,2,Mesos,Resolved,2018-06-28,MESOS-9035,3,1,213.64,Andrei Budnik,1
Implement a wrapper class for `libseccomp` API,containerization,5.0,Major,Task,2018,6,2,Mesos,Resolved,2018-06-28,MESOS-9034,3,1,213.68,Andrei Budnik,1
Add Seccomp-related protobufs,containerization,3.0,Major,Task,2018,6,2,Mesos,Resolved,2018-06-28,MESOS-9033,3,1,213.7,Andrei Budnik,1
Update build scripts to support `seccomp-isolator` flag and `libseccomp` library,containerization,5.0,Major,Task,2018,6,2,Mesos,Resolved,2018-06-28,MESOS-9032,3,1,213.71,Andrei Budnik,1
GPU Isolator still depends on cgroups/devices agent flag given cgrous/all is supported.,"containerization,gpu",2.0,Major,Bug,2018,6,3,Mesos,Resolved,2018-06-25,MESOS-9027,0,2,1.33,Qian Zhang,1
The container which joins CNI network and has checkpoint enabled will be mistakenly destroyed by agent,containerization,3.0,Blocker,Bug,2018,6,5,Mesos,Resolved,2018-06-24,MESOS-9025,6,1,2.54,Jie Yu,1
Seccomp design doc,,8.0,Major,Documentation,2018,6,0,Mesos,Resolved,2018-06-22,MESOS-9020,4,0,38.88,Andrei Budnik,1
Allow resources to be removed when updating the sorter.,allocation,5.0,Major,Improvement,2018,6,2,Mesos,Resolved,2018-06-21,MESOS-9015,3,1,22.87,Chun-Hung Hsiao,2
MasterAPITest.SubscribersReceiveHealthUpdates is flaky,test,1.0,Major,Bug,2018,6,3,Mesos,Resolved,2018-06-20,MESOS-9014,2,1,6.9,Meng Zhu,2
`UPDATE_STATE` can race with `UPDATE_OPERATION_STATUS` for a resource provider.,storage,2.0,Blocker,Bug,2018,6,2,Mesos,Resolved,2018-06-20,MESOS-9010,2,1,23.78,Chun-Hung Hsiao,2
Support for creation non-existing host paths in a whitelist as source paths,containerization,5.0,Major,Task,2018,6,5,Mesos,Resolved,2018-06-19,MESOS-9009,1,1,247.37,Jason Lai,3
Fetcher fails to extract some archives containing hardlinks,fetcher,1.0,Blocker,Bug,2018,6,13,Mesos,Resolved,2018-06-19,MESOS-9008,1,1,2.18,Joseph Wu,1
Operator API event stream can miss task status updates.,HTTP API,3.0,Major,Bug,2018,6,5,Mesos,Resolved,2018-06-15,MESOS-9000,4,1,66.91,Benno Evers,1
Add default bodies for libprocess HTTP error responses.,libprocess,3.0,Major,Improvement,2018,6,2,Mesos,Resolved,2018-06-15,MESOS-8999,4,1,114.15,Benno Evers,2
Allow for unbundled libevent in CMake builds to work around 2.1.x SSL issues.,"build,cmake",2.0,Blocker,Improvement,2018,6,2,Mesos,Resolved,2018-06-15,MESOS-8998,4,2,11.21,Till Toenshoff,6
Add SLRP unit tests for missing profiles.,storage,5.0,Major,Task,2018,6,2,Mesos,Resolved,2018-06-14,MESOS-8995,3,1,29.08,Chun-Hung Hsiao,2
Add a better benchmark for range type resources.,,2.0,Minor,Improvement,2018,6,3,Mesos,Resolved,2018-06-13,MESOS-8989,2,0,16.12,Meng Zhu,2
Master asks agent to shutdown upon auth errors.,"master,security",5.0,Blocker,Bug,2018,6,9,Mesos,Resolved,2018-06-12,MESOS-8987,1,2,27.72,Gastón Kleiman,1
Posting to the operator api with 'accept recordio' header can crash the agent,HTTP API,2.0,Major,Bug,2018,6,5,Mesos,Resolved,2018-06-07,MESOS-8985,3,1,6.61,Benno Evers,1
Problem and solution overview for the slow API issue.,HTTP API,5.0,Major,Task,2018,6,2,Mesos,Resolved,2018-06-04,MESOS-8975,0,1,169.15,Benno Evers,2
Wire `UPDATE_QUOTA` call.,,5.0,Major,Bug,2018,5,4,Mesos,Resolved,2018-05-30,MESOS-8968,2,0,418.95,Meng Zhu,3
Executor crash trying to print container ID.,,3.0,Major,Bug,2018,5,2,Mesos,Resolved,2018-05-28,MESOS-8963,0,0,0.78,Benno Evers,3
Output of tasks gets corrupted if task defines the same environment variables as the executor container,containerization,1.0,Minor,Task,2018,5,2,Mesos,Resolved,2018-05-28,MESOS-8961,0,1,0.06,Alexander Rojas,1
Install Python 3 on Mesos CI instances,,3.0,Major,Task,2018,5,2,Mesos,Resolved,2018-05-25,MESOS-8957,4,0,108.97,Robin Gögge,0
python3/post-reviews.py errors due to TypeError.,,1.0,Major,Bug,2018,5,2,Mesos,Resolved,2018-05-25,MESOS-8954,4,0,0.05,Armand Grillet,2
Improve the container preparing logging in IOSwitchboard and volume/secret isolator.,,2.0,Major,Improvement,2018,5,1,Mesos,Resolved,2018-05-24,MESOS-8947,3,0,8.2,Gilbert Song,1
Master check failure due to CHECK_SOME(providerId).,,2.0,Critical,Bug,2018,5,6,Mesos,Resolved,2018-05-23,MESOS-8945,2,0,7.25,Benjamin Bannier,0
Add metrics about CSI calls.,storage,5.0,Major,Task,2018,5,2,Mesos,Resolved,2018-05-22,MESOS-8943,1,1,9.1,Chun-Hung Hsiao,2
Master streaming API does not send (health) check updates for tasks.,HTTP API,2.0,Major,Task,2018,5,5,Mesos,Resolved,2018-05-22,MESOS-8942,1,1,12.75,Alex R,3
Per Framework Offer metrics with a specific resource type,,2.0,Major,Task,2018,5,2,Mesos,Resolved,2018-05-19,MESOS-8940,5,0,74.8,Greg Mann,0
Implement a Random Sorter for offer allocations.,allocation,5.0,Major,Task,2018,5,3,Mesos,Resolved,2018-05-19,MESOS-8936,5,1,33.73,Benjamin Mahler,0
"Quota limit ""chopping"" can lead to cpu-only and memory-only offers.",allocation,3.0,Major,Bug,2018,5,3,Mesos,Resolved,2018-05-18,MESOS-8935,4,1,33.08,Meng Zhu,0
Quota guarantee metric does not handle removal correctly.,master,2.0,Major,Bug,2018,5,2,Mesos,Resolved,2018-05-17,MESOS-8932,3,1,4.97,Greg Mann,0
Refactor the libprocess gRPC warpper.,libprocess,5.0,Major,Improvement,2018,5,3,Mesos,Resolved,2018-05-16,MESOS-8924,2,1,23.21,Chun-Hung Hsiao,2
Autotools don't work with newer OpenJDK versions,build,3.0,Major,Bug,2018,5,3,Mesos,Resolved,2018-05-16,MESOS-8921,2,1,110.7,Kapil Arya,3
Per Framework SUBSCRIBE metrics.,master,2.0,Major,Improvement,2018,5,3,Mesos,Resolved,2018-05-16,MESOS-8919,2,1,77.84,Gilbert Song,0
Agent leaking file descriptors into forked processes,"agent,containerization,libprocess,stout",3.0,Major,Bug,2018,5,2,Mesos,Resolved,2018-05-15,MESOS-8917,1,4,41.27,Benjamin Bannier,1
Allocation logic cleanup.,allocation,5.0,Major,Epic,2018,5,4,Mesos,Resolved,2018-05-15,MESOS-8916,1,1,78.63,Meng Zhu,1
Per Framework terminal task state metrics,,2.0,Major,Task,2018,5,2,Mesos,Resolved,2018-05-14,MESOS-8912,0,0,50.17,Gilbert Song,0
Add framework metrics benchmark test.,,3.0,Major,Improvement,2018,5,2,Mesos,Resolved,2018-05-14,MESOS-8911,0,0,79.17,Greg Mann,2
Docker image fetcher fails with HTTP/2.,fetcher,3.0,Major,Bug,2018,5,15,Mesos,Resolved,2018-05-11,MESOS-8907,4,1,164.73,Till Toenshoff,1
`UriDiskProfileAdaptor` fails to update profile selectors.,storage,2.0,Major,Bug,2018,5,2,Mesos,Resolved,2018-05-11,MESOS-8906,4,1,0.84,Chun-Hung Hsiao,2
Update the Python CLI to use Python 3,cli,5.0,Major,Task,2018,5,1,Mesos,Resolved,2018-05-10,MESOS-8903,3,1,66.89,Armand Grillet,0
MasterSlaveReconciliationTest.ReconcileDroppedOperation is flaky,test,1.0,Major,Bug,2018,5,5,Mesos,Resolved,2018-05-08,MESOS-8892,1,1,0.58,Benjamin Bannier,1
Add minimum capabilities in the master.,,3.0,Major,Improvement,2018,5,2,Mesos,Resolved,2018-05-04,MESOS-8880,4,0,306.77,Meng Zhu,2
Docker container's resources will be wrongly enlarged in cgroups after agent recovery,docker,3.0,Critical,Bug,2018,5,4,Mesos,Resolved,2018-05-03,MESOS-8877,3,1,732.96,Qian Zhang,1
Normal exit of Docker container using rexray volume results in TASK_FAILED.,docker,2.0,Major,Bug,2018,5,2,Mesos,Resolved,2018-05-03,MESOS-8876,3,1,4.71,Qian Zhang,0
ResourceProviderManagerHttpApiTest.ResubscribeResourceProvider is flaky.,test,1.0,Major,Bug,2018,5,2,Mesos,Resolved,2018-05-03,MESOS-8874,3,1,1.8,Benjamin Bannier,3
StorageLocalResourceProviderTest.ROOT_ZeroSizedDisk is flaky.,test,2.0,Major,Bug,2018,5,6,Mesos,Resolved,2018-05-03,MESOS-8873,3,1,76.67,Chun-Hung Hsiao,3
OperationReconciliationTest.AgentPendingOperationAfterMasterFailover is flaky.,test,1.0,Major,Bug,2018,5,2,Mesos,Resolved,2018-05-03,MESOS-8872,3,1,112.17,Gastón Kleiman,2
Agent may fail to recover if the agent dies before image store cache checkpointed.,agent,3.0,Major,Bug,2018,5,2,Mesos,Resolved,2018-05-02,MESOS-8871,2,1,50.14,bin zheng,2
CMake builds are missing byproduct declaration for jemalloc.,cmake,1.0,Minor,Bug,2018,5,2,Mesos,Resolved,2018-05-02,MESOS-8866,2,1,0.03,Jan Schlicht,1
Suspicious enum value comparisons in scheduler Java bindings,java api,1.0,Major,Bug,2018,5,2,Mesos,Resolved,2018-05-02,MESOS-8865,2,1,0.54,Benjamin Bannier,0
Introduce a push-based gauge.,libprocess,3.0,Major,Improvement,2018,4,6,Mesos,Resolved,2018-04-26,MESOS-8851,3,1,1.07,Benjamin Mahler,2
Per Framework resource allocation metrics,,8.0,Major,Task,2018,4,3,Mesos,Resolved,2018-04-26,MESOS-8849,3,0,97.11,Greg Mann,0
Per Framework Offer metrics,master,2.0,Major,Task,2018,4,3,Mesos,Resolved,2018-04-26,MESOS-8848,3,1,97.11,Greg Mann,0
Per Framework task state metrics,,3.0,Major,Task,2018,4,2,Mesos,Resolved,2018-04-26,MESOS-8847,3,0,97.11,Greg Mann,0
Per Framework Operation metrics,master,2.0,Major,Task,2018,4,3,Mesos,Resolved,2018-04-26,MESOS-8845,3,1,97.12,Greg Mann,0
Per Framework EVENT metrics,master,2.0,Major,Task,2018,4,3,Mesos,Resolved,2018-04-26,MESOS-8844,3,1,97.12,Greg Mann,0
Per Framework CALL metrics,master,2.0,Major,Task,2018,4,3,Mesos,Resolved,2018-04-26,MESOS-8843,3,1,97.12,Greg Mann,0
Resource provider manager registrar recovery can race with agent on agent state leading to hard failures,"agent,storage,test",3.0,Major,Bug,2018,4,5,Mesos,Resolved,2018-04-25,MESOS-8839,2,3,356.07,Benjamin Bannier,1
Consider validating that resubscribing resource providers do not change their name or type,agent,2.0,Major,Bug,2018,4,2,Mesos,Resolved,2018-04-25,MESOS-8838,2,1,74.9,Benjamin Bannier,0
Add test of resource provider manager recovery,test,1.0,Major,Task,2018,4,2,Mesos,Resolved,2018-04-25,MESOS-8837,2,1,36.62,Benjamin Bannier,0
Add a tests of recovery of the resource provider manager registrars.,test,2.0,Major,Bug,2018,4,2,Mesos,Resolved,2018-04-25,MESOS-8836,2,1,22.18,Benjamin Bannier,0
mesos-tests takes a long time to execute no tests,test,1.0,Minor,Bug,2018,4,3,Mesos,Resolved,2018-04-25,MESOS-8835,2,1,285.98,Benjamin Bannier,0
Get rid of extra `containerizer->wait()` calls in tests.,,3.0,Major,Improvement,2018,4,2,Mesos,Resolved,2018-04-24,MESOS-8829,1,0,30.42,Andrei Budnik,0
Remove storage pools associated with missing profiles.,,5.0,Major,Task,2018,4,2,Mesos,Resolved,2018-04-24,MESOS-8825,1,0,80.83,Chun-Hung Hsiao,0
mesos.pom file hardcodes developers,java api,1.0,Minor,Task,2018,4,2,Mesos,Resolved,2018-04-23,MESOS-8819,0,1,1.27,Benjamin Bannier,0
VolumeSandboxPathIsolatorTest.SharedParentTypeVolume fails on macOS,containerization,2.0,Major,Bug,2018,4,3,Mesos,Resolved,2018-04-23,MESOS-8818,0,1,0.28,Jan Schlicht,1
Mount the volume based on `Volume.mode`.,,5.0,Major,Task,2018,4,2,Mesos,Resolved,2018-04-20,MESOS-8814,4,0,116.49,Qian Zhang,0
Support multiple tasks with different users can access a persistent volume.,containerization,8.0,Major,Task,2018,4,3,Mesos,Resolved,2018-04-20,MESOS-8813,4,1,313.73,Qian Zhang,0
Grant non-root task user the permissions to access the SANDBOX_PATH volume of PARENT type,containerization,13.0,Major,Task,2018,4,4,Mesos,Resolved,2018-04-20,MESOS-8810,4,1,313.95,Qian Zhang,0
Add functions for manipulating POSIX ACLs into stout,stout,3.0,Major,Task,2018,4,2,Mesos,Resolved,2018-04-20,MESOS-8809,4,1,306.63,Qian Zhang,1
Add jemalloc as optional third-party memory allocator,,3.0,Major,Improvement,2018,4,1,Mesos,Resolved,2018-04-18,MESOS-8801,2,0,0.02,Benno Evers,0
Master should show dynamic resources in state endpoint,"HTTP API,master",2.0,Major,Task,2018,4,1,Mesos,Resolved,2018-04-17,MESOS-8799,1,2,21.68,Benjamin Bannier,0
"Build the ""unsecure"" gRPC libraries to remove SSL dependency.",,3.0,Critical,Improvement,2018,4,2,Mesos,Resolved,2018-04-17,MESOS-8798,1,0,22.07,Chun-Hung Hsiao,2
Catch up new CLI features to be the same as the old one.,,8.0,Major,Task,2018,4,5,Mesos,Resolved,2018-04-17,MESOS-8795,1,0,352.1,Armand Grillet,0
Support docker image tarball hdfs based fetching.,containerization,13.0,Blocker,Task,2018,4,3,Mesos,Resolved,2018-04-17,MESOS-8794,1,1,51.57,Gilbert Song,4
/roles and webui roles table should display distinct offered and allocated resources.,"agent,HTTP API,master",3.0,Major,Improvement,2018,4,4,Mesos,Resolved,2018-04-14,MESOS-8789,5,3,452.96,Benjamin Mahler,3
RP-related API should be experimental.,,1.0,Blocker,Bug,2018,4,1,Mesos,Resolved,2018-04-14,MESOS-8787,5,0,4.04,Chun-Hung Hsiao,2
CgroupIsolatorProcess accesses subsystem processes directly.,containerization,5.0,Major,Bug,2018,4,2,Mesos,Resolved,2018-04-13,MESOS-8786,4,1,27.8,Benjamin Bannier,0
OPERATION_DROPPED operation status updates should include the operation/framework IDs,master,3.0,Blocker,Bug,2018,4,2,Mesos,Resolved,2018-04-12,MESOS-8784,3,1,25.08,Gastón Kleiman,0
Transition pending operations to OPERATION_UNREACHABLE when an agent is removed.,master,3.0,Critical,Bug,2018,4,2,Mesos,Resolved,2018-04-12,MESOS-8783,3,1,278.98,Benno Evers,2
Transition operations to OPERATION_GONE_BY_OPERATOR when marking an agent gone.,master,3.0,Critical,Bug,2018,4,2,Mesos,Resolved,2018-04-12,MESOS-8782,3,1,272.8,Benno Evers,1
Mesos master shouldn't silently drop operations,master,3.0,Major,Bug,2018,4,2,Mesos,Resolved,2018-04-12,MESOS-8781,3,1,10.93,Gastón Kleiman,0
Support `STAGE_UNSTAGE_VOLUME` CSI capability in SLRP,storage,5.0,Blocker,Task,2018,4,2,Mesos,Resolved,2018-04-12,MESOS-8777,3,1,1.08,Chun-Hung Hsiao,2
Authenticate and authorize calls to the resource provider manager's API,agent,8.0,Major,Task,2018,4,2,Mesos,Resolved,2018-04-11,MESOS-8774,2,1,28.0,Jan Schlicht,1
Add slave recovery test for default executor.,executor,2.0,Major,Improvement,2018,4,1,Mesos,Resolved,2018-04-10,MESOS-8772,1,1,6.81,Gilbert Song,4
Use Python3 for Mesos support scripts,,8.0,Major,Task,2018,4,6,Mesos,Resolved,2018-04-10,MESOS-8770,1,0,147.28,Armand Grillet,0
Agent crashes when CNI config not defined,containerization,1.0,Critical,Bug,2018,4,0,Mesos,Resolved,2018-04-10,MESOS-8769,1,1,392.64,Gilbert Song,2
CSI proto is always included in the build when using CMake,,1.0,Minor,Bug,2018,3,2,Mesos,Resolved,2018-03-29,MESOS-8749,3,0,0.86,Chun-Hung Hsiao,1
Create ACL for grow and shrink volume,security,3.0,Blocker,Task,2018,3,2,Mesos,Resolved,2018-03-28,MESOS-8748,2,1,36.31,Zhitao Li,3
Support resizing persistent volume through operator API,,5.0,Blocker,Task,2018,3,2,Mesos,Resolved,2018-03-28,MESOS-8747,2,0,36.32,Zhitao Li,3
Agent resource provider config API calls should be idempotent.,,2.0,Blocker,Bug,2018,3,2,Mesos,Resolved,2018-03-27,MESOS-8742,1,0,1.78,Chun-Hung Hsiao,2
`Add` to sequence will not run if it races with sequence destruction,libprocess,1.0,Major,Bug,2018,3,2,Mesos,Resolved,2018-03-27,MESOS-8741,1,1,9.42,Meng Zhu,1
Update description of a Containerizer interface.,,2.0,Major,Documentation,2018,3,2,Mesos,Resolved,2018-03-27,MESOS-8740,1,0,58.32,Andrei Budnik,2
Update composing containerizer tests.,,3.0,Major,Task,2018,3,2,Mesos,Resolved,2018-03-27,MESOS-8737,1,0,58.36,Andrei Budnik,2
Implement a test which ensures that `wait` and `destroy` return the same result for a terminated nested container.,,3.0,Major,Task,2018,3,2,Mesos,Resolved,2018-03-27,MESOS-8736,1,0,58.38,Andrei Budnik,2
Implement recovery for resource provider manager registrar,"agent,master,storage",5.0,Major,Task,2018,3,3,Mesos,Resolved,2018-03-27,MESOS-8735,1,3,35.42,Benjamin Bannier,0
Restore `WaitAfterDestroy` test to check termination status of a terminated nested container.,,3.0,Major,Task,2018,3,2,Mesos,Resolved,2018-03-27,MESOS-8734,1,0,58.43,Andrei Budnik,2
OversubscriptionTest.ForwardUpdateSlaveMessage is flaky,test,1.0,Major,Bug,2018,3,3,Mesos,Resolved,2018-03-27,MESOS-8733,1,1,0.29,Benjamin Bannier,2
Use composing containerizer in some agent tests.,containerization,8.0,Major,Task,2018,3,2,Mesos,Resolved,2018-03-27,MESOS-8732,1,1,132.77,Andrei Budnik,3
Don't print full usage for invocation errors,"agent,master",2.0,Major,Improvement,2018,3,2,Mesos,Resolved,2018-03-23,MESOS-8728,4,2,4.98,Benno Evers,1
G++ Warning about libc system macros `major` and `minor` prevents Mesos build,,2.0,Blocker,Bug,2018,3,7,Mesos,Resolved,2018-03-22,MESOS-8724,3,0,29.44,Chun-Hung Hsiao,0
Mesos configured with `--enable-grpc` doesn't compile on non-Linux builds,storage,2.0,Major,Bug,2018,3,2,Mesos,Resolved,2018-03-22,MESOS-8719,3,1,7.3,Jan Schlicht,1
Support CSI v0.2 in SLRP.,storage,5.0,Blocker,Task,2018,3,2,Mesos,Resolved,2018-03-22,MESOS-8717,3,1,22.03,Chun-Hung Hsiao,2
Consider removing conditional inclusion in the public header `csi/spec.hpp`.,storage,2.0,Minor,Improvement,2018,3,1,Mesos,Resolved,2018-03-21,MESOS-8715,2,1,198.19,Chun-Hung Hsiao,2
Cleanup `containers_` hashmap once container exits,,3.0,Major,Task,2018,3,4,Mesos,Resolved,2018-03-21,MESOS-8714,2,0,64.28,Andrei Budnik,0
Synchronize result of `wait` and `destroy` composing c'zer methods,,3.0,Major,Task,2018,3,2,Mesos,Resolved,2018-03-21,MESOS-8713,2,0,64.32,Andrei Budnik,0
Remove `destroyed` promise from `Container` struct,,3.0,Major,Task,2018,3,2,Mesos,Resolved,2018-03-21,MESOS-8712,2,0,64.34,Andrei Budnik,0
SlaveTest.ChangeDomain is disabled.,test,1.0,Major,Bug,2018,3,2,Mesos,Resolved,2018-03-21,MESOS-8711,2,1,5.05,Benno Evers,2
Update tests after changing return type of `wait` method,,3.0,Major,Task,2018,3,2,Mesos,Resolved,2018-03-21,MESOS-8710,2,0,21.28,Andrei Budnik,0
Unify return type of `wait` and `destroy` containerizer methods,,5.0,Major,Task,2018,3,2,Mesos,Resolved,2018-03-21,MESOS-8706,2,0,21.31,Andrei Budnik,0
Replace the manual parsing in Mesos code with the native protobuf map support,containerization,2.0,Major,Improvement,2018,3,2,Mesos,Resolved,2018-03-21,MESOS-8702,2,1,8.14,Qian Zhang,1
Enable storage local resource provider in CMake.,,3.0,Blocker,Task,2018,3,2,Mesos,Resolved,2018-03-19,MESOS-8698,0,0,32.1,Chun-Hung Hsiao,2
Make gRPC-related tests cross-platform.,,2.0,Major,Task,2018,3,2,Mesos,Resolved,2018-03-19,MESOS-8697,0,0,1.88,Chun-Hung Hsiao,2
Bump gRPC bundle to 1.10.0.,,2.0,Major,Task,2018,3,2,Mesos,Resolved,2018-03-15,MESOS-8678,3,0,6.13,Chun-Hung Hsiao,2
Build CSI proto in CMake.,storage,3.0,Major,Task,2018,3,2,Mesos,Resolved,2018-03-09,MESOS-8657,4,1,5.92,Chun-Hung Hsiao,2
Improve stout JSON -> protobuf message conversion to handle more valid JSONs,,2.0,Major,Improvement,2018,3,2,Mesos,Resolved,2018-03-09,MESOS-8656,4,0,4.79,Qian Zhang,0
Make the CSI client to support CSI v0.2.,storage,2.0,Blocker,Task,2018,3,2,Mesos,Resolved,2018-03-09,MESOS-8653,4,1,35.05,Chun-Hung Hsiao,2
Bump CSI bundle to v0.2.,storage,2.0,Blocker,Task,2018,3,2,Mesos,Resolved,2018-03-09,MESOS-8650,4,1,35.07,Chun-Hung Hsiao,2
Enable resource provider agent capability by default,"agent,test",2.0,Major,Bug,2018,3,2,Mesos,Resolved,2018-03-08,MESOS-8647,3,2,17.95,Benjamin Bannier,0
ballon-executor is hard to run as unprivileged user,,2.0,Major,Bug,2018,3,2,Mesos,Resolved,2018-03-06,MESOS-8642,1,0,0.06,Benjamin Bannier,0
Validate `DockerInfo` exists when container's type is `DOCKER`,containerization,2.0,Major,Improvement,2018,3,2,Mesos,Resolved,2018-03-06,MESOS-8640,1,1,7.15,Qian Zhang,0
The 'allocatable' check in the allocator is problematic with multi-role frameworks,allocation,3.0,Major,Bug,2018,3,2,Mesos,Resolved,2018-03-02,MESOS-8626,4,1,122.94,Benjamin Bannier,2
Valid tasks may be explicitly dropped by agent due to race conditions,,8.0,Blocker,Bug,2018,3,4,Mesos,Resolved,2018-03-01,MESOS-8624,3,0,35.43,Meng Zhu,1
Containers stuck in FETCHING possibly due to unresponsive server.,,3.0,Major,Bug,2018,2,4,Mesos,Resolved,2018-02-28,MESOS-8620,2,0,223.75,Chun-Hung Hsiao,1
Test `MasterAllocatorTest/*.TaskFinished` is flaky.,,2.0,Major,Bug,2018,2,2,Mesos,Resolved,2018-02-26,MESOS-8613,0,0,162.49,Till Toenshoff,2
Terminal task status update will not send if 'docker inspect' is hung,docker,3.0,Major,Bug,2018,2,3,Mesos,Resolved,2018-02-23,MESOS-8605,4,1,7.42,Andrei Budnik,1
Quota headroom tracking may be incorrect in the presence of hierarchical reservation.,allocation,2.0,Major,Bug,2018,2,2,Mesos,Resolved,2018-02-23,MESOS-8604,4,1,3.28,Meng Zhu,0
Master crashes during slave reregistration after failover.,master,3.0,Blocker,Bug,2018,2,3,Mesos,Resolved,2018-02-22,MESOS-8601,3,1,1.33,Chun-Hung Hsiao,1
Allow empty resource provider selector in `UriDiskProfileAdaptor`.,storage,1.0,Major,Bug,2018,2,2,Mesos,Resolved,2018-02-20,MESOS-8598,1,1,2.27,Chun-Hung Hsiao,2
Mesos master stack overflow in libprocess socket send loop.,master,1.0,Blocker,Bug,2018,2,11,Mesos,Resolved,2018-02-19,MESOS-8594,0,1,70.45,Benjamin Mahler,1
Add infra to test a hung Docker daemon,"docker,test",3.0,Major,Improvement,2018,2,2,Mesos,Resolved,2018-02-16,MESOS-8591,4,2,7.17,Greg Mann,1
Destroy nested container if `LAUNCH_NESTED_CONTAINER_SESSION` fails,,3.0,Major,Bug,2018,2,3,Mesos,Resolved,2018-02-13,MESOS-8577,1,0,0.28,Andrei Budnik,1
Improve discard handling of 'Docker::inspect()',"containerization,docker",3.0,Major,Improvement,2018,2,5,Mesos,Resolved,2018-02-13,MESOS-8576,1,2,15.67,Greg Mann,1
Improve discard handling for 'Docker::stop' and 'Docker::pull'.,,3.0,Major,Improvement,2018,2,4,Mesos,Resolved,2018-02-13,MESOS-8575,1,0,10.74,Greg Mann,1
Docker executor makes no progress when 'docker inspect' hangs,"docker,executor",5.0,Major,Improvement,2018,2,8,Mesos,Resolved,2018-02-13,MESOS-8574,1,2,18.06,Andrei Budnik,1
Container stuck in PULLING when Docker daemon hangs,,3.0,Major,Improvement,2018,2,4,Mesos,Resolved,2018-02-13,MESOS-8573,1,0,10.75,Gilbert Song,1
Allow newline characters when decoding base64 strings in stout.,stout,2.0,Major,Task,2018,2,1,Mesos,Resolved,2018-02-12,MESOS-8569,0,1,7.97,Kapil Arya,0
Command checks should always call `WAIT_NESTED_CONTAINER` before `REMOVE_NESTED_CONTAINER`,,5.0,Blocker,Bug,2018,2,12,Mesos,Resolved,2018-02-12,MESOS-8568,0,0,205.44,Qian Zhang,3
Test UriDiskProfileTest.FetchFromHTTP is flaky.,storage,3.0,Major,Bug,2018,2,7,Mesos,Resolved,2018-02-10,MESOS-8567,5,1,153.8,Chun-Hung Hsiao,3
Persistent volumes are not visible in Mesos UI when launching a pod using default executor.,,2.0,Major,Bug,2018,2,4,Mesos,Resolved,2018-02-10,MESOS-8565,5,0,4.33,Qian Zhang,0
Enhance V1 scheduler send API to receive sync response from Master,HTTP API,3.0,Major,Task,2018,2,2,Mesos,Resolved,2018-02-08,MESOS-8554,3,1,594.67,Kapil Arya,0
CGROUPS_ROOT_PidNamespaceForward and CGROUPS_ROOT_PidNamespaceBackward tests fail,,2.0,Critical,Bug,2018,2,3,Mesos,Resolved,2018-02-08,MESOS-8552,3,0,0.6,Meng Zhu,2
Port libprocess HTTPTest.QueryEncodeDecode,,1.0,Major,Task,2018,2,3,Mesos,Resolved,2018-02-07,MESOS-8551,2,0,28.31,Eric Mumau,2
Bug in `Master::detected()` leads to coredump in `MasterZooKeeperTest.MasterInfoAddress`.,"leader election,master",2.0,Major,Bug,2018,2,5,Mesos,Resolved,2018-02-07,MESOS-8550,2,2,42.91,Benno Evers,1
Test StorageLocalResourceProviderTest.ROOT_Metrics is flaky,storage,2.0,Major,Bug,2018,2,2,Mesos,Resolved,2018-02-06,MESOS-8548,1,1,2.06,Chun-Hung Hsiao,0
PythonFramework test fails with cache write failure.,test,2.0,Major,Bug,2018,2,3,Mesos,Resolved,2018-02-05,MESOS-8546,0,1,1.22,Till Toenshoff,3
AgentAPIStreamingTest.AttachInputToNestedContainerSession is flaky.,agent,8.0,Major,Bug,2018,2,9,Mesos,Resolved,2018-02-05,MESOS-8545,0,1,224.97,Andrei Budnik,2
Add metrics about CSI plugin terminations.,,2.0,Major,Task,2018,2,1,Mesos,Resolved,2018-02-02,MESOS-8539,4,0,0.05,Jie Yu,0
Default executor doesn't wait for status updates to be ack'd before shutting down,executor,3.0,Major,Bug,2018,2,3,Mesos,Resolved,2018-02-02,MESOS-8537,4,1,730.8,Andrei Budnik,3
Pending offer operations on resource provider resources not properly accounted for in allocator,master,2.0,Major,Bug,2018,2,2,Mesos,Resolved,2018-02-02,MESOS-8536,4,1,38.16,Benjamin Bannier,3
Default executor tasks can get stuck in KILLING state,executor,5.0,Critical,Bug,2018,2,3,Mesos,Resolved,2018-02-01,MESOS-8530,3,1,53.5,Gastón Kleiman,2
Design Doc for Storage External Resource Provider (SERP) support.,,8.0,Major,Task,2018,2,0,Mesos,Resolved,2018-02-01,MESOS-8528,3,0,406.72,Chun-Hung Hsiao,2
SLRP failed to connect to CSI endpoint.,,2.0,Blocker,Bug,2018,1,2,Mesos,Resolved,2018-01-31,MESOS-8514,2,0,0.79,Chun-Hung Hsiao,2
"Noisy ""transport endpoint is not connected"" logs on closing sockets.",,3.0,Minor,Bug,2018,1,4,Mesos,Resolved,2018-01-31,MESOS-8513,2,0,5.99,Till Toenshoff,3
Fetcher doesn't log it's stdout/stderr properly to the log file,,2.0,Major,Bug,2018,1,4,Mesos,Resolved,2018-01-30,MESOS-8512,1,0,21.99,Andrew Schwartzmeyer,4
URI disk profile adaptor does not consider plugin type for a profile.,,3.0,Major,Bug,2018,1,3,Mesos,Resolved,2018-01-30,MESOS-8510,1,0,9.17,Chun-Hung Hsiao,0
Missing map header when compiling against unbundled protobuf,,1.0,Major,Bug,2018,1,2,Mesos,Resolved,2018-01-30,MESOS-8508,1,0,0.48,Benno Evers,0
Improve UI when displaying frameworks with many roles.,,5.0,Major,Task,2018,1,4,Mesos,Resolved,2018-01-29,MESOS-8503,0,0,598.48,Andrei Sekretenko,1
Docker parameter `name` does not work with Docker Containerizer.,containerization,2.0,Critical,Bug,2018,1,5,Mesos,Resolved,2018-01-26,MESOS-8497,4,1,45.43,Qian Zhang,1
Checkpoint profiles in storage local resource provider.,storage,3.0,Blocker,Task,2018,1,4,Mesos,Resolved,2018-01-25,MESOS-8492,3,1,95.0,Chun-Hung Hsiao,2
LinuxCapabilitiesIsolatorFlagsTest.ROOT_IsolatorFlags is flaky,containerization,8.0,Major,Bug,2018,1,5,Mesos,Resolved,2018-01-25,MESOS-8489,3,1,75.77,Andrei Budnik,3
Docker bug can cause unkillable tasks.,containerization,2.0,Major,Improvement,2018,1,5,Mesos,Resolved,2018-01-25,MESOS-8488,3,1,20.08,Qian Zhang,1
Design API changes for supporting quota limits.,HTTP API,13.0,Major,Task,2018,1,3,Mesos,Resolved,2018-01-25,MESOS-8487,3,1,393.04,Meng Zhu,2
Webui should display role limits.,webui,1.0,Major,Task,2018,1,3,Mesos,Resolved,2018-01-25,MESOS-8486,3,1,516.89,Meng Zhu,2
MasterTest.RegistryGcByCount is flaky,test,3.0,Major,Bug,2018,1,6,Mesos,Resolved,2018-01-24,MESOS-8485,2,1,41.75,Benno Evers,1
stout test NumifyTest.HexNumberTest fails. ,stout,1.0,Blocker,Bug,2018,1,4,Mesos,Resolved,2018-01-24,MESOS-8484,2,1,0.93,Benjamin Bannier,0
ExampleTests PythonFramework fails with sigabort.,,3.0,Blocker,Bug,2018,1,5,Mesos,Resolved,2018-01-24,MESOS-8483,2,0,6.35,Till Toenshoff,0
Signed/Unsigned comparisons in tests,test,1.0,Major,Bug,2018,1,2,Mesos,Resolved,2018-01-24,MESOS-8482,2,1,1.09,Benno Evers,3
Mesos returns high resource usage when killing a Docker task.,containerization,2.0,Major,Bug,2018,1,5,Mesos,Resolved,2018-01-23,MESOS-8480,1,1,0.18,Chun-Hung Hsiao,0
Make clean fails without Python artifacts.,build,1.0,Major,Bug,2018,1,3,Mesos,Resolved,2018-01-23,MESOS-8477,1,1,2.9,Till Toenshoff,0
Test StorageLocalResourceProviderTest.ROOT_ConvertPreExistingVolume is flaky,"storage,test",2.0,Major,Bug,2018,1,6,Mesos,Resolved,2018-01-22,MESOS-8474,0,2,16.41,Chun-Hung Hsiao,3
Authorize `GET_OPERATIONS` calls.,"agent,master",3.0,Major,Task,2018,1,2,Mesos,Resolved,2018-01-22,MESOS-8473,0,2,168.93,Benjamin Bannier,0
CHECK failure in DRFSorter due to invalid framework id.,allocation,2.0,Major,Bug,2018,1,7,Mesos,Resolved,2018-01-20,MESOS-8470,5,1,325.48,Benjamin Bannier,3
Mesos master might drop some events in the operator API stream,,3.0,Critical,Bug,2018,1,4,Mesos,Resolved,2018-01-20,MESOS-8469,5,0,2.95,Greg Mann,0
`LAUNCH_GROUP` failure tears down the default executor.,,5.0,Critical,Bug,2018,1,3,Mesos,Resolved,2018-01-19,MESOS-8468,4,0,25.62,Gastón Kleiman,2
Destroyed executors might be used after `Slave::publishResource()`.,,2.0,Critical,Bug,2018,1,4,Mesos,Resolved,2018-01-19,MESOS-8467,4,0,446.15,Chun-Hung Hsiao,3
Test MasterAllocatorTest/1.SingleFramework is flaky,"allocation,test",3.0,Major,Bug,2018,1,7,Mesos,Resolved,2018-01-19,MESOS-8463,4,2,32.49,Till Toenshoff,1
Unit test for `Slave::detachFile` on removed frameworks.,,2.0,Major,Task,2018,1,2,Mesos,Resolved,2018-01-19,MESOS-8462,4,0,4.96,Qian Zhang,1
`Slave::detachFile` can segfault because it could use invalid Framework*.,,3.0,Major,Bug,2018,1,4,Mesos,Resolved,2018-01-18,MESOS-8460,3,0,0.28,Chun-Hung Hsiao,0
Allocator should allow roles to burst above guarantees but below limits.,allocation,8.0,Major,Improvement,2018,1,3,Mesos,Resolved,2018-01-17,MESOS-8456,2,1,506.03,Meng Zhu,2
Avoid unnecessary copying of protobuf in the v1 API.,"agent,master",3.0,Major,Improvement,2018,1,3,Mesos,Resolved,2018-01-17,MESOS-8455,2,2,0.27,Benjamin Mahler,0
Add a download link for master and agent logs in WebUI,webui,3.0,Major,Improvement,2018,1,2,Mesos,Resolved,2018-01-17,MESOS-8454,2,1,41.35,Armand Grillet,0
ExecutorAuthorizationTest.RunTaskGroup segfaults.,test,3.0,Major,Bug,2018,1,3,Mesos,Resolved,2018-01-17,MESOS-8453,2,1,7.2,Benjamin Mahler,1
Incomplete output of apply-reviews.py --dry-run,build,1.0,Major,Bug,2018,1,2,Mesos,Resolved,2018-01-16,MESOS-8447,1,1,9.23,Benjamin Bannier,0
Agent miss to detach `virtualLatestPath` for the executor's sandbox during recovery,agent,1.0,Major,Bug,2018,1,2,Mesos,Resolved,2018-01-15,MESOS-8446,0,1,1.55,Qian Zhang,0
Test that `UPDATE_STATE` of a resource provider doesn't have unwanted side-effects in master or agent,,3.0,Major,Task,2018,1,2,Mesos,Resolved,2018-01-15,MESOS-8445,0,0,3.03,Jan Schlicht,1
GC failure causes agent miss to detach virtual paths for the executor's sandbox,agent,2.0,Major,Bug,2018,1,2,Mesos,Resolved,2018-01-14,MESOS-8444,6,1,2.72,Qian Zhang,0
Source tree contains generated endpoint documentation,documentation,1.0,Major,Task,2018,1,2,Mesos,Resolved,2018-01-12,MESOS-8442,4,1,42.09,Benjamin Mahler,0
Clean up endpoint socket if the container daemon is destroyed while waiting.,,3.0,Major,Bug,2018,1,2,Mesos,Resolved,2018-01-10,MESOS-8429,2,0,236.91,Chun-Hung Hsiao,2
SLRP recovery tests leak file descriptors.,,2.0,Major,Bug,2018,1,5,Mesos,Resolved,2018-01-10,MESOS-8428,2,0,469.03,Benjamin Bannier,2
Clean up residual CSI endpoints for SLRP tests.,,2.0,Major,Improvement,2018,1,2,Mesos,Resolved,2018-01-10,MESOS-8427,2,0,28.32,Chun-Hung Hsiao,2
Speed up SLRP tests,,2.0,Major,Improvement,2018,1,3,Mesos,Resolved,2018-01-10,MESOS-8426,2,0,28.32,Chun-Hung Hsiao,2
Validation for resource provider config agent API calls.,,2.0,Major,Bug,2018,1,1,Mesos,Resolved,2018-01-10,MESOS-8425,2,0,268.2,Chun-Hung Hsiao,2
Test that operations are correctly reported following a master failover,master,3.0,Major,Task,2018,1,5,Mesos,Resolved,2018-01-10,MESOS-8424,2,1,40.16,Jan Schlicht,1
Master's UpdateSlave handler not correctly updating terminated operations,master,5.0,Blocker,Bug,2018,1,4,Mesos,Resolved,2018-01-10,MESOS-8422,2,1,3.02,Benjamin Bannier,1
Test that operation status updates are retried after being dropped en-route to the master.,,3.0,Major,Task,2018,1,1,Mesos,Resolved,2018-01-09,MESOS-8420,1,0,10.04,Gastón Kleiman,1
RP manager incorrectly setting framework ID leads to CHECK failure,agent,1.0,Blocker,Bug,2018,1,2,Mesos,Resolved,2018-01-09,MESOS-8419,1,1,2.52,Greg Mann,1
CHECK failure if trying to recover nested containers but the framework checkpointing is not enabled.,containerization,5.0,Blocker,Bug,2018,1,4,Mesos,Resolved,2018-01-08,MESOS-8416,0,1,98.81,Gilbert Song,2
Add an SLRP test for agent  reboot.,,2.0,Major,Task,2018,1,2,Mesos,Resolved,2018-01-08,MESOS-8415,0,0,30.25,Chun-Hung Hsiao,2
Killing a queued task can lead to the command executor never terminating.,agent,5.0,Critical,Bug,2018,1,5,Mesos,Resolved,2018-01-08,MESOS-8411,0,1,36.2,Meng Zhu,0
Reconfiguration policy fails to handle mount disk resources.,,3.0,Blocker,Bug,2018,1,4,Mesos,Resolved,2018-01-06,MESOS-8410,5,0,6.76,Benno Evers,0
Add an SLRP test for agent registered with a new ID.,,2.0,Major,Task,2018,1,2,Mesos,Resolved,2018-01-06,MESOS-8409,5,0,26.24,Chun-Hung Hsiao,2
Add an SLRP test for CSI plugin restart.,,3.0,Major,Task,2018,1,2,Mesos,Resolved,2018-01-05,MESOS-8408,4,0,14.09,Chun-Hung Hsiao,2
Add SLRP unit tests for profile updates and corner cases.,,3.0,Major,Task,2018,1,2,Mesos,Resolved,2018-01-05,MESOS-8407,4,0,14.14,Chun-Hung Hsiao,2
Add agent HTTP API operator call to mark local resource providers as gone,"agent,storage",3.0,Critical,Improvement,2018,1,3,Mesos,Resolved,2018-01-05,MESOS-8403,4,2,377.79,Benjamin Bannier,1
Resource provider manager should persist resource provider information,storage,8.0,Major,Improvement,2018,1,3,Mesos,Resolved,2018-01-05,MESOS-8402,4,1,116.45,Benjamin Bannier,1
Use unique ID for CSI plugin containers in SLRP.,,3.0,Major,Bug,2018,1,2,Mesos,Resolved,2018-01-05,MESOS-8399,4,0,297.83,Chun-Hung Hsiao,2
Made gRPC a requirement for Mesos builds.,,5.0,Blocker,Task,2018,1,3,Mesos,Resolved,2018-01-04,MESOS-8395,3,0,211.12,Chun-Hung Hsiao,2
Bump CSI to 0.1.0,,2.0,Blocker,Task,2018,1,2,Mesos,Resolved,2018-01-04,MESOS-8394,3,0,0.33,Chun-Hung Hsiao,2
SLRP NewVolumeRecovery and LaunchTaskRecovery tests CHECK failures.,,2.0,Blocker,Bug,2018,1,1,Mesos,Resolved,2018-01-04,MESOS-8393,3,0,7.23,Chun-Hung Hsiao,2
Mesos agent doesn't notice that a pod task exits or crashes after the agent restart,"agent,containerization,executor",3.0,Blocker,Bug,2018,1,8,Mesos,Resolved,2018-01-04,MESOS-8391,3,3,8.96,Andrei Budnik,0
"Notion of ""transitioning"" agents in the master is now inaccurate.",master,3.0,Major,Improvement,2018,1,2,Mesos,Resolved,2018-01-04,MESOS-8390,3,1,8.05,Benjamin Mahler,0
"Notion of ""removable"" task in master code is inaccurate.",master,5.0,Major,Improvement,2018,1,2,Mesos,Resolved,2018-01-04,MESOS-8389,3,1,19.12,Benjamin Mahler,0
Show LRP resources in master and agent endpoints.,master,2.0,Major,Task,2018,1,2,Mesos,Resolved,2018-01-03,MESOS-8388,2,1,75.52,Benjamin Bannier,0
Add metrics for operations in Storage Local Resource Provider (SLRP).,,3.0,Major,Task,2018,1,2,Mesos,Resolved,2018-01-03,MESOS-8383,2,0,148.13,Chun-Hung Hsiao,2
Master should bookkeep local resource providers.,,5.0,Major,Task,2018,1,4,Mesos,Resolved,2018-01-03,MESOS-8382,2,0,69.6,Benjamin Bannier,2
Update WebUI to show local resource providers.,,2.0,Critical,Improvement,2018,1,2,Mesos,Resolved,2018-01-03,MESOS-8380,2,0,372.44,Benjamin Bannier,0
Use protobuf reflection to simplify upgrading of resources.,,3.0,Blocker,Task,2018,1,4,Mesos,Resolved,2018-01-03,MESOS-8375,2,0,8.11,Michael Park,0
Test reconciliation after operation is dropped en route to agent,"agent,master",3.0,Major,Task,2018,1,2,Mesos,Resolved,2018-01-03,MESOS-8373,2,2,35.4,Greg Mann,1
Create AuthN support for prune images API,image-gc,3.0,Major,Improvement,2017,12,2,Mesos,Resolved,2017-12-28,MESOS-8365,3,1,2.68,Zhitao Li,3
Verify that the master acknowledges operation status updates correctly,,5.0,Major,Task,2017,12,1,Mesos,Resolved,2017-12-28,MESOS-8363,3,0,23.0,Gastón Kleiman,1
Verify end-to-end operation status update retry after RP failover,,5.0,Major,Task,2017,12,3,Mesos,Resolved,2017-12-28,MESOS-8362,3,0,23.01,Gastón Kleiman,1
Example frameworks to support launching mesos-local.,framework,3.0,Minor,Improvement,2017,12,2,Mesos,Resolved,2017-12-27,MESOS-8361,2,1,34.21,Till Toenshoff,1
Add operator API 'PRUNE_IMAGES' for manual container image GC.,image-gc,3.0,Major,Improvement,2017,12,1,Mesos,Resolved,2017-12-27,MESOS-8360,2,1,0.01,Zhitao Li,3
Create agent endpoints for pruning images,,5.0,Major,Task,2017,12,2,Mesos,Resolved,2017-12-23,MESOS-8358,5,0,10.74,Zhitao Li,0
Example frameworks have an inconsistent UX.,,3.0,Minor,Improvement,2017,12,4,Mesos,Resolved,2017-12-22,MESOS-8357,4,0,39.28,Till Toenshoff,1
Resources may get over allocated to some roles while fail to meet the quota of other roles.,allocation,3.0,Major,Bug,2017,12,1,Mesos,Resolved,2017-12-21,MESOS-8352,3,1,1.8,Meng Zhu,2
Resource provider-capable agents not correctly synchronizing checkpointed agent resources on reregistration,master,2.0,Critical,Bug,2017,12,4,Mesos,Resolved,2017-12-20,MESOS-8350,2,1,14.92,Benjamin Bannier,0
"When a resource provider driver is disconnected, it fails to reconnect.",,2.0,Major,Bug,2017,12,3,Mesos,Resolved,2017-12-20,MESOS-8349,2,0,7.34,Benjamin Bannier,1
Resubscription of a resource provider will crash the agent if its HTTP connection isn't closed,,2.0,Blocker,Bug,2017,12,4,Mesos,Resolved,2017-12-19,MESOS-8346,1,0,2.19,Jan Schlicht,1
Improve JSON v1 operator API performance.,HTTP API,2.0,Major,Improvement,2017,12,3,Mesos,Resolved,2017-12-19,MESOS-8344,1,1,29.79,Meng Zhu,1
Agent can become stuck in (re-)registering state during upgrades,,3.0,Major,Bug,2017,12,2,Mesos,Resolved,2017-12-18,MESOS-8341,0,0,15.34,Benno Evers,0
Quota headroom may be insufficiently held when role has more reservation than quota.,allocation,3.0,Major,Bug,2017,12,1,Mesos,Resolved,2017-12-15,MESOS-8339,4,1,3.25,Meng Zhu,1
MasterTest.RegistryUpdateAfterReconfiguration is flaky,,1.0,Major,Bug,2017,12,4,Mesos,Resolved,2017-12-15,MESOS-8336,4,0,74.97,Benno Evers,1
Improve logs displayed after a slave failed recovery.,,2.0,Minor,Improvement,2017,12,2,Mesos,Resolved,2017-12-13,MESOS-8328,2,0,6.13,Armand Grillet,0
Add container-specific CGroup FS mounts under /sys/fs/cgroup/* to Mesos containers,containerization,13.0,Critical,Task,2017,12,4,Mesos,Resolved,2017-12-13,MESOS-8327,2,1,194.63,Qian Zhang,0
Mesos containerizer does not properly handle old running containers,"agent,containerization",2.0,Blocker,Bug,2017,12,2,Mesos,Resolved,2017-12-12,MESOS-8325,1,2,0.31,Zhitao Li,4
Tests that fetch docker images might be flaky due to insufficient wait timeout.,test,2.0,Major,Bug,2017,12,2,Mesos,Resolved,2017-12-08,MESOS-8316,4,1,0.13,Alex R,2
Add authorization to display of resource provider information in API calls and endpoints,"agent,HTTP API,master",3.0,Major,Task,2017,12,2,Mesos,Resolved,2017-12-08,MESOS-8314,4,3,236.36,Benjamin Bannier,1
Pass resource provider information to master as part of UpdateSlaveMessage,,5.0,Major,Bug,2017,12,2,Mesos,Resolved,2017-12-07,MESOS-8312,3,0,0.83,Benjamin Bannier,0
Document container image garbage collection.,"containerization,image-gc,provisioner",2.0,Major,Documentation,2017,12,2,Mesos,Resolved,2017-12-07,MESOS-8310,3,3,23.8,Zhitao Li,3
Introduce a UUID message type,,3.0,Major,Task,2017,12,4,Mesos,Resolved,2017-12-07,MESOS-8309,3,0,7.35,Jan Schlicht,1
Update CHANGELOG to call out agent reconfiguration feature,,1.0,Major,Documentation,2017,12,1,Mesos,Resolved,2017-12-05,MESOS-8304,1,0,27.82,Benno Evers,0
Add user doc for agent reconfiguration,,3.0,Major,Documentation,2017,12,2,Mesos,Resolved,2017-12-05,MESOS-8303,1,0,27.82,Benno Evers,0
Built-in driver-based executors ignore kill task if the task has not been launched.,executor,5.0,Blocker,Bug,2017,12,5,Mesos,Resolved,2017-12-04,MESOS-8297,0,1,18.03,Alex R,1
Add excluded image parameter to containerizer::pruneImages() interface.,"containerization,image-gc",2.0,Major,Improvement,2017,12,2,Mesos,Resolved,2017-12-02,MESOS-8295,5,2,5.67,Gilbert Song,4
Support container image basic auto gc.,"containerization,image-gc,provisioner",8.0,Major,Improvement,2017,12,2,Mesos,Resolved,2017-12-02,MESOS-8294,5,3,5.67,Gilbert Song,4
Reservation may not be allocated when the role has no quota.,allocation,3.0,Critical,Bug,2017,12,2,Mesos,Resolved,2017-12-01,MESOS-8293,4,1,14.11,Meng Zhu,1
Add documentation about fault domains,,3.0,Major,Documentation,2017,12,1,Mesos,Resolved,2017-12-01,MESOS-8291,4,0,62.95,Benno Evers,0
ReservationTest.MasterFailover is flaky when run with `RESOURCE_PROVIDER` capability.,test,3.0,Major,Bug,2017,12,2,Mesos,Resolved,2017-12-01,MESOS-8289,4,1,4.88,Jan Schlicht,3
SlaveTest.IgnoreV0ExecutorIfItReregistersWithoutReconnect is flaky.,test,3.0,Major,Bug,2017,12,3,Mesos,Resolved,2017-12-01,MESOS-8288,4,1,4.4,Benjamin Mahler,1
Mesos Containerizer GC should set 'layers' after checkpointing layer ids in provisioner.,"image-gc,provisioner",3.0,Critical,Bug,2017,11,3,Mesos,Resolved,2017-11-30,MESOS-8280,3,2,7.7,Zhitao Li,5
Persistent volumes are not visible in Mesos UI using default executor on Linux.,,3.0,Major,Bug,2017,11,6,Mesos,Resolved,2017-11-29,MESOS-8279,2,0,48.15,Qian Zhang,0
Add an agent endpoint to list all active resource providers,agent,3.0,Major,Task,2017,11,3,Mesos,Resolved,2017-11-28,MESOS-8270,1,1,10.12,Jan Schlicht,1
Support resource provider re-subscription in the resource provider manager,,3.0,Major,Task,2017,11,1,Mesos,Resolved,2017-11-28,MESOS-8269,1,0,8.99,Jan Schlicht,1
NestedMesosContainerizerTest.ROOT_CGROUPS_RecoverLauncherOrphans is flaky.,test,2.0,Major,Bug,2017,11,2,Mesos,Resolved,2017-11-27,MESOS-8267,0,1,22.34,Andrei Budnik,1
Add state recovery for storage local resource provider.,,3.0,Major,Task,2017,11,0,Mesos,Resolved,2017-11-27,MESOS-8265,0,0,25.93,Chun-Hung Hsiao,2
ResourceProviderManagerHttpApiTest.ConvertResources is flaky,flaky,2.0,Major,Bug,2017,11,2,Mesos,Resolved,2017-11-23,MESOS-8263,3,1,0.49,Jan Schlicht,2
Mesos.DockerContainerizerTest.ROOT_DOCKER_SlaveRecoveryTaskContainer is flaky.,test,2.0,Major,Bug,2017,11,4,Mesos,Resolved,2017-11-23,MESOS-8258,3,1,118.08,Andrei Budnik,1
"Introduce a way to resolve the ""profile"" for disk resources",,3.0,Major,Task,2017,11,1,Mesos,Resolved,2017-11-21,MESOS-8251,1,0,28.1,Joseph Wu,2
SlaveRecoveryTest/0.ReconnectExecutor is flaky.,test,3.0,Major,Bug,2017,11,2,Mesos,Resolved,2017-11-17,MESOS-8245,4,1,26.33,Benno Evers,1
Add operator API to reload local resource providers.,,5.0,Major,Task,2017,11,3,Mesos,Resolved,2017-11-17,MESOS-8244,4,0,35.65,Chun-Hung Hsiao,2
Add metrics for offer operation feedback,,5.0,Blocker,Task,2017,11,3,Mesos,Resolved,2017-11-16,MESOS-8241,3,0,498.1,Benno Evers,3
Add an option to build the new CLI and run unit tests.,cli,8.0,Major,Improvement,2017,11,7,Mesos,Resolved,2017-11-15,MESOS-8240,2,1,147.6,Armand Grillet,0
Strip (Offer|Resource).allocation_info for non-MULTI_ROLE schedulers.,,5.0,Major,Bug,2017,11,5,Mesos,Resolved,2017-11-15,MESOS-8237,2,0,16.15,Benjamin Mahler,1
Add resource versions to RunTaskMessage,"agent,master",3.0,Major,Task,2017,11,2,Mesos,Resolved,2017-11-14,MESOS-8222,1,2,23.67,Benjamin Bannier,1
Use protobuf reflection to simplify downgrading of resources.,agent,5.0,Blocker,Improvement,2017,11,5,Mesos,Resolved,2017-11-14,MESOS-8221,1,1,49.54,Michael Park,0
Validate that any offer operation is only applied on resources from a single provider,master,1.0,Major,Task,2017,11,5,Mesos,Resolved,2017-11-14,MESOS-8219,1,1,50.84,Jan Schlicht,0
Support `RESERVE`/`CREATE` operations with resource providers,,5.0,Major,Task,2017,11,1,Mesos,Resolved,2017-11-14,MESOS-8218,1,0,9.25,Jan Schlicht,1
Handle agent local resources in offer operation handler,agent,5.0,Major,Task,2017,11,1,Mesos,Resolved,2017-11-13,MESOS-8211,0,1,10.18,Jan Schlicht,1
"Reconcile offer operations between resource providers, agents, and master","agent,master,storage",2.0,Major,Task,2017,11,2,Mesos,Resolved,2017-11-10,MESOS-8207,4,3,23.89,Benjamin Bannier,1
Add the pip-requirements from other modules to the pylint virtual environment,,3.0,Major,Improvement,2017,11,2,Mesos,Resolved,2017-11-10,MESOS-8206,4,0,293.73,Armand Grillet,0
Add end to end tests for offer operation feedback,,8.0,Major,Task,2017,11,2,Mesos,Resolved,2017-11-09,MESOS-8201,3,0,294.9,Gastón Kleiman,1
"Add plumbing for explicit offer operation reconciliation between master, agent, and RPs.",,2.0,Major,Task,2017,11,2,Mesos,Resolved,2017-11-09,MESOS-8199,3,0,28.28,Greg Mann,1
Update the ReconcileOfferOperations protos,,1.0,Major,Task,2017,11,2,Mesos,Resolved,2017-11-09,MESOS-8198,3,0,19.23,Greg Mann,1
Implement a library to send offer operation status updates,,8.0,Major,Task,2017,11,2,Mesos,Resolved,2017-11-09,MESOS-8197,3,0,28.31,Gastón Kleiman,1
Propagate failures from applying offer operations from resource providers,,3.0,Major,Task,2017,11,2,Mesos,Resolved,2017-11-09,MESOS-8196,3,0,4.09,Benjamin Bannier,2
"Implement explicit offer operation reconciliation between the master, agent and RPs.",,3.0,Major,Task,2017,11,2,Mesos,Resolved,2017-11-09,MESOS-8195,3,0,40.75,Greg Mann,1
Update master’s OfferOperationStatusUpdate handler to acknowledge updates to the agent if OfferOperationID is not set.,,2.0,Major,Task,2017,11,2,Mesos,Resolved,2017-11-09,MESOS-8193,3,0,29.14,Greg Mann,1
Update the scheduler library to support request/response API calls.,,5.0,Major,Task,2017,11,2,Mesos,Resolved,2017-11-09,MESOS-8192,3,0,165.82,Gastón Kleiman,1
Implement ReconcileOfferOperations handler in the master,,5.0,Major,Task,2017,11,2,Mesos,Resolved,2017-11-09,MESOS-8191,3,0,165.83,Gastón Kleiman,1
Update the master to accept OfferOperationIDs from frameworks.,,3.0,Major,Task,2017,11,3,Mesos,Resolved,2017-11-09,MESOS-8190,3,0,134.27,Greg Mann,1
Master’s OperationStatusUpdate handler should forward updates to the framework when OfferOperationID is set.,,2.0,Major,Task,2017,11,2,Mesos,Resolved,2017-11-09,MESOS-8189,3,0,134.28,Gastón Kleiman,1
"Enable LRP to send operation status updates, checkpoint, and retry using the SUM",,8.0,Major,Task,2017,11,1,Mesos,Resolved,2017-11-09,MESOS-8187,3,0,40.77,Chun-Hung Hsiao,1
Implement the agent's AcknowledgeOfferOperationMessage handler.,,3.0,Major,Task,2017,11,2,Mesos,Resolved,2017-11-09,MESOS-8186,3,0,29.16,Greg Mann,1
Implement master's AcknowledgeOfferOperationMessage handler.,,5.0,Major,Task,2017,11,4,Mesos,Resolved,2017-11-09,MESOS-8184,3,0,134.29,Gastón Kleiman,1
Add a container daemon to monitor a long-running standalone container.,agent,3.0,Major,Task,2017,11,0,Mesos,Resolved,2017-11-08,MESOS-8183,2,1,21.17,Chun-Hung Hsiao,1
Scheduler library has incorrect assumptions about connections.,scheduler driver,1.0,Critical,Bug,2017,11,2,Mesos,Resolved,2017-11-07,MESOS-8179,1,1,1.67,Alex R,1
Using a failoverTimeout of 0 with Mesos native scheduler client can result in infinite subscribe loop,"c++ api,java api,scheduler driver",2.0,Minor,Bug,2017,11,5,Mesos,Resolved,2017-11-04,MESOS-8171,5,3,28.59,Meng Zhu,1
Review #62775 broke the build,,1.0,Critical,Bug,2017,11,2,Mesos,Resolved,2017-11-01,MESOS-8157,2,0,1.13,Qian Zhang,0
Add a mock resource provider manager.,,3.0,Major,Task,2017,10,1,Mesos,Resolved,2017-10-28,MESOS-8144,5,0,55.93,Chun-Hung Hsiao,1
Publish and unpublish storage local resources through CSI plugins.,storage,3.0,Major,Task,2017,10,0,Mesos,Resolved,2017-10-28,MESOS-8143,5,1,55.94,Chun-Hung Hsiao,2
Add filesystem layout for storage resource providers.,storage,3.0,Major,Task,2017,10,1,Mesos,Resolved,2017-10-27,MESOS-8141,4,1,33.08,Chun-Hung Hsiao,2
Masters can lose track of tasks' executor IDs.,agent,4.0,Major,Bug,2017,10,2,Mesos,Resolved,2017-10-25,MESOS-8135,2,1,7.95,Gastón Kleiman,2
Design a library to send offer operation status updates,,3.0,Major,Task,2017,10,1,Mesos,Resolved,2017-10-25,MESOS-8132,2,0,21.15,Greg Mann,1
Add new protobuf messages for offer operation feedback,,2.0,Major,Task,2017,10,3,Mesos,Resolved,2017-10-25,MESOS-8131,2,0,5.15,Greg Mann,1
Add placeholder handlers for offer operation feedback,"agent,master",2.0,Major,Task,2017,10,2,Mesos,Resolved,2017-10-25,MESOS-8130,2,2,5.17,Greg Mann,1
Make os::pipe file descriptors O_CLOEXEC.,stout,3.0,Critical,Bug,2017,10,8,Mesos,Resolved,2017-10-24,MESOS-8128,1,1,297.04,James Peach,1
Agent should properly handle recovering an executor when its pid is reused,docker,2.0,Critical,Bug,2017,10,8,Mesos,Resolved,2017-10-23,MESOS-8125,0,1,99.08,Qian Zhang,0
GPU tests are failing due to TASK_STARTING.,test,1.0,Major,Bug,2017,10,2,Mesos,Resolved,2017-10-21,MESOS-8123,5,1,23.62,Benno Evers,2
Unified Containerizer Auto backend should check xfs ftype for overlayfs backend.,containerization,3.0,Major,Bug,2017,10,3,Mesos,Resolved,2017-10-20,MESOS-8121,4,1,40.14,Meng Zhu,2
ROOT_DOCKER_DockerHealthyTask segfaults in debian 8.,test,3.0,Major,Bug,2017,10,2,Mesos,Resolved,2017-10-20,MESOS-8119,4,1,39.59,Alex R,2
Add a master flag to disallow agents that are not configured with fault domain,,3.0,Major,Improvement,2017,10,3,Mesos,Resolved,2017-10-20,MESOS-8115,4,0,74.38,Benno Evers,0
Process offer operations in storage local resource provider,storage,3.0,Major,Task,2017,10,0,Mesos,Resolved,2017-10-18,MESOS-8108,2,1,65.91,Chun-Hung Hsiao,1
Add a call to update total resources in the resource provider API.,,3.0,Major,Task,2017,10,2,Mesos,Resolved,2017-10-17,MESOS-8107,1,0,11.77,Chun-Hung Hsiao,1
Docker fetcher plugin unsupported scheme failure message is not accurate.,containerization,3.0,Major,Improvement,2017,10,2,Mesos,Resolved,2017-10-17,MESOS-8106,1,1,247.08,He yihua,2
Add a test CSI plugin for storage local resource provider.,test,5.0,Major,Task,2017,10,0,Mesos,Resolved,2017-10-17,MESOS-8102,1,1,66.91,Chun-Hung Hsiao,2
Import resources from CSI plugins in storage local resource provider.,storage,5.0,Major,Task,2017,10,1,Mesos,Resolved,2017-10-17,MESOS-8101,1,1,66.92,Chun-Hung Hsiao,2
Authorize standalone container calls from local resource providers.,agent,5.0,Major,Task,2017,10,1,Mesos,Resolved,2017-10-16,MESOS-8100,0,1,44.06,Chun-Hung Hsiao,2
Add protobuf for checkpointing resource provider states.,,2.0,Major,Task,2017,10,0,Mesos,Resolved,2017-10-16,MESOS-8099,0,0,66.35,Chun-Hung Hsiao,1
Add filesystem layout for local resource providers.,agent,2.0,Major,Task,2017,10,2,Mesos,Resolved,2017-10-16,MESOS-8097,0,1,44.24,Chun-Hung Hsiao,2
ResourceProviderRegistrarTest.AgentRegistrar is flaky.,test,2.0,Major,Bug,2017,10,2,Mesos,Resolved,2017-10-14,MESOS-8095,5,1,2.13,Benjamin Bannier,2
Some tests miss subscribed event because expectation is set after event fires.,"scheduler driver,test",2.0,Major,Bug,2017,10,2,Mesos,Resolved,2017-10-14,MESOS-8093,5,2,24.33,Armand Grillet,2
Add messages to publish resources on a resource provider,,7.0,Major,Task,2017,10,1,Mesos,Resolved,2017-10-13,MESOS-8089,4,0,41.13,Jan Schlicht,2
Introduce Lamport timestamp for offer operations.,,2.0,Major,Task,2017,10,3,Mesos,Resolved,2017-10-13,MESOS-8088,4,0,75.63,Benjamin Bannier,1
Add operation status update handler in Master.,,5.0,Major,Task,2017,10,1,Mesos,Resolved,2017-10-13,MESOS-8087,4,0,32.55,Jan Schlicht,2
Double free corruption in tests due to parallel manipulation of signal and control handlers.,,3.0,Major,Bug,2017,10,2,Mesos,Resolved,2017-10-12,MESOS-8084,3,0,1.28,Dmitry Zhuk,1
updateAvailable races with a periodic allocation and leads to flaky tests.,test,5.0,Major,Bug,2017,10,2,Mesos,Resolved,2017-10-12,MESOS-8082,3,1,4.19,Alex R,2
Checkpoint and recover layers used to provision rootfs in provisioner,provisioner,5.0,Major,Task,2017,10,2,Mesos,Resolved,2017-10-12,MESOS-8079,3,1,39.19,Zhitao Li,1
Some fields went missing with no replacement in api/v1.,HTTP API,2.0,Critical,Improvement,2017,10,6,Mesos,Resolved,2017-10-12,MESOS-8078,3,1,93.07,Greg Mann,1
PersistentVolumeTest.SharedPersistentVolumeRescindOnDestroy is flaky.,test,2.0,Major,Bug,2017,10,2,Mesos,Resolved,2017-10-12,MESOS-8076,3,1,0.78,Yan Xu,2
Add ReadWriteLock to libprocess.,libprocess,5.0,Major,Task,2017,10,2,Mesos,Resolved,2017-10-11,MESOS-8075,2,1,8.05,Zhitao Li,1
Change Libprocess actor state transitions verbose logs to use VLOG(3) instead of 2,,1.0,Minor,Improvement,2017,10,2,Mesos,Resolved,2017-10-11,MESOS-8074,2,0,7.17,Armand Grillet,2
Change Mesos common events verbose logs to use VLOG(2) instead of 1,,2.0,Minor,Improvement,2017,10,2,Mesos,Resolved,2017-10-11,MESOS-8072,2,0,7.38,Armand Grillet,2
Add agent capability for resource provider.,,2.0,Major,Task,2017,10,1,Mesos,Resolved,2017-10-11,MESOS-8071,2,0,18.49,Jie Yu,0
Bundled GRPC build does not build on Debian 8,,2.0,Major,Bug,2017,10,3,Mesos,Resolved,2017-10-11,MESOS-8070,2,0,64.65,Chun-Hung Hsiao,0
Pylint report errors in apply-reviews.py on Ubuntu 14.04,,1.0,Minor,Bug,2017,10,1,Mesos,Resolved,2017-10-10,MESOS-8066,1,0,1.85,Armand Grillet,0
Introduce first class 'profile' for disk resources.,,2.0,Major,Task,2017,10,2,Mesos,Resolved,2017-10-06,MESOS-8060,4,0,6.01,Jie Yu,0
Agent and master can race when updating agent state.,agent,2.0,Critical,Bug,2017,10,5,Mesos,Resolved,2017-10-06,MESOS-8058,4,1,4.23,Benjamin Bannier,1
Design doc for offer operations feedback,,8.0,Major,Task,2017,10,0,Mesos,Resolved,2017-10-05,MESOS-8055,3,0,35.2,Gastón Kleiman,1
"""protoc"" not found when running ""make -j4 check"" directly in stout",stout,2.0,Major,Bug,2017,10,2,Mesos,Resolved,2017-10-04,MESOS-8052,2,1,64.26,Chun-Hung Hsiao,1
Killing TASK_GROUP fail to kill some tasks,"agent,executor",2.0,Critical,Bug,2017,10,8,Mesos,Resolved,2017-10-04,MESOS-8051,2,2,26.54,Qian Zhang,0
Mesos HTTP/HTTPS health checks for IPv6 docker containers.,,5.0,Major,Story,2017,10,5,Mesos,Resolved,2017-10-02,MESOS-8050,0,0,56.59,Qian Zhang,0
ReservationEndpointsTest.GoodReserveAndUnreserveACL is flaky.,test,2.0,Major,Bug,2017,10,2,Mesos,Resolved,2017-10-02,MESOS-8048,0,1,14.46,Alex R,2
MasterTestPrePostReservationRefinement.ReserveAndUnreserveResourcesV1 is flaky.,test,2.0,Major,Bug,2017,10,2,Mesos,Resolved,2017-10-02,MESOS-8046,0,1,14.49,Alex R,2
Launch CSI plugins in storage local resource provider.,storage,5.0,Major,Task,2017,9,1,Mesos,Resolved,2017-09-27,MESOS-8032,2,1,86.0,Chun-Hung Hsiao,2
SLRP Configuration,agent,3.0,Major,Task,2017,9,0,Mesos,Resolved,2017-09-27,MESOS-8031,2,1,18.8,Chun-Hung Hsiao,1
A resource provider for supporting local storage through CSI,agent,13.0,Major,Epic,2017,9,0,Mesos,Resolved,2017-09-27,MESOS-8030,2,1,18.83,Chun-Hung Hsiao,1
Update HTTP scheduler library to allow for modularized authenticatee.,"HTTP API,modules,scheduler api,security",3.0,Major,Improvement,2017,9,2,Mesos,Resolved,2017-09-26,MESOS-8021,1,4,13.93,Till Toenshoff,4
Introduce a basic HTTP authenticatee.,"HTTP API,modules,security",2.0,Major,Improvement,2017,9,2,Mesos,Resolved,2017-09-26,MESOS-8017,1,3,14.32,Till Toenshoff,0
Introduce modularized HTTP authenticatee.,"HTTP API,modules,scheduler api,security",2.0,Major,Improvement,2017,9,3,Mesos,Resolved,2017-09-26,MESOS-8016,1,4,14.32,Till Toenshoff,3
Design a scheduler (V1) HTTP API authenticatee mechanism.,"HTTP API,modules,scheduler api,security",2.0,Major,Improvement,2017,9,1,Mesos,Resolved,2017-09-25,MESOS-8015,0,4,14.9,Till Toenshoff,5
Add test for blkio statistics,containerization,3.0,Major,Task,2017,9,2,Mesos,Resolved,2017-09-25,MESOS-8013,0,1,49.42,Qian Zhang,1
Support Znode paths for masters in the new CLI,cli,3.0,Major,Improvement,2017,9,2,Mesos,Resolved,2017-09-25,MESOS-8012,0,1,43.12,Armand Grillet,0
PersistentVolumeEndpointsTest.SlavesEndpointFullResources is flaky.,test,2.0,Major,Bug,2017,9,2,Mesos,Resolved,2017-09-21,MESOS-8003,3,1,25.33,Alex R,2
PersistentVolumeEndpointsTest.NoAuthentication is flaky.,test,2.0,Major,Bug,2017,9,2,Mesos,Resolved,2017-09-21,MESOS-8001,3,1,25.4,Alex R,2
PersistentVolumeEndpointsTest.UnreserveVolumeResources is flaky.,test,2.0,Major,Bug,2017,9,2,Mesos,Resolved,2017-09-21,MESOS-7998,3,1,25.43,Alex R,2
Use ASF CI for automating RPM packaging and upload to bintray.,,5.0,Major,Task,2017,9,1,Mesos,Resolved,2017-09-15,MESOS-7985,4,0,55.03,Kapil Arya,0
Activate apache/mesos org on bintray,,3.0,Major,Task,2017,9,1,Mesos,Resolved,2017-09-15,MESOS-7984,4,0,5.1,Kapil Arya,0
Create Centos 6/7 RPM package.,,5.0,Major,Task,2017,9,2,Mesos,Resolved,2017-09-15,MESOS-7982,4,0,44.97,Kapil Arya,0
Stout fails to compile with libc >= 2.26.,"build,stout",2.0,Major,Bug,2017,9,2,Mesos,Resolved,2017-09-15,MESOS-7980,4,2,0.05,Kapil Arya,0
reviewboard's GUESS_FIELDS setting leads to redundant information in commit messages,,1.0,Minor,Bug,2017,9,2,Mesos,Resolved,2017-09-14,MESOS-7979,3,0,132.85,Benjamin Bannier,3
Lint javascript files to enable linting.,webui,1.0,Trivial,Bug,2017,9,4,Mesos,Resolved,2017-09-14,MESOS-7978,3,1,20.2,Armand Grillet,0
The command/default/docker executor can incorrectly send a TASK_FINISHED update even when the task is killed,,3.0,Critical,Bug,2017,9,14,Mesos,Resolved,2017-09-13,MESOS-7975,2,0,48.58,Qian Zhang,1
SlaveTest.HTTPSchedulerSlaveRestart test is flaky.,test,1.0,Major,Bug,2017,9,2,Mesos,Resolved,2017-09-12,MESOS-7972,1,1,47.64,Benjamin Mahler,2
Adding process::Executor::execute(),libprocess,2.0,Major,Improvement,2017,9,2,Mesos,Resolved,2017-09-12,MESOS-7970,1,1,13.13,Chun-Hung Hsiao,0
Handle cgroups v2 hierarchy when parsing /proc/self/cgroups.,,1.0,Major,Bug,2017,9,2,Mesos,Resolved,2017-09-12,MESOS-7969,1,0,1.06,Kapil Arya,0
Handle `/proc/self/ns/pid_for_children` when parsing available namespace.,,1.0,Major,Bug,2017,9,2,Mesos,Resolved,2017-09-12,MESOS-7968,1,0,1.07,Kapil Arya,0
check for maintenance on agent causes fatal error,master,5.0,Critical,Bug,2017,9,18,Mesos,Resolved,2017-09-12,MESOS-7966,1,1,265.09,Benno Evers,2
Heavy-duty GC makes the agent unresponsive,agent,2.0,Major,Bug,2017,9,2,Mesos,Resolved,2017-09-11,MESOS-7964,0,1,15.22,Chun-Hung Hsiao,0
Design Doc for Extended KillPolicy,"agent,executor,HTTP API",8.0,Major,Improvement,2017,9,1,Mesos,Resolved,2017-09-08,MESOS-7951,4,3,31.92,Greg Mann,1
Add GC capability to nested containers,executor,8.0,Major,Improvement,2017,9,9,Mesos,Resolved,2017-09-07,MESOS-7947,3,1,362.43,Joseph Wu,0
DefaultExecutorTest.SigkillExecutor test fails on Windows,"executor,test",2.0,Major,Bug,2017,9,1,Mesos,Resolved,2017-09-07,MESOS-7946,3,2,18.92,Andrei Budnik,1
MasterAPITest.EventAuthorizationFiltering is flaky.,"master,test",2.0,Major,Bug,2017,9,2,Mesos,Resolved,2017-09-07,MESOS-7945,3,2,39.25,Alex R,2
Implement jemalloc memory profiling support for Mesos,,8.0,Major,Bug,2017,9,3,Mesos,Resolved,2017-09-07,MESOS-7944,3,0,230.9,Benno Evers,1
Send TASK_STARTING status from built-in executors,executor,12.0,Major,Improvement,2017,9,5,Mesos,Resolved,2017-09-06,MESOS-7941,2,1,42.2,Benno Evers,2
Move sandbox path volume logic to 'volume/sandbox_path' isolator.,,3.0,Major,Task,2017,9,2,Mesos,Resolved,2017-09-04,MESOS-7936,0,0,1.28,Jie Yu,0
OOM due to LibeventSSLSocket send incorrectly returning 0 after shutdown.,libprocess,5.0,Blocker,Bug,2017,9,2,Mesos,Resolved,2017-09-01,MESOS-7934,4,1,0.15,Benjamin Mahler,0
`Metrics()` hangs on second call on Windows,,2.0,Critical,Bug,2017,8,2,Mesos,Resolved,2017-08-31,MESOS-7929,3,0,0.94,Joseph Wu,1
The composing containerizer leaks memory in some scenarios.,,2.0,Critical,Bug,2017,8,3,Mesos,Resolved,2017-08-30,MESOS-7927,2,0,13.31,Qian Zhang,0
Add a javascript linter to the webui.,webui,5.0,Major,Improvement,2017,8,13,Mesos,Resolved,2017-08-29,MESOS-7924,1,1,72.67,Armand Grillet,1
Make args optional in mesos port mapper plugin,network,1.0,Major,Bug,2017,8,4,Mesos,Resolved,2017-08-28,MESOS-7923,0,1,8.17,Deepak Goel,0
Fix communication between old masters and new agents.,"agent,master",2.0,Blocker,Bug,2017,8,2,Mesos,Resolved,2017-08-28,MESOS-7922,0,2,0.22,Michael Park,0
ProcessManager::resume sometimes crashes accessing EventQueue.,libprocess,8.0,Blocker,Bug,2017,8,13,Mesos,Resolved,2017-08-28,MESOS-7921,0,1,55.05,Benjamin Mahler,0
Docker statistics not reported on Windows.,docker,3.0,Major,Bug,2017,8,2,Mesos,Resolved,2017-08-25,MESOS-7917,4,1,3.1,Andrew Schwartzmeyer,3
Improve the test coverage of the DefaultExecutor.,executor,5.0,Major,Improvement,2017,8,8,Mesos,Resolved,2017-08-24,MESOS-7916,3,1,39.78,Gastón Kleiman,1
Ordering dependency between 'linux/capabilities' and 'docker/runtime' isolator.,,3.0,Major,Bug,2017,8,1,Mesos,Resolved,2017-08-23,MESOS-7909,2,0,1.01,Jie Yu,0
Filter results of `/state` on agent by role.,agent,3.0,Major,Task,2017,8,2,Mesos,Resolved,2017-08-15,MESOS-7892,1,1,20.17,Andrei Budnik,2
Avoid Multiple PROTOC invocations when generating Protobuf & GRPC code in libprocess,,1.0,Minor,Improvement,2017,8,2,Mesos,Resolved,2017-08-14,MESOS-7889,0,0,8.2,Chun-Hung Hsiao,1
Quota heuristic check not accounting for mount volumes,allocation,1.0,Major,Bug,2017,8,3,Mesos,Resolved,2017-08-11,MESOS-7883,4,1,592.19,Benjamin Mahler,1
Building gRPC with CMake,,8.0,Blocker,Improvement,2017,8,3,Mesos,Resolved,2017-08-11,MESOS-7881,4,0,253.09,Chun-Hung Hsiao,2
Add an option to skip the Mesos style check when applying a review chain.,,1.0,Minor,Improvement,2017,8,2,Mesos,Resolved,2017-08-10,MESOS-7880,3,0,38.37,Chun-Hung Hsiao,0
Audit test code for undefined behavior in accessing container elements,test,2.0,Minor,Improvement,2017,8,3,Mesos,Resolved,2017-08-10,MESOS-7877,3,1,56.37,Gastón Kleiman,4
Investigate alternative malloc implementations for mesos,,5.0,Major,Improvement,2017,8,4,Mesos,Resolved,2017-08-10,MESOS-7876,3,0,28.18,Benno Evers,2
Scheduler hang when registration fails.,scheduler driver,5.0,Major,Bug,2017,8,4,Mesos,Resolved,2017-08-09,MESOS-7872,2,1,22.48,Alex R,3
Agent fails assertion during request to '/state',agent,2.0,Major,Bug,2017,8,3,Mesos,Resolved,2017-08-09,MESOS-7871,2,1,0.74,Andrei Budnik,1
Refactor libssl and libcrypto checks for building gRPC,,1.0,Major,Improvement,2017,8,2,Mesos,Resolved,2017-08-08,MESOS-7870,1,0,2.02,Chun-Hung Hsiao,1
Build fails with `--disable-zlib` or `--with-zlib=DIR`,,1.0,Major,Bug,2017,8,2,Mesos,Resolved,2017-08-08,MESOS-7869,1,0,2.14,Chun-Hung Hsiao,0
Agent may process a kill task and still launch the task.,agent,3.0,Critical,Bug,2017,8,3,Mesos,Resolved,2017-08-07,MESOS-7865,0,1,15.95,Benjamin Mahler,0
Agent may drop pending kill task status updates.,agent,5.0,Critical,Bug,2017,8,3,Mesos,Resolved,2017-08-05,MESOS-7863,5,1,18.84,Benjamin Mahler,0
"Launching a nested container with namespace/pid isolation, with glibc < 2.25, may deadlock the LinuxLauncher and MesosContainerizer",containerization,5.0,Major,Bug,2017,8,1,Mesos,Resolved,2017-08-04,MESOS-7858,4,1,20.07,Jie Yu,2
Support shared PID namespace.,containerization,5.0,Major,Task,2017,8,4,Mesos,Resolved,2017-08-02,MESOS-7853,2,1,13.0,Qian Zhang,3
Master stores old resource format in the registry,master,3.0,Major,Bug,2017,8,4,Mesos,Resolved,2017-08-02,MESOS-7851,2,1,95.44,Michael Park,3
The rlimits and linux/capabilities isolators should support nested containers,"agent,containerization",3.0,Major,Bug,2017,8,2,Mesos,Resolved,2017-08-02,MESOS-7849,2,2,2.27,Gastón Kleiman,1
Add Mesos CLI command to list active tasks,cli,3.0,Major,Improvement,2017,7,5,Mesos,Resolved,2017-07-28,MESOS-7840,4,1,67.94,Armand Grillet,0
Propagate resource updates from local resource providers to master,agent,3.0,Major,Improvement,2017,7,4,Mesos,Resolved,2017-07-27,MESOS-7837,3,1,105.09,Benjamin Bannier,2
Sandbox_path volume does not have ownership set correctly.,containerization,3.0,Major,Bug,2017,7,2,Mesos,Resolved,2017-07-25,MESOS-7830,1,1,3.03,Gilbert Song,3
Current approach to parse protobuf enum from JSON does not support upgrades,,3.0,Major,Bug,2017,7,7,Mesos,Resolved,2017-07-25,MESOS-7828,1,0,69.45,Qian Zhang,0
Reorganize the new Mesos CLI to live under src/python,cli,2.0,Major,Improvement,2017,7,1,Mesos,Resolved,2017-07-23,MESOS-7823,6,1,7.92,Armand Grillet,0
Add HTTP connection handling to the resource provider driver,storage,3.0,Major,Task,2017,7,0,Mesos,Resolved,2017-07-20,MESOS-7816,3,1,4.71,Jan Schlicht,2
Improve the test frameworks.,framework,3.0,Minor,Improvement,2017,7,3,Mesos,Resolved,2017-07-20,MESOS-7814,3,1,21.35,Armand Grillet,2
gRPC support in libprocess,,8.0,Major,Improvement,2017,7,2,Mesos,Resolved,2017-07-19,MESOS-7810,2,0,22.21,Chun-Hung Hsiao,1
Building gRPC with Autotools,,5.0,Major,Improvement,2017,7,2,Mesos,Resolved,2017-07-19,MESOS-7809,2,0,22.22,Chun-Hung Hsiao,1
Bundling gRPC into 3rdparty,,5.0,Major,Improvement,2017,7,2,Mesos,Resolved,2017-07-19,MESOS-7808,2,0,22.22,Chun-Hung Hsiao,1
Docker executor needs to return multiple IP addresses for the container,,1.0,Major,Task,2017,7,3,Mesos,Resolved,2017-07-19,MESOS-7807,2,0,41.06,Avinash Sridharan,1
Add copy assignment operator to `net::IP::Network`,stout,1.0,Major,Task,2017,7,3,Mesos,Resolved,2017-07-19,MESOS-7806,2,1,14.9,Avinash Sridharan,0
mesos-execute has incorrect example TaskInfo in help string,documentation,1.0,Major,Bug,2017,7,2,Mesos,Resolved,2017-07-19,MESOS-7805,2,1,20.35,Benjamin Bannier,1
fs::list drops path components on Windows,stout,2.0,Major,Bug,2017,7,2,Mesos,Resolved,2017-07-17,MESOS-7803,0,1,203.98,Andrew Schwartzmeyer,2
LIBPROCESS_IP isn't passed on to the fetcher,"containerization,fetcher,network",3.0,Critical,Bug,2017,7,5,Mesos,Resolved,2017-07-14,MESOS-7796,4,3,5.0,Gastón Kleiman,1
Add support for ECDH ciphers,libprocess,5.0,Major,Improvement,2017,7,4,Mesos,Resolved,2017-07-13,MESOS-7792,3,1,13.48,Alexander Rojas,1
subprocess' childMain using ABORT when encountering user errors,libprocess,5.0,Major,Bug,2017,7,3,Mesos,Resolved,2017-07-13,MESOS-7791,3,1,55.82,Andrei Budnik,2
Design hierarchical quota allocation.,allocation,8.0,Major,Task,2017,7,3,Mesos,Resolved,2017-07-12,MESOS-7790,2,1,181.12,Michael Park,1
Add `SUBSCRIBE` call handling to the resource provider manager,,5.0,Major,Task,2017,7,4,Mesos,Resolved,2017-07-11,MESOS-7780,1,0,15.48,Jan Schlicht,1
Agent failed to recover due to mount namespace leakage in Docker 1.12/1.13,docker,3.0,Critical,Bug,2017,7,5,Mesos,Resolved,2017-07-11,MESOS-7777,1,1,4.66,Chun-Hung Hsiao,0
Eliminate extra process abort in a subprocess watchdog,,3.0,Major,Bug,2017,7,3,Mesos,Resolved,2017-07-10,MESOS-7775,0,0,2.89,Andrei Budnik,2
Copy-n-paste error in slave/main.cpp,agent,1.0,Blocker,Bug,2017,7,2,Mesos,Resolved,2017-07-07,MESOS-7772,4,1,11.78,Avinash Sridharan,2
Persistent volume might not be mounted if there is a sandbox volume whose source is the same as the target of the persistent volume.,containerization,3.0,Critical,Bug,2017,7,2,Mesos,Resolved,2017-07-07,MESOS-7770,4,1,4.02,Gilbert Song,2
libprocess initializes to bind to random port if --ip is not specified,libprocess,1.0,Blocker,Bug,2017,7,3,Mesos,Resolved,2017-07-07,MESOS-7769,4,1,11.86,Avinash Sridharan,1
Make `net::IP` fields protected to allow for inheritance,,1.0,Minor,Task,2017,7,2,Mesos,Resolved,2017-07-07,MESOS-7767,4,0,0.25,Avinash Sridharan,0
MasterTest.KillUnknownTask is failling due to a bug in `net::IPv4::ANY()`,,1.0,Blocker,Bug,2017,7,1,Mesos,Resolved,2017-07-06,MESOS-7765,3,0,0.29,Avinash Sridharan,1
net::IP::Network not building on Windows,stout,1.0,Major,Bug,2017,7,2,Mesos,Resolved,2017-07-05,MESOS-7762,2,1,0.74,Avinash Sridharan,2
Website ruby deps do not bundle on macOS,project website,1.0,Major,Bug,2017,7,1,Mesos,Resolved,2017-07-05,MESOS-7761,2,1,0.46,Benjamin Bannier,1
Stout doesn't build standalone.,"build,stout",2.0,Major,Bug,2017,7,4,Mesos,Resolved,2017-07-05,MESOS-7758,2,2,35.68,Chun-Hung Hsiao,0
Update master to handle updates to agent total resources,master,5.0,Major,Task,2017,7,5,Mesos,Resolved,2017-07-04,MESOS-7757,1,1,152.92,Benjamin Bannier,2
Update allocator to support updating agent total resources,allocation,3.0,Major,Task,2017,7,2,Mesos,Resolved,2017-07-04,MESOS-7755,1,1,4.57,Benjamin Bannier,2
Race conditions in IOSwitchboard: listening on unix socket and premature closing of the connection.,agent,5.0,Major,Bug,2017,6,12,Mesos,Resolved,2017-06-29,MESOS-7742,3,1,209.29,Andrei Budnik,2
Java HTTP adapter crashes JVM when leading master disconnects.,java api,3.0,Major,Bug,2017,6,3,Mesos,Resolved,2017-06-27,MESOS-7728,1,1,8.92,Alex R,2
MasterTest.IgnoreOldAgentReregistration test is flaky,,3.0,Major,Bug,2017,6,5,Mesos,Resolved,2017-06-27,MESOS-7726,1,0,118.15,Benjamin Mahler,2
PersistentVolumeEndpointsTest.ReserveAndSlaveRemoval test is flaky,,3.0,Major,Bug,2017,6,1,Mesos,Resolved,2017-06-27,MESOS-7725,1,0,8.21,Neil Conway,2
Fix agent downgrade for reservation refinement,,8.0,Blocker,Bug,2017,6,13,Mesos,Resolved,2017-06-22,MESOS-7714,3,0,63.06,Michael Park,0
Optimize number of copies made in dispatch/defer mechanism,libprocess,3.0,Major,Task,2017,6,3,Mesos,Resolved,2017-06-22,MESOS-7713,3,1,47.11,Dmitry Zhuk,0
Add --default_container_dns flag to the agent.,containerization,5.0,Major,Task,2017,6,10,Mesos,Resolved,2017-06-22,MESOS-7709,3,1,41.67,Qian Zhang,1
"""stdlib.h: No such file or directory"" when building with GCC 6 (Debian stable freshly released)",build,8.0,Major,Bug,2017,6,8,Mesos,Resolved,2017-06-20,MESOS-7699,1,1,218.88,Benno Evers,1
Update resource provider design in the master,master,7.0,Major,Task,2017,6,0,Mesos,Resolved,2017-06-20,MESOS-7696,1,1,29.18,Jan Schlicht,1
Add heartbeats to master stream API,HTTP API,3.0,Major,Improvement,2017,6,2,Mesos,Resolved,2017-06-20,MESOS-7695,1,1,59.81,Quinn,1
Support local enabled cgroups subsystems automatically.,containerization,8.0,Major,Improvement,2017,6,5,Mesos,Resolved,2017-06-17,MESOS-7691,5,1,366.59,Qian Zhang,1
Isolate network ports.,agent,8.0,Minor,Improvement,2017,6,8,Mesos,Resolved,2017-06-15,MESOS-7675,3,1,126.97,James Peach,0
Update the documentation to reflect the addition of reservation refinement.,documentation,2.0,Blocker,Documentation,2017,6,2,Mesos,Resolved,2017-06-14,MESOS-7663,2,1,176.96,Michael Park,0
Documentation regarding TASK_LOST is misleading,documentation,2.0,Major,Bug,2017,6,2,Mesos,Resolved,2017-06-14,MESOS-7662,2,1,22.66,Gastón Kleiman,1
Libprocess timers with long durations trigger immediately,libprocess,3.0,Major,Bug,2017,6,6,Mesos,Resolved,2017-06-13,MESOS-7661,1,1,61.9,Gastón Kleiman,1
HierarchicalAllocator uses the default filter instead of a very long one,allocation,3.0,Major,Bug,2017,6,2,Mesos,Resolved,2017-06-13,MESOS-7660,1,1,61.9,Gastón Kleiman,1
Update the JSON <=> protobuf message conversion for map support,,3.0,Major,Improvement,2017,6,2,Mesos,Resolved,2017-06-13,MESOS-7656,1,0,273.82,Qian Zhang,0
Docker image with universal containerizer does not work if WORKDIR is missing in the rootfs.,containerization,3.0,Critical,Bug,2017,6,6,Mesos,Resolved,2017-06-10,MESOS-7652,5,1,68.24,Gilbert Song,1
The order of isolators provided in '--isolation' flag is not preserved and instead sorted alphabetically,containerization,2.0,Major,Improvement,2017,6,11,Mesos,Resolved,2017-06-08,MESOS-7643,3,1,316.06,James Peach,1
Docker containerizer fails to set sandbox logs ownership correctly.,,2.0,Blocker,Bug,2017,6,2,Mesos,Resolved,2017-06-07,MESOS-7640,2,0,5.14,Till Toenshoff,1
Add simple filtering to unversioned operator API,"agent,master",5.0,Major,Improvement,2017,6,5,Mesos,Resolved,2017-06-06,MESOS-7630,1,2,42.3,Quinn,5
Mesos slave stucks,executor,3.0,Critical,Bug,2017,6,4,Mesos,Resolved,2017-06-06,MESOS-7627,1,1,65.46,Andrei Budnik,2
Create a CI job to publish the website,,3.0,Major,Task,2017,6,1,Mesos,Resolved,2017-06-05,MESOS-7626,0,0,59.92,Vinod Kone,0
Create script to automate publishing website,,5.0,Major,Task,2017,6,2,Mesos,Resolved,2017-06-05,MESOS-7625,0,0,59.83,Vinod Kone,0
Move website from svn to git,,3.0,Major,Task,2017,6,2,Mesos,Resolved,2017-06-05,MESOS-7624,0,0,7.87,Vinod Kone,0
Automatically publish website through CI,,8.0,Major,Epic,2017,6,1,Mesos,Resolved,2017-06-05,MESOS-7623,0,0,59.99,Vinod Kone,0
Consider supporting changes to agent's domain without full drain.,,12.0,Major,Improvement,2017,6,2,Mesos,Resolved,2017-06-02,MESOS-7616,4,0,186.18,Benno Evers,1
SlaveTest.ExecutorReregistrationTimeoutFlag aborts on Windows,test,1.0,Major,Bug,2017,6,5,Mesos,Resolved,2017-06-02,MESOS-7604,4,1,252.87,Andrew Schwartzmeyer,2
Implement 'apply' for resource provider related operations,master,5.0,Major,Task,2017,5,5,Mesos,Resolved,2017-05-31,MESOS-7594,2,1,176.11,Jan Schlicht,2
Make use of cout/cerr and glog consistent.,,3.0,Minor,Bug,2017,5,4,Mesos,Resolved,2017-05-30,MESOS-7586,1,0,111.36,Armand Grillet,3
Specifying an unbundled dependency can cause build to pick up wrong Boost version,build,1.0,Major,Bug,2017,5,3,Mesos,Resolved,2017-05-29,MESOS-7581,0,1,10.44,Benjamin Bannier,2
Add `--resource_provider_config_dir` flag to the agent.,,2.0,Major,Task,2017,5,1,Mesos,Resolved,2017-05-26,MESOS-7571,4,0,35.73,Jie Yu,1
Add a storage local resource provider.,,5.0,Major,Task,2017,5,3,Mesos,Resolved,2017-05-26,MESOS-7570,4,0,139.85,Jie Yu,1
Introduce a heartbeat mechanism for v1 HTTP executor <-> agent communication.,"agent,executor",5.0,Critical,Bug,2017,5,6,Mesos,Resolved,2017-05-25,MESOS-7564,3,2,568.88,Joseph Wu,4
Add storage resource provider specific information in ResourceProviderInfo.,storage,2.0,Major,Task,2017,5,2,Mesos,Resolved,2017-05-24,MESOS-7561,2,1,158.75,Chun-Hung Hsiao,2
Add 'type' and 'name' to ResourceProviderInfo.,,2.0,Major,Task,2017,5,1,Mesos,Resolved,2017-05-24,MESOS-7560,2,0,36.93,Jie Yu,1
Add resource provider validation,master,3.0,Major,Task,2017,5,4,Mesos,Resolved,2017-05-24,MESOS-7558,2,1,342.55,Benjamin Bannier,2
Add resource provider IDs to the registry,master,5.0,Major,Task,2017,5,1,Mesos,Resolved,2017-05-24,MESOS-7555,2,1,134.14,Benjamin Bannier,2
Publish Local Resource Provider resources in the agent before container launch or update.,,5.0,Major,Task,2017,5,0,Mesos,Resolved,2017-05-23,MESOS-7550,1,0,212.99,Chun-Hung Hsiao,2
WAIT_NESTED_CONTAINER sometimes returns 404,containerization,3.0,Critical,Bug,2017,5,6,Mesos,Resolved,2017-05-22,MESOS-7546,0,1,7.9,Gastón Kleiman,2
Add executor reconnection retry logic to the agent,"agent,executor",3.0,Major,Improvement,2017,5,2,Mesos,Resolved,2017-05-22,MESOS-7542,0,2,10.11,Benjamin Mahler,1
Add an agent flag for executor re-registration timeout.,agent,1.0,Major,Improvement,2017,5,2,Mesos,Resolved,2017-05-22,MESOS-7540,0,1,4.23,Greg Mann,1
OversubscriptionTest.RescindRevocableOfferWithIncreasedRevocable is flaky.,,1.0,Major,Bug,2017,5,4,Mesos,Resolved,2017-05-17,MESOS-7519,2,0,180.12,Alex R,2
ReservationTest.PreventUnreservingAlienResources is flaky,,5.0,Major,Bug,2017,5,3,Mesos,Resolved,2017-05-16,MESOS-7514,1,0,90.2,Gastón Kleiman,1
CniIsolatorTest.ROOT_DynamicAddDelofCniConfig is flaky.,containerization,1.0,Major,Bug,2017,5,1,Mesos,Resolved,2017-05-16,MESOS-7511,1,1,148.49,Alex R,4
Multiple tests leave orphan containers.,containerization,8.0,Major,Bug,2017,5,20,Mesos,Resolved,2017-05-15,MESOS-7506,0,1,254.73,Andrei Budnik,3
Parent's mount namespace cannot be determined when launching a nested container.,containerization,3.0,Major,Bug,2017,5,7,Mesos,Resolved,2017-05-15,MESOS-7504,0,1,156.98,Andrei Budnik,3
"Build error on Windows when using ""int"" for a file descriptor",test,1.0,Major,Bug,2017,5,1,Mesos,Resolved,2017-05-11,MESOS-7502,3,1,1.12,Alex R,3
Command checks via agent lead to flaky tests.,,8.0,Major,Bug,2017,5,7,Mesos,Resolved,2017-05-11,MESOS-7500,3,0,146.06,Andrei Budnik,4
Introduce a daemon manager in the agent.,,5.0,Major,Task,2017,5,4,Mesos,Resolved,2017-05-10,MESOS-7492,2,0,155.3,Joseph Wu,2
Build a CSI client to talk to a CSI plugin.,,5.0,Major,Task,2017,5,2,Mesos,Resolved,2017-05-10,MESOS-7491,2,0,104.38,Chun-Hung Hsiao,2
Add `--ip6` and `--ip6_discovery_command` flag to Mesos agent,agent,5.0,Major,Task,2017,5,5,Mesos,Resolved,2017-05-10,MESOS-7488,2,1,57.91,Avinash Sridharan,1
Mesos fetcher cache doesn't retry when missed.,fetcher,5.0,Major,Bug,2017,5,5,Mesos,Resolved,2017-05-08,MESOS-7474,0,1,554.95,Andrei Budnik,1
Provisioner recover should not always assume 'rootfses' dir exists.,provisioner,2.0,Critical,Bug,2017,5,2,Mesos,Resolved,2017-05-08,MESOS-7471,0,1,0.88,Gilbert Song,1
Add resource provider driver.,,5.0,Major,Task,2017,5,6,Mesos,Resolved,2017-05-08,MESOS-7469,0,0,102.27,Jan Schlicht,1
HierarchicalAllocatorTest.NestedRoleQuota is flaky,allocation,2.0,Major,Bug,2017,5,4,Mesos,Resolved,2017-05-03,MESOS-7457,2,1,62.88,Neil Conway,3
Expose MOUNT volumes of an agent in master's v0 HTTP API,,2.0,Major,Improvement,2017,5,2,Mesos,Resolved,2017-05-02,MESOS-7451,1,0,1.87,Vinod Kone,0
Refactor containerizers to not depend on TaskInfo or ExecutorInfo,containerization,5.0,Major,Task,2017,5,2,Mesos,Resolved,2017-05-01,MESOS-7449,0,1,24.18,Joseph Wu,2
Add support for pruning the list of gone agents in the registry.,,5.0,Major,Task,2017,5,2,Mesos,Resolved,2017-05-01,MESOS-7448,0,0,151.04,Anand Mazumdar,1
Add authorization for the MARK_AGENT_GONE call.,,3.0,Major,Task,2017,5,2,Mesos,Resolved,2017-05-01,MESOS-7446,0,0,151.04,Anand Mazumdar,1
Implement the API handler on the master for marking agents as gone.,,3.0,Major,Task,2017,5,4,Mesos,Resolved,2017-05-01,MESOS-7445,0,0,151.04,Anand Mazumdar,1
Add support for storing gone agents to the master registry.,,5.0,Major,Task,2017,5,2,Mesos,Resolved,2017-05-01,MESOS-7444,0,0,151.04,Anand Mazumdar,1
Add the MARK_AGENT_GONE call to the Operator v1 API protos.,,2.0,Major,Task,2017,5,2,Mesos,Resolved,2017-05-01,MESOS-7443,0,0,151.06,Anand Mazumdar,1
Set working directory in DEBUG containers.,"agent,containerization",3.0,Major,Task,2017,4,2,Mesos,Resolved,2017-04-27,MESOS-7433,3,2,13.52,Alex R,4
Registry puller cannot fetch manifests from Google GCR: 403 Forbidden.,containerization,5.0,Blocker,Bug,2017,4,4,Mesos,Resolved,2017-04-27,MESOS-7431,3,1,19.03,Chun-Hung Hsiao,0
Design doc for file-based secrets.,"agent,containerization,master,modules",8.0,Major,Task,2017,4,2,Mesos,Resolved,2017-04-24,MESOS-7417,0,4,31.07,Kapil Arya,1
Filter results of `/master/slaves` and the v1 call GET_AGENTS,"HTTP API,master",5.0,Major,Task,2017,4,5,Mesos,Resolved,2017-04-24,MESOS-7416,0,2,100.39,Alexander Rojas,2
Add authorization to master's operator maintenance API in v0 and v1,"c++ api,HTTP API,master",3.0,Major,Task,2017,4,3,Mesos,Resolved,2017-04-24,MESOS-7415,0,3,53.27,Alexander Rojas,3
Enable authorization for master's logging API calls: GET_LOGGING_LEVEL  and SET_LOGGING_LEVEL,"HTTP API,master",5.0,Major,Task,2017,4,3,Mesos,Resolved,2017-04-24,MESOS-7414,0,2,59.18,Alexander Rojas,3
Update allocator interfaces to support resource providers,,8.0,Major,Task,2017,4,2,Mesos,Resolved,2017-04-13,MESOS-7388,3,0,252.46,Benjamin Bannier,1
Add authentication to the checker and health checker libraries,"executor,security",2.0,Major,Task,2017,4,2,Mesos,Resolved,2017-04-11,MESOS-7377,1,2,2.33,Greg Mann,4
Running DOCKER images in Mesos Container Runtime without `linux/filesystem` isolation enabled renders host unusable,containerization,3.0,Blocker,Bug,2017,4,7,Mesos,Resolved,2017-04-10,MESOS-7374,0,1,114.86,Chun-Hung Hsiao,2
Remove thread_local workaround on OSX,,2.0,Major,Bug,2017,4,3,Mesos,Resolved,2017-04-07,MESOS-7373,4,0,25.95,Neil Conway,1
Compile error with recent glibc,,1.0,Major,Bug,2017,4,3,Mesos,Resolved,2017-04-06,MESOS-7365,3,0,3.07,Neil Conway,1
Upgrade vendored GMock / GTest,build,3.0,Major,Improvement,2017,4,3,Mesos,Resolved,2017-04-06,MESOS-7364,3,1,41.02,Jan Schlicht,1
Command checks via agent pollute agent logs.,agent,3.0,Major,Improvement,2017,4,7,Mesos,Resolved,2017-04-06,MESOS-7361,3,1,257.18,Armand Grillet,3
Set MESOS_SANDBOX in debug containers.,"agent,containerization",1.0,Major,Improvement,2017,4,2,Mesos,Resolved,2017-04-06,MESOS-7355,3,2,35.03,Alex R,3
Failed to pull image from Nexus Registry due to signature missing.,,2.0,Critical,Bug,2017,4,4,Mesos,Resolved,2017-04-05,MESOS-7350,2,0,12.34,Gilbert Song,0
"Document Mesos ""check"" feature.",documentation,3.0,Major,Documentation,2017,4,3,Mesos,Resolved,2017-04-05,MESOS-7349,2,1,132.1,Alex R,2
Prototype resource offer operation handling in the master,master,8.0,Major,Task,2017,4,0,Mesos,Resolved,2017-04-05,MESOS-7347,2,1,56.12,Jan Schlicht,2
Add authorization to agent executor API,,3.0,Major,Task,2017,4,2,Mesos,Resolved,2017-04-04,MESOS-7339,1,0,17.07,Greg Mann,5
Add resource provider API protobuf.,,2.0,Major,Task,2017,4,5,Mesos,Resolved,2017-04-02,MESOS-7336,6,0,1.97,Jie Yu,1
Add resource provider to offer,,2.0,Minor,Improvement,2017,3,1,Mesos,Resolved,2017-03-31,MESOS-7330,4,0,271.32,Benjamin Bannier,4
Authorize offer operations for converting disk resources,"master,security",3.0,Major,Task,2017,3,2,Mesos,Resolved,2017-03-31,MESOS-7329,4,2,455.22,Jan Schlicht,4
Add a test with multiple tasks and checks for the default executor.,,2.0,Major,Improvement,2017,3,2,Mesos,Resolved,2017-03-30,MESOS-7327,3,0,76.99,Gastón Kleiman,2
Remove deprecated ACL `ShutdownFramework`,,1.0,Major,Task,2017,3,2,Mesos,Resolved,2017-03-28,MESOS-7320,1,0,29.97,Alexander Rojas,0
Upgrading Mesos to 1.2.0 results in some information missing from the `/flags` endpoint.,HTTP API,1.0,Critical,Bug,2017,3,7,Mesos,Resolved,2017-03-27,MESOS-7316,0,1,3.94,Benjamin Bannier,1
Add offer operations for converting disk resources,master,5.0,Major,Task,2017,3,4,Mesos,Resolved,2017-03-27,MESOS-7314,0,1,199.92,Jan Schlicht,2
Update Resource proto for storage resource providers.,,3.0,Major,Bug,2017,3,8,Mesos,Resolved,2017-03-27,MESOS-7312,0,0,199.58,Benjamin Bannier,1
Support mount propagation for host volumes.,containerization,8.0,Major,Improvement,2017,3,3,Mesos,Resolved,2017-03-24,MESOS-7306,4,1,249.29,Jie Yu,2
Adjust the recover logic of MesosContainerizer to allow standalone containers.,containerization,8.0,Major,Task,2017,3,4,Mesos,Resolved,2017-03-24,MESOS-7305,4,1,235.52,Joseph Wu,2
Fetcher should not depend on SlaveID.,"containerization,fetcher",3.0,Major,Task,2017,3,2,Mesos,Resolved,2017-03-24,MESOS-7304,4,2,62.26,Joseph Wu,2
Implement a plugin to list container's on a given agent.,,3.0,Major,Task,2017,3,3,Mesos,Resolved,2017-03-22,MESOS-7285,2,0,204.0,Armand Grillet,0
Allow Mesos CLI to take masters IP,,2.0,Major,Task,2017,3,7,Mesos,Resolved,2017-03-22,MESOS-7284,2,0,193.76,Armand Grillet,0
Add ability to initialize a test cluster for Mesos CLI unit-test infrastructure,,2.0,Major,Task,2017,3,4,Mesos,Resolved,2017-03-22,MESOS-7283,2,0,82.02,Armand Grillet,1
Create a table abstraction for the Mesos CLI,,2.0,Major,Task,2017,3,3,Mesos,Resolved,2017-03-22,MESOS-7282,2,0,22.43,Armand Grillet,0
Unified containerizer provisions docker image error with COPY backend,"containerization,docker",2.0,Critical,Bug,2017,3,14,Mesos,Resolved,2017-03-22,MESOS-7280,2,2,35.71,Chun-Hung Hsiao,1
General checker does not support command checks via agent.,,5.0,Major,Improvement,2017,3,2,Mesos,Resolved,2017-03-21,MESOS-7277,1,0,9.2,Gastón Kleiman,2
General checker does not support pause / resume.,,1.0,Major,Improvement,2017,3,2,Mesos,Resolved,2017-03-21,MESOS-7276,1,0,9.21,Gastón Kleiman,2
General checker does not support TCP checks.,,3.0,Major,Improvement,2017,3,2,Mesos,Resolved,2017-03-21,MESOS-7275,1,0,33.9,Alex R,2
Health checker does not support pause / resume.,,5.0,Major,Improvement,2017,3,2,Mesos,Resolved,2017-03-21,MESOS-7274,1,0,2.67,Gastón Kleiman,2
Unified containerizer does not support docker registry version < 2.3.,"containerization,docker",2.0,Blocker,Bug,2017,3,5,Mesos,Resolved,2017-03-21,MESOS-7272,1,2,36.84,Gilbert Song,1
Java V1 Framwork Test failed on macOS,test,1.0,Trivial,Bug,2017,3,1,Mesos,Resolved,2017-03-21,MESOS-7270,1,1,2.62,Chun-Hung Hsiao,2
Containerizer startup may cause sensitive data to leak into sandbox logs.,"agent,executor",3.0,Major,Bug,2017,3,3,Mesos,Resolved,2017-03-20,MESOS-7265,0,2,4.13,Till Toenshoff,1
Possibly duplicate environment variables should not leak values to the sandbox.,agent,1.0,Major,Bug,2017,3,2,Mesos,Resolved,2017-03-20,MESOS-7264,0,1,4.14,Till Toenshoff,1
User supplied task environment variables cause warnings in sandbox stdout.,"agent,executor",3.0,Major,Bug,2017,3,2,Mesos,Resolved,2017-03-20,MESOS-7263,0,2,4.17,Till Toenshoff,1
Provide scheduler calls to subscribe to additional roles and unsubscribe from roles.,"master,scheduler api",13.0,Major,Improvement,2017,3,6,Mesos,Resolved,2017-03-16,MESOS-7258,3,2,818.71,Andrei Sekretenko,2
Need to fix resource check in long-lived framework,framework,2.0,Major,Bug,2017,3,3,Mesos,Resolved,2017-03-16,MESOS-7252,3,1,130.79,Michael Park,1
Support pulling images from AliCloud private registry.,containerization,2.0,Blocker,Bug,2017,3,1,Mesos,Resolved,2017-03-16,MESOS-7251,3,1,25.86,Gilbert Song,3
Default executor does not support general checks.,,5.0,Major,Improvement,2017,3,2,Mesos,Resolved,2017-03-15,MESOS-7249,2,0,8.08,Alex R,2
Add documentation for AGENT_ADDED/AGENT_REMOVED events.,documentation,1.0,Minor,Documentation,2017,3,3,Mesos,Resolved,2017-03-14,MESOS-7246,1,1,141.08,Quinn,2
Add support to auto-load /dev/nvidia-uvm in the GPU isolator,,2.0,Major,Improvement,2017,3,2,Mesos,Resolved,2017-03-11,MESOS-7232,5,0,1.96,Kevin Klues,0
Introduce precompiled headers (on Windows),cmake,5.0,Major,Improvement,2017,3,2,Mesos,Resolved,2017-03-09,MESOS-7226,3,1,19.9,Jeff Coffler,2
Tasks launched via the default executor cannot access disk resource volumes.,,3.0,Major,Bug,2017,3,2,Mesos,Resolved,2017-03-09,MESOS-7225,3,0,14.1,Anand Mazumdar,1
'EXPECT_SOME' and other asserts don't work with 'Try's that have a custom error state.,stout,1.0,Minor,Bug,2017,3,2,Mesos,Resolved,2017-03-08,MESOS-7220,2,1,435.9,Chun-Hung Hsiao,1
HTTP health check doesn't work when mesos runs with --docker_mesos_image,docker,3.0,Critical,Bug,2017,3,17,Mesos,Resolved,2017-03-06,MESOS-7210,0,1,41.43,Deshi Xiao,0
Persistent volume ownership is set to root when task is running with non-root user,containerization,3.0,Critical,Bug,2017,3,2,Mesos,Resolved,2017-03-06,MESOS-7208,0,1,3.86,Gilbert Song,1
Add support for hierarchical roles to the local authorizer,master,5.0,Major,Improvement,2017,3,0,Mesos,Resolved,2017-03-02,MESOS-7200,3,1,0.14,Benjamin Bannier,1
Requesting tiny amount of CPU crashes master.,allocation,3.0,Critical,Bug,2017,3,9,Mesos,Resolved,2017-03-02,MESOS-7197,3,1,21.58,Neil Conway,0
Use of `GTEST_IS_THREADSAFE` in asserts is problematic.,"libprocess,test",5.0,Major,Bug,2017,3,3,Mesos,Resolved,2017-03-01,MESOS-7193,2,2,77.06,Jan Schlicht,1
Add nested container launch/wait/kill APIs to agent API docs.,,1.0,Major,Documentation,2017,2,2,Mesos,Resolved,2017-02-28,MESOS-7189,1,0,0.83,Kevin Klues,0
Add documentation for Debug APIs to Operator API doc,,1.0,Major,Bug,2017,2,2,Mesos,Resolved,2017-02-28,MESOS-7188,1,0,0.83,Kevin Klues,0
Agent should validate that the nested container ID does not exceed certain length.,containerization,3.0,Major,Bug,2017,2,3,Mesos,Resolved,2017-02-24,MESOS-7168,4,1,481.95,xiaowei,1
Parsing of perf version segfaults,test,3.0,Major,Bug,2017,2,12,Mesos,Resolved,2017-02-22,MESOS-7160,2,1,203.67,Andrei Budnik,2
Document provisioner auto backend support.,documentation,2.0,Major,Documentation,2017,2,2,Mesos,Resolved,2017-02-21,MESOS-7154,1,1,2.09,Gilbert Song,2
The new http::Headers abstraction may break some modules.,libprocess,3.0,Blocker,Bug,2017,2,2,Mesos,Resolved,2017-02-21,MESOS-7153,1,1,2.1,Gilbert Song,1
The agent may be flapping after the machine reboots due to provisioner recover.,,5.0,Blocker,Bug,2017,2,4,Mesos,Resolved,2017-02-21,MESOS-7152,1,0,1.19,Gilbert Song,2
Wrap IOSwitchboard.connect() in a dispatch,,1.0,Major,Bug,2017,2,3,Mesos,Resolved,2017-02-18,MESOS-7144,5,0,5.39,Kevin Klues,1
Custom executors cannot use any reserved resources.,,2.0,Blocker,Bug,2017,2,3,Mesos,Resolved,2017-02-16,MESOS-7137,3,0,0.94,Anand Mazumdar,1
port_mapping isolator: executor hangs when running on EC2,executor,2.0,Major,Bug,2017,2,14,Mesos,Resolved,2017-02-15,MESOS-7130,2,1,239.1,Jie Yu,0
Replace monadic type get() functions with operator*,"libprocess,stout",3.0,Major,Improvement,2017,2,2,Mesos,Resolved,2017-02-14,MESOS-7124,1,2,756.5,Meng Zhu,1
Crash when sending a SIGUSR1 signal to the agent.,agent,2.0,Critical,Bug,2017,2,4,Mesos,Resolved,2017-02-10,MESOS-7102,4,1,0.96,Anand Mazumdar,1
Quota can be exceeded due to coarse-grained offer technique.,allocation,5.0,Critical,Bug,2017,2,2,Mesos,Resolved,2017-02-09,MESOS-7099,3,1,314.14,Meng Zhu,1
Health checker duplicates a lot of checker's functionality.,,5.0,Major,Improvement,2017,2,2,Mesos,Resolved,2017-02-09,MESOS-7092,3,0,120.12,Gastón Kleiman,2
Support private registry credential per container.,containerization,13.0,Major,Epic,2017,2,6,Mesos,Resolved,2017-02-09,MESOS-7088,3,1,190.1,Gilbert Song,1
libprocess tests fail when using libevent 2.1.8,"build,libprocess,test",8.0,Critical,Bug,2017,2,20,Mesos,Resolved,2017-02-07,MESOS-7076,1,3,595.92,Till Toenshoff,2
The linux filesystem isolator should set mode and ownership for host volumes.,containerization,2.0,Major,Bug,2017,2,9,Mesos,Resolved,2017-02-06,MESOS-7069,0,1,366.91,Ilya,3
Consider using the relink functionality of libprocess in the executor driver.,,2.0,Major,Bug,2017,2,4,Mesos,Resolved,2017-02-03,MESOS-7057,4,0,8.04,Anand Mazumdar,1
Introduce a new http::Headers abstraction.,libprocess,2.0,Major,Improvement,2017,2,1,Mesos,Resolved,2017-02-02,MESOS-7051,3,1,0.85,Gilbert Song,2
IOSwitchboard FDs leaked when containerizer launch fails -- leads to deadlock,,2.0,Critical,Bug,2017,2,13,Mesos,Resolved,2017-02-02,MESOS-7050,3,0,27.76,Kevin Klues,2
Update agent for hierarchical roles.,agent,2.0,Major,Task,2017,2,3,Mesos,Resolved,2017-02-01,MESOS-7047,2,1,84.06,Benjamin Bannier,1
Send SIGKILL after SIGTERM to IOSwitchboard after container termination.,containerization,2.0,Major,Bug,2017,1,2,Mesos,Resolved,2017-01-31,MESOS-7042,1,1,706.18,Qian Zhang,1
NetSocketTest.EOFBeforeRecv is flaky.,"libprocess,test",5.0,Major,Bug,2017,1,4,Mesos,Resolved,2017-01-28,MESOS-7028,5,2,354.03,Andrei Budnik,6
CommandExecutor ENV overwritten by Docker Image ENV in Unified Containerizer,,5.0,Critical,Bug,2017,1,6,Mesos,Resolved,2017-01-28,MESOS-7027,5,0,10.95,Joseph Wu,2
Update authorization / authorization-filtering to handle hierarchical roles.,"agent,HTTP API,master",5.0,Blocker,Task,2017,1,2,Mesos,Resolved,2017-01-27,MESOS-7026,4,3,89.36,Alexander Rojas,0
Update framework authorization to support multiple roles,master,3.0,Major,Bug,2017,1,2,Mesos,Resolved,2017-01-27,MESOS-7022,4,1,18.54,Benjamin Bannier,1
Add implicit executor authorization to local authorizer,security,3.0,Major,Task,2017,1,2,Mesos,Resolved,2017-01-26,MESOS-7014,3,1,85.06,Greg Mann,4
Update the authorizer interface for executor authentication,"modules,security",2.0,Major,Task,2017,1,1,Mesos,Resolved,2017-01-26,MESOS-7013,3,2,43.03,Greg Mann,5
Add authorization actions for V1 executor calls,"agent,executor,security",2.0,Major,Task,2017,1,1,Mesos,Resolved,2017-01-26,MESOS-7012,3,3,69.33,Greg Mann,5
Add an '--executor_secret_key' flag to the agent,"agent,security",1.0,Major,Task,2017,1,2,Mesos,Resolved,2017-01-26,MESOS-7011,3,2,58.08,Greg Mann,4
Add a 'secret' field to the 'Environment' message,security,1.0,Major,Task,2017,1,2,Mesos,Resolved,2017-01-26,MESOS-7009,3,1,22.11,Greg Mann,2
Quota not recovered from registry in empty cluster.,"allocation,master",3.0,Critical,Bug,2017,1,4,Mesos,Resolved,2017-01-26,MESOS-7008,3,2,6.45,Neil Conway,2
filesystem/shared and --default_container_info broken since 1.1,agent,3.0,Major,Bug,2017,1,18,Mesos,Resolved,2017-01-26,MESOS-7007,3,1,330.38,Chun-Hung Hsiao,1
Add executor authentication documentation,documentation,3.0,Major,Documentation,2017,1,3,Mesos,Resolved,2017-01-26,MESOS-7005,3,1,88.57,Greg Mann,2
Enable multiple HTTP authenticator modules,"modules,security",5.0,Major,Task,2017,1,2,Mesos,Resolved,2017-01-26,MESOS-7004,3,2,48.43,Greg Mann,3
Introduce a 'Principal' type,"executor,security",5.0,Major,Task,2017,1,2,Mesos,Resolved,2017-01-26,MESOS-7003,3,2,40.59,Greg Mann,2
Implement a JWT authenticator,"modules,security",5.0,Major,Task,2017,1,2,Mesos,Resolved,2017-01-26,MESOS-7001,3,2,46.51,Jan Schlicht,2
Implement a JWT SecretGenerator,"agent,modules,security",5.0,Major,Task,2017,1,3,Mesos,Resolved,2017-01-26,MESOS-7000,3,3,48.59,Jan Schlicht,4
Add agent support for generating and passing executor secrets,"agent,security",5.0,Major,Task,2017,1,4,Mesos,Resolved,2017-01-26,MESOS-6999,3,2,58.49,Greg Mann,5
Add authentication support to agent's '/v1/executor' endpoint,"agent,security",5.0,Major,Task,2017,1,2,Mesos,Resolved,2017-01-26,MESOS-6998,3,2,58.49,Greg Mann,4
Add the SecretGenerator module interface,"executor,modules,security",2.0,Major,Task,2017,1,2,Mesos,Resolved,2017-01-26,MESOS-6997,3,3,48.6,Jan Schlicht,3
Add a 'Secret' protobuf message,security,2.0,Major,Task,2017,1,2,Mesos,Resolved,2017-01-26,MESOS-6996,3,1,22.51,Greg Mann,1
Change `Environment.Variable.Value` from required to optional,,2.0,Major,Bug,2017,1,2,Mesos,Resolved,2017-01-25,MESOS-6991,2,0,7.09,Greg Mann,0
Docker executor segfaults in ~MesosExecutorDriver(),docker,1.0,Blocker,Bug,2017,1,7,Mesos,Resolved,2017-01-25,MESOS-6989,2,1,1.28,Joseph Wu,1
Fix BOOST random generator initialization on Windows,,1.0,Major,Bug,2017,1,5,Mesos,Resolved,2017-01-23,MESOS-6973,0,0,381.58,Joseph Wu,2
Executors don't use glog for logging.,executor,1.0,Major,Bug,2017,1,2,Mesos,Resolved,2017-01-20,MESOS-6961,4,1,138.0,Andrei Budnik,3
"Separate the mesos-containerizer binary into a static binary, which only depends on stout",cmake,3.0,Major,Task,2017,1,3,Mesos,Resolved,2017-01-20,MESOS-6959,4,1,203.99,Andrew Schwartzmeyer,3
Support linux filesystem type detection.,,5.0,Critical,Task,2017,1,2,Mesos,Resolved,2017-01-19,MESOS-6958,3,0,6.12,Gilbert Song,2
Docker containerizer: mangled environment when env value contains LF byte.,containerization,3.0,Major,Bug,2017,1,8,Mesos,Resolved,2017-01-19,MESOS-6951,3,1,64.12,Till Toenshoff,1
Launching two tasks with the same Docker image simultaneously may cause a staging dir never cleaned up,containerization,2.0,Critical,Bug,2017,1,6,Mesos,Resolved,2017-01-19,MESOS-6950,3,1,204.97,Qian Zhang,2
SchedulerTest.MasterFailover is flaky,test,2.0,Major,Bug,2017,1,8,Mesos,Resolved,2017-01-19,MESOS-6949,3,1,658.83,Joseph Wu,2
Add support for media types needed for streaming request/responses.,,5.0,Blocker,Improvement,2017,1,2,Mesos,Resolved,2017-01-17,MESOS-6936,1,0,12.21,Anand Mazumdar,1
Support pulling Docker images with V2 Schema 2 image manifest,containerization,8.0,Major,Improvement,2017,1,7,Mesos,Resolved,2017-01-17,MESOS-6934,1,1,807.55,Gilbert Song,1
Improve health checks validation.,,2.0,Major,Bug,2017,1,2,Mesos,Resolved,2017-01-13,MESOS-6916,4,0,147.08,Gastón Kleiman,2
SlaveRecoveryTest/0.RegisterDisconnectedSlave test is flaky,,2.0,Major,Bug,2017,1,5,Mesos,Resolved,2017-01-11,MESOS-6911,2,0,5.71,Neil Conway,0
Zero health check timeout is interpreted literally.,,1.0,Minor,Bug,2017,1,2,Mesos,Resolved,2017-01-11,MESOS-6908,2,0,11.03,Alex R,2
Introduce a general non-interpreting task check.,,8.0,Major,Improvement,2017,1,4,Mesos,Resolved,2017-01-11,MESOS-6906,2,0,63.42,Alex R,2
Task status updates caused by task health update do not set appropriate reason.,,3.0,Major,Improvement,2017,1,3,Mesos,Resolved,2017-01-11,MESOS-6905,2,0,130.87,Andrei Budnik,2
Add test for framework upgrading to multi-role capability.,test,2.0,Major,Bug,2017,1,2,Mesos,Resolved,2017-01-10,MESOS-6900,1,1,20.3,Benjamin Bannier,0
Checkpoint 'ContainerConfig' in Mesos Containerizer.,containerization,5.0,Major,Task,2017,1,2,Mesos,Resolved,2017-01-08,MESOS-6894,6,1,315.93,Zhitao Li,1
Reconsider process creation primitives on Windows,stout,5.0,Major,Bug,2017,1,3,Mesos,Resolved,2017-01-07,MESOS-6892,5,1,87.02,Andrew Schwartzmeyer,1
Add authorization tests for debug API handlers,security,3.0,Major,Task,2017,1,2,Mesos,Resolved,2017-01-07,MESOS-6886,5,1,45.2,Alexander Rojas,1
Agent silently ignores FS isolation when protobuf is malformed,containerization,5.0,Minor,Bug,2017,1,1,Mesos,Resolved,2017-01-06,MESOS-6874,4,1,801.94,Andrei Sekretenko,2
Transition Windows away from `os::killtree`.,agent,3.0,Major,Bug,2017,1,3,Mesos,Resolved,2017-01-05,MESOS-6868,3,1,89.03,Andrew Schwartzmeyer,2
Container Exec should be possible with tasks belonging to a task group,,5.0,Blocker,Bug,2017,1,2,Mesos,Resolved,2017-01-05,MESOS-6864,3,0,14.26,Gastón Kleiman,2
Some tests use CHECK instead of ASSERT,test,5.0,Major,Bug,2017,1,2,Mesos,Resolved,2017-01-05,MESOS-6860,3,1,13.19,Benjamin Bannier,2
Tests for quota capacity heuristic.,"allocation,test",5.0,Major,Task,2016,12,3,Mesos,Resolved,2016-12-27,MESOS-6840,1,2,819.44,Benjamin Mahler,3
FaultToleranceTest.FrameworkReregister is flaky,master,3.0,Major,Bug,2016,12,2,Mesos,Resolved,2016-12-22,MESOS-6837,3,1,11.73,Neil Conway,3
OsTest.User fails on recent Arch Linux.,stout,3.0,Major,Bug,2016,12,2,Mesos,Resolved,2016-12-21,MESOS-6826,2,1,14.94,Neil Conway,1
mesos-this-capture clang-tidy check has false positives,,2.0,Major,Bug,2016,12,3,Mesos,Resolved,2016-12-21,MESOS-6824,2,0,20.47,Benjamin Bannier,1
CNI reports confusing error message for failed interface setup.,network,2.0,Major,Bug,2016,12,8,Mesos,Resolved,2016-12-20,MESOS-6822,1,1,400.37,Qian Zhang,0
FaultToleranceTest.FrameworkReregister is flaky.,test,1.0,Major,Bug,2016,12,3,Mesos,Resolved,2016-12-20,MESOS-6820,1,1,2.24,Benjamin Bannier,3
Enable glog stack traces when we call things like `ABORT` on Windows,stout,5.0,Critical,Bug,2016,12,7,Mesos,Resolved,2016-12-19,MESOS-6815,0,1,84.98,Andrew Schwartzmeyer,3
IOSwitchboardServerTest.SendHeartbeat and IOSwitchboardServerTest.ReceiveHeartbeat broken on OS X,test,3.0,Major,Bug,2016,12,2,Mesos,Resolved,2016-12-19,MESOS-6811,0,1,0.49,Benjamin Bannier,1
"Update the addition, deletion and modification logic of CNI configuration files.",containerization,1.0,Major,Documentation,2016,12,2,Mesos,Resolved,2016-12-15,MESOS-6806,3,1,34.83,Avinash Sridharan,1
Check unreachable task cache for task ID collisions on launch,master,2.0,Major,Bug,2016,12,2,Mesos,Resolved,2016-12-15,MESOS-6805,3,1,39.2,Neil Conway,1
SSL socket can lose bytes in the case of EOF,libprocess,3.0,Major,Bug,2016,12,3,Mesos,Resolved,2016-12-15,MESOS-6802,3,1,26.37,Greg Mann,3
Listening socket might get closed while the accept is still in flight.,libprocess,2.0,Major,Bug,2016,12,1,Mesos,Resolved,2016-12-14,MESOS-6795,2,1,0.03,Jie Yu,0
CniIsolatorTest.ROOT_EnvironmentLibprocessIP fails on systems using dash as sh,test,2.0,Major,Bug,2016,12,2,Mesos,Resolved,2016-12-14,MESOS-6793,2,1,0.09,Benjamin Bannier,1
Allow to specific the device whitelist entries in cgroup devices subsystem,containerization,1.0,Major,Task,2016,12,11,Mesos,Resolved,2016-12-14,MESOS-6791,2,1,137.37,Zhongbo Tian,1
Wrong task started time in webui,webui,1.0,Major,Bug,2016,12,17,Mesos,Resolved,2016-12-14,MESOS-6790,2,1,302.5,Benno Evers,4
SSL socket's 'shutdown()' method is broken,libprocess,2.0,Major,Bug,2016,12,2,Mesos,Resolved,2016-12-14,MESOS-6789,2,1,31.02,Greg Mann,3
Inherit Environment from parent container when launching DEBUG container.,,3.0,Major,Improvement,2016,12,4,Mesos,Resolved,2016-12-12,MESOS-6782,0,0,149.55,Alex R,4
The 'http::connect(address)' always uses the DEFAULT_KIND() of socket even if SSL is undesired.,,1.0,Major,Bug,2016,12,2,Mesos,Resolved,2016-12-10,MESOS-6775,5,0,2.11,Kevin Klues,2
Reached unreachable statement at <path>/mesos/src/slave/containerizer/mesos/launch.cpp:766,,1.0,Blocker,Bug,2016,12,1,Mesos,Resolved,2016-12-09,MESOS-6767,4,0,3.46,Jie Yu,2
"Make the Resources wrapper ""copy-on-write"" to improve performance.",,5.0,Critical,Improvement,2016,12,3,Mesos,Resolved,2016-12-09,MESOS-6765,4,0,651.86,Meng Zhu,2
Add heartbeats to both input/output connections in IOSwitchboard,,2.0,Major,Improvement,2016,12,3,Mesos,Resolved,2016-12-09,MESOS-6763,4,0,6.03,Kevin Klues,2
IOSwitchboardServerTest.AttachOutput has CHECK failure if run it multiple times.,,3.0,Blocker,Bug,2016,12,8,Mesos,Resolved,2016-12-08,MESOS-6759,3,0,5.97,Jie Yu,0
Support 'Basic' auth docker private registry on Unified Containerizer.,containerization,5.0,Blocker,Improvement,2016,12,2,Mesos,Resolved,2016-12-08,MESOS-6758,3,1,56.06,Gilbert Song,1
I/O switchboard should deal with the case when reaping of the server failed.,,3.0,Major,Bug,2016,12,1,Mesos,Resolved,2016-12-08,MESOS-6756,3,0,0.04,Jie Yu,0
Metrics on the Agent view of the Mesos web UI flickers between empty and non-empty states,webui,1.0,Minor,Bug,2016,12,5,Mesos,Resolved,2016-12-07,MESOS-6750,2,1,12.07,haosdent,0
Update master and agent endpoints to expose FrameworkInfo.roles.,"agent,master",3.0,Major,Task,2016,12,2,Mesos,Resolved,2016-12-07,MESOS-6749,2,2,6.59,Benjamin Bannier,0
I/O switchboard should inherit agent environment variables.,,1.0,Major,Bug,2016,12,1,Mesos,Resolved,2016-12-07,MESOS-6748,2,0,0.19,Jie Yu,0
IOSwitchboard doesn't properly flush data on ATTACH_CONTAINER_OUTPUT,,1.0,Major,Bug,2016,12,2,Mesos,Resolved,2016-12-07,MESOS-6746,2,0,0.18,Anand Mazumdar,2
MesosContainerizer/DefaultExecutorTest.KillTask/0 is flaky,test,2.0,Major,Bug,2016,12,4,Mesos,Resolved,2016-12-07,MESOS-6745,2,1,6.1,Benjamin Bannier,2
DefaultExecutorTest.KillTaskGroupOnTaskFailure is flaky,test,2.0,Major,Bug,2016,12,5,Mesos,Resolved,2016-12-07,MESOS-6744,2,1,6.1,Benjamin Bannier,2
Docker executor hangs forever if `docker stop` fails.,docker,5.0,Critical,Bug,2016,12,7,Mesos,Resolved,2016-12-07,MESOS-6743,2,1,246.35,Andrei Budnik,2
The agent should synchronize with the IOSwitchboard to determine when it is ready to accept incoming connections.,,2.0,Major,Bug,2016,12,2,Mesos,Resolved,2016-12-07,MESOS-6737,2,0,0.12,Kevin Klues,2
"Create a test filter for stout tests that use `symlink` on Windows, as they will fail if not run as admin",stout,3.0,Major,Bug,2016,12,2,Mesos,Resolved,2016-12-06,MESOS-6731,1,1,126.12,John Kordich,3
Reserve operation should validate reserved resource role against resource allocationInfo role,,3.0,Major,Bug,2016,12,2,Mesos,Resolved,2016-12-06,MESOS-6730,1,0,71.41,Benjamin Bannier,0
Check that `PreferredToolArchitecture` is set to `x64` on Windows before building,cmake,2.0,Major,Bug,2016,12,2,Mesos,Resolved,2016-12-05,MESOS-6720,0,1,80.21,Alex Clemmer,2
"Unify ""active"" and ""state""/""connected"" fields in Master::Framework",master,2.0,Minor,Improvement,2016,12,2,Mesos,Resolved,2016-12-05,MESOS-6719,0,1,49.37,Neil Conway,1
Should destroy DEBUG containers on agent recovery.,,3.0,Major,Bug,2016,12,1,Mesos,Resolved,2016-12-05,MESOS-6718,0,0,1.74,Kevin Klues,2
Port `slave_recovery_tests.cpp`,agent,3.0,Major,Bug,2016,12,1,Mesos,Resolved,2016-12-05,MESOS-6713,0,1,431.56,Andrew Schwartzmeyer,3
Enable SSL in Mesos builds,agent,3.0,Major,Task,2016,12,2,Mesos,Resolved,2016-12-05,MESOS-6691,0,1,98.65,Joseph Wu,3
Remove of unix domain socket path in IOSwitchboard::cleanup,,1.0,Major,Bug,2016,12,2,Mesos,Resolved,2016-12-05,MESOS-6689,0,0,0.88,Kevin Klues,2
IOSwitchboard should recover spawned server pid on agent restarts,,2.0,Major,Bug,2016,12,4,Mesos,Resolved,2016-12-05,MESOS-6688,0,0,2.23,Kevin Klues,2
Class DynamicLibrary's default copy constructor can lead to inconsistent state,stout,1.0,Major,Bug,2016,12,2,Mesos,Resolved,2016-12-02,MESOS-6672,4,1,0.38,Benjamin Bannier,2
Duplicate image layer ids may make the backend failed to mount rootfs.,containerization,3.0,Critical,Bug,2016,11,2,Mesos,Resolved,2016-11-30,MESOS-6654,2,1,59.28,Gilbert Song,3
Overlayfs backend may fail to mount the rootfs if both container image and image volume are specified.,containerization,3.0,Critical,Bug,2016,11,4,Mesos,Resolved,2016-11-30,MESOS-6653,2,1,56.34,Gilbert Song,3
Make IOSwitchboard an isolator.,,5.0,Major,Task,2016,11,2,Mesos,Resolved,2016-11-30,MESOS-6651,2,0,0.22,Jie Yu,0
MesosContainerizer launch helper should take ContainerLaunchInfo.,,5.0,Major,Improvement,2016,11,3,Mesos,Resolved,2016-11-27,MESOS-6648,6,0,2.5,Jie Yu,1
StreamingRequestDecoder incompletely initializes its http_parser_settings,libprocess,1.0,Major,Bug,2016,11,2,Mesos,Resolved,2016-11-25,MESOS-6646,4,1,10.62,Benjamin Bannier,2
Update 'io::redirect()' to take an optional vector of callback hooks.,,1.0,Major,Improvement,2016,11,4,Mesos,Resolved,2016-11-24,MESOS-6639,3,0,57.46,Kevin Klues,0
Disallow frameworks from modifying FrameworkInfo.roles.,master,3.0,Major,Task,2016,11,2,Mesos,Resolved,2016-11-23,MESOS-6631,2,1,63.36,Benjamin Bannier,0
Add some benchmark test for quota allocation,allocation,3.0,Major,Task,2016,11,4,Mesos,Resolved,2016-11-23,MESOS-6630,2,1,743.86,Meng Zhu,2
Support `foreachpair` for LinkedHashMap,stout,3.0,Major,Improvement,2016,11,2,Mesos,Resolved,2016-11-22,MESOS-6626,1,1,22.8,Neil Conway,1
Expose container id in ContainerStatus in DockerContainerizer.,,2.0,Major,Bug,2016,11,3,Mesos,Resolved,2016-11-22,MESOS-6625,1,0,0.46,Jie Yu,2
NvidiaGpuTest.ROOT_INTERNET_CURL_CGROUPS_NVIDIA_GPU_NvidiaDockerImage is flaky,"flaky,test",2.0,Minor,Bug,2016,11,2,Mesos,Resolved,2016-11-22,MESOS-6622,1,2,570.87,Chun-Hung Hsiao,2
SSL downgrade path will CHECK-fail when using both temporary and persistent sockets,libprocess,3.0,Blocker,Bug,2016,11,4,Mesos,Resolved,2016-11-22,MESOS-6621,1,1,0.92,Joseph Wu,1
Improve task management for unreachable tasks,master,8.0,Major,Bug,2016,11,2,Mesos,Resolved,2016-11-21,MESOS-6619,0,1,63.33,Neil Conway,1
Some tests use hardcoded port numbers.,test,3.0,Minor,Bug,2016,11,2,Mesos,Resolved,2016-11-21,MESOS-6618,0,1,3.94,Benjamin Bannier,2
mesos-execute does not support health-checks.,,3.0,Minor,Improvement,2016,11,4,Mesos,Resolved,2016-11-21,MESOS-6617,0,0,1.98,haosdent,2
Error: dereferencing type-punned pointer will break strict-aliasing rules.,,3.0,Major,Bug,2016,11,9,Mesos,Resolved,2016-11-21,MESOS-6616,0,0,444.59,Alex R,2
Reject optimized builds with libcxx before 3.9,build,2.0,Major,Bug,2016,11,4,Mesos,Resolved,2016-11-18,MESOS-6606,4,1,90.5,Benjamin Bannier,1
Uninitialized member ObjectApprover::weight_info.,,1.0,Minor,Bug,2016,11,2,Mesos,Resolved,2016-11-18,MESOS-6604,4,0,2.66,Benjamin Bannier,3
Shutdown completed frameworks when unreachable agent re-registers,,5.0,Major,Bug,2016,11,2,Mesos,Resolved,2016-11-18,MESOS-6602,4,0,66.95,Neil Conway,1
Add `Containerizer::attach()` API call,,3.0,Major,Task,2016,11,2,Mesos,Resolved,2016-11-15,MESOS-6594,1,0,6.94,Vinod Kone,2
MesosContainerizer/DefaultExecutorTest.KillTask/0 failing on ASF CI,,2.0,Major,Bug,2016,11,4,Mesos,Resolved,2016-11-10,MESOS-6569,3,0,25.7,Benjamin Bannier,3
Actively Scan for CNI Configurations,,3.0,Major,Improvement,2016,11,7,Mesos,Resolved,2016-11-09,MESOS-6567,2,0,42.29,Avinash Sridharan,0
The default stout stringify always copies its argument,stout,2.0,Major,Bug,2016,11,2,Mesos,Resolved,2016-11-08,MESOS-6560,1,1,154.26,Benjamin Bannier,2
Update `MesosContainerizerProcess::_launch()` to pass `ContainerLaunchInfo` to launcher->fork()`,,1.0,Major,Task,2016,11,2,Mesos,Resolved,2016-11-04,MESOS-6553,4,0,76.53,Jie Yu,1
Add attach/exec commands to the Mesos CLI,cli,5.0,Major,Task,2016,11,11,Mesos,Resolved,2016-11-04,MESOS-6551,4,1,714.6,Armand Grillet,2
Update the mesos containerizer to launch per-container I/O switchboards,,2.0,Major,Task,2016,11,1,Mesos,Resolved,2016-11-04,MESOS-6547,4,0,28.72,Jie Yu,2
Update the Containerizer to handle attachInput and attachOutput calls.,,2.0,Major,Task,2016,11,2,Mesos,Resolved,2016-11-04,MESOS-6546,4,0,29.78,Kevin Klues,2
"Add special case for entering the ""mount"" namespace of a parent container",,2.0,Major,Task,2016,11,2,Mesos,Resolved,2016-11-03,MESOS-6543,3,0,8.25,Kevin Klues,2
Add support for incremental gzip decompression.,stout,3.0,Major,Improvement,2016,11,2,Mesos,Resolved,2016-11-02,MESOS-6530,2,1,8.91,Benjamin Mahler,0
Container status of a task in a pod is not correct.,"agent,containerization",3.0,Major,Task,2016,11,2,Mesos,Resolved,2016-11-02,MESOS-6528,2,2,6.07,Jie Yu,1
Memory leak in the libprocess request decoder.,libprocess,2.0,Blocker,Bug,2016,11,3,Mesos,Resolved,2016-11-01,MESOS-6527,1,1,0.31,Anand Mazumdar,1
Add API protos for managing debug containers,,3.0,Major,Task,2016,11,2,Mesos,Resolved,2016-11-01,MESOS-6525,1,0,3.05,Vinod Kone,2
MasterTest.OrphanTasksMultipleAgents,test,1.0,Major,Bug,2016,10,3,Mesos,Resolved,2016-10-31,MESOS-6519,0,1,0.08,Vinod Kone,1
Parallel test running does not respect GTEST_FILTER,test,2.0,Major,Bug,2016,10,2,Mesos,Resolved,2016-10-31,MESOS-6516,0,1,6.93,Benjamin Bannier,1
Use 'geteuid()' for the root privileges check.,containerization,3.0,Major,Bug,2016,10,3,Mesos,Resolved,2016-10-28,MESOS-6504,4,1,85.95,Gilbert Song,4
"_version uses incorrect MESOS_{MAJOR,MINOR,PATCH}_VERSION in libmesos java binding.",,1.0,Blocker,Bug,2016,10,4,Mesos,Resolved,2016-10-28,MESOS-6502,4,0,0.01,Joris Van Remoortere,1
"Add a test for duplicate framework ids in ""unregistered_frameworks""",,2.0,Major,Bug,2016,10,2,Mesos,Resolved,2016-10-28,MESOS-6501,4,0,0.16,Vinod Kone,0
Java Scheduler Adapter does not surface MasterInfo.,,2.0,Blocker,Bug,2016,10,5,Mesos,Resolved,2016-10-27,MESOS-6497,3,0,0.74,Anand Mazumdar,2
Add test cases for the HTTPS health checks.,test,3.0,Major,Task,2016,10,2,Mesos,Resolved,2016-10-27,MESOS-6493,3,1,3.79,haosdent,3
Build a standalone python client for connecting to our Mock HTTP Server that implements the new Debug APIs,,3.0,Major,Task,2016,10,2,Mesos,Resolved,2016-10-24,MESOS-6477,0,0,45.51,Steven Locke,2
Build a Mock HTTP Server that implements the new Debugging API calls,,3.0,Major,Task,2016,10,1,Mesos,Resolved,2016-10-24,MESOS-6476,0,0,45.5,Steven Locke,2
Add fine-grained ACLs for authorization with the new debugging APIs,,5.0,Major,Task,2016,10,4,Mesos,Resolved,2016-10-24,MESOS-6474,0,0,43.51,Alexander Rojas,3
Build support for ATTACH_CONTAINER_OUTPUT into the Agent API in Mesos,,5.0,Major,Task,2016,10,2,Mesos,Resolved,2016-10-24,MESOS-6473,0,0,35.31,Vinod Kone,2
Build support for ATTACH_CONTAINER_INPUT into the Agent API in Mesos,,5.0,Major,Task,2016,10,3,Mesos,Resolved,2016-10-24,MESOS-6472,0,0,37.33,Anand Mazumdar,2
Build support for LAUNCH_NESTED_CONTAINER_SESSION call into the Agent API in Mesos,,5.0,Major,Task,2016,10,2,Mesos,Resolved,2016-10-24,MESOS-6471,0,0,38.3,Vinod Kone,2
Support TTY in IOSwitchboard.,,5.0,Major,Task,2016,10,3,Mesos,Resolved,2016-10-24,MESOS-6470,0,0,41.29,Jie Yu,2
Update Mesos logger components to handle redirection of stdin,,3.0,Major,Task,2016,10,0,Mesos,Resolved,2016-10-24,MESOS-6468,0,0,8.82,Kevin Klues,2
Build a Container I/O Switchboard,,3.0,Major,Task,2016,10,8,Mesos,Resolved,2016-10-24,MESOS-6467,0,0,37.89,Kevin Klues,2
Add support for streaming HTTP requests in Mesos,,8.0,Major,Task,2016,10,2,Mesos,Resolved,2016-10-24,MESOS-6466,0,0,28.2,Anand Mazumdar,2
Add a task_id -> container_id mapping in state.json,,2.0,Major,Task,2016,10,7,Mesos,Resolved,2016-10-24,MESOS-6465,0,0,14.14,Neil Conway,2
Add fine grained control of which namespaces a nested container should inherit (or not).,,2.0,Major,Task,2016,10,2,Mesos,Resolved,2016-10-24,MESOS-6464,0,0,18.19,Kevin Klues,2
Build a prototype for remote pty support,,8.0,Major,Task,2016,10,0,Mesos,Resolved,2016-10-24,MESOS-6463,0,0,0.01,Kevin Klues,2
Design Doc: Mesos Support for Container Attach and Container Exec,,8.0,Major,Task,2016,10,1,Mesos,Resolved,2016-10-24,MESOS-6462,0,0,23.8,Kevin Klues,2
Duplicate framework ids in /master/frameworks endpoint 'unregistered_frameworks'.,master,2.0,Minor,Bug,2016,10,4,Mesos,Resolved,2016-10-24,MESOS-6461,0,1,3.93,Vinod Kone,1
PosixRLimitsIsolatorTest.TaskExceedingLimit fails on OS X,,2.0,Major,Bug,2016,10,4,Mesos,Resolved,2016-10-24,MESOS-6459,0,0,7.46,Benjamin Bannier,1
PosixRLimitsIsolatorTest.TaskExceedingLimit failed on OSX,containerization,2.0,Major,Bug,2016,10,0,Mesos,Resolved,2016-10-23,MESOS-6454,6,1,0.96,Benjamin Bannier,0
Display reservations in the agent page in the webui.,webui,3.0,Major,Task,2016,10,11,Mesos,Resolved,2016-10-21,MESOS-6441,4,1,271.83,Andrei Budnik,1
"Roles with quota assigned can ""game"" the system to receive excessive resources.",allocation,5.0,Critical,Bug,2016,10,6,Mesos,Resolved,2016-10-20,MESOS-6432,3,1,108.2,Benjamin Bannier,0
Add support for port-mapping in `mesos-execute`,containerization,1.0,Major,Task,2016,10,3,Mesos,Resolved,2016-10-20,MESOS-6431,3,1,39.26,Avinash Sridharan,1
"The python linter doesn't rebuild the virtual environment before linting when ""pip-requirements.txt"" has changed",build,2.0,Major,Bug,2016,10,1,Mesos,Resolved,2016-10-20,MESOS-6430,3,1,146.37,Kevin Klues,0
Mesos containerizer helper function signalSafeWriteStatus is not AS-Safe,containerization,3.0,Major,Bug,2016,10,3,Mesos,Resolved,2016-10-20,MESOS-6428,3,1,321.61,Andrei Budnik,2
Add documentation for rlimit support of Mesos containerizer,"containerization,documentation",3.0,Major,Improvement,2016,10,3,Mesos,Resolved,2016-10-20,MESOS-6427,3,2,46.43,Benjamin Bannier,0
Add rlimit support to Mesos containerizer,containerization,8.0,Major,Improvement,2016,10,1,Mesos,Resolved,2016-10-20,MESOS-6426,3,1,1.73,Benjamin Bannier,1
Possible nullptr dereference in flag loading,stout,2.0,Major,Bug,2016,10,4,Mesos,Resolved,2016-10-20,MESOS-6424,3,1,8.26,Benjamin Bannier,1
The 'master/teardown' endpoint should support tearing down 'unregistered_frameworks'.,master,8.0,Critical,Bug,2016,10,7,Mesos,Resolved,2016-10-19,MESOS-6419,2,1,89.53,Neil Conway,2
Add documentation for CNI port-mapper plugin.,containerization,1.0,Major,Documentation,2016,10,4,Mesos,Resolved,2016-10-18,MESOS-6411,1,1,15.53,Avinash Sridharan,1
Draft design doc for rlimit support for Mesos containerizer,,8.0,Major,Task,2016,10,1,Mesos,Resolved,2016-10-17,MESOS-6403,0,0,10.07,Benjamin Bannier,0
Add rlimit support to Mesos containerizer,containerization,15.0,Major,Epic,2016,10,0,Mesos,Resolved,2016-10-17,MESOS-6402,0,1,52.14,Benjamin Bannier,1
HealthChecker sends updates to executor via libprocess messaging.,,3.0,Major,Improvement,2016,10,2,Mesos,Resolved,2016-10-14,MESOS-6395,4,0,42.12,Alex R,2
Ensure Python support scripts are linted,,3.0,Major,Improvement,2016,10,12,Mesos,Resolved,2016-10-13,MESOS-6390,3,0,356.74,Armand Grillet,2
Report new PARTITION_AWARE task statuses in HTTP endpoints,master,1.0,Major,Bug,2016,10,2,Mesos,Resolved,2016-10-13,MESOS-6388,3,1,102.22,Neil Conway,1
"""Reached unreachable statement"" in LinuxCapabilitiesIsolatorTest",containerization,3.0,Minor,Bug,2016,10,3,Mesos,Resolved,2016-10-13,MESOS-6386,3,1,0.99,Benjamin Bannier,1
Add documentation for capabilities support of the mesos containerizer,containerization,3.0,Major,Task,2016,10,2,Mesos,Resolved,2016-10-12,MESOS-6376,2,1,8.2,Benjamin Bannier,1
Remove the 'recover()' interface in 'ContainerLogger'.,containerization,3.0,Major,Improvement,2016,10,2,Mesos,Resolved,2016-10-11,MESOS-6371,1,1,0.11,Gilbert Song,3
Add a column for FrameworkID when displaying tasks in the WebUI,webui,1.0,Minor,Improvement,2016,10,2,Mesos,Resolved,2016-10-11,MESOS-6369,1,1,21.01,Miguel Bernadin,2
Design doc for executor authentication,agent,5.0,Major,Task,2016,10,1,Mesos,Resolved,2016-10-11,MESOS-6366,1,1,109.41,Greg Mann,1
Enable partition-awareness in mesos-execute,,2.0,Minor,Improvement,2016,10,2,Mesos,Resolved,2016-10-11,MESOS-6361,1,0,104.36,Neil Conway,1
Allow `network/cni` isolator to take a search path for CNI plugins instead of single directory,containerization,1.0,Blocker,Task,2016,10,3,Mesos,Resolved,2016-10-08,MESOS-6344,5,1,6.52,Avinash Sridharan,1
Documentation Error: Default Executor does not implicitly construct resources,,1.0,Blocker,Documentation,2016,10,1,Mesos,Resolved,2016-10-08,MESOS-6343,5,0,4.88,Vinod Kone,0
CNI should not use `ifconfig` in executors `pre_exec_command`,containerization,1.0,Major,Bug,2016,10,2,Mesos,Resolved,2016-10-07,MESOS-6324,4,1,0.93,Avinash Sridharan,0
'mesos-containerizer launch' should inherit agent environment variables.,,5.0,Critical,Bug,2016,10,3,Mesos,Resolved,2016-10-07,MESOS-6323,4,0,4.96,Jie Yu,1
Agent fails to kill empty parent container,,3.0,Blocker,Bug,2016,10,3,Mesos,Resolved,2016-10-06,MESOS-6322,3,0,1.2,Anand Mazumdar,1
CHECK failure in HierarchicalAllocatorTest.NoDoubleAccounting,,1.0,Major,Bug,2016,10,3,Mesos,Resolved,2016-10-06,MESOS-6321,3,0,3.96,Alex R,1
Implement clang-tidy check to catch incorrect flags hierarchies,,3.0,Major,Bug,2016,10,2,Mesos,Resolved,2016-10-06,MESOS-6320,3,0,110.22,Benjamin Bannier,2
Update CHANGELOG to mention addition of agent '--runtime_dir' flag.,,1.0,Blocker,Task,2016,10,9,Mesos,Resolved,2016-10-04,MESOS-6312,1,0,10.18,Kevin Klues,0
Add authorization support for nested container calls,security,3.0,Major,Improvement,2016,10,2,Mesos,Resolved,2016-10-03,MESOS-6305,0,1,84.32,Alexander Rojas,0
Add authentication support to the default executor,"executor,modules,security",2.0,Major,Improvement,2016,10,2,Mesos,Resolved,2016-10-03,MESOS-6304,0,3,173.02,Greg Mann,4
Agent recovery can fail after nested containers are launched,containerization,3.0,Blocker,Bug,2016,10,3,Mesos,Resolved,2016-10-01,MESOS-6302,5,1,4.92,Gilbert Song,1
Recursive destroy in MesosContainerizer is problematic.,,3.0,Major,Bug,2016,9,1,Mesos,Resolved,2016-09-30,MESOS-6301,4,0,0.01,Jie Yu,1
A destroyed nested container is not reflected in the parent container's children map.,,2.0,Major,Bug,2016,9,2,Mesos,Resolved,2016-09-30,MESOS-6300,4,0,0.01,Jie Yu,1
Master doesn't remove task from pending when it is invalid,,2.0,Blocker,Improvement,2016,9,2,Mesos,Resolved,2016-09-30,MESOS-6299,4,0,0.07,Vinod Kone,1
Default executor should be able to launch multiple task groups,,5.0,Major,Improvement,2016,9,3,Mesos,Resolved,2016-09-30,MESOS-6296,4,0,130.0,Anand Mazumdar,0
HealthCheckTest.HealthyTaskViaHTTPWithoutType fails on some distros.,,3.0,Major,Bug,2016,9,6,Mesos,Resolved,2016-09-30,MESOS-6293,4,0,28.07,Alex R,2
Support nested containers for logger in Mesos Containerizer.,containerization,2.0,Blocker,Bug,2016,9,5,Mesos,Resolved,2016-09-30,MESOS-6290,4,1,12.86,Gilbert Song,3
The default executor should maintain launcher_dir.,,3.0,Major,Bug,2016,9,2,Mesos,Resolved,2016-09-29,MESOS-6288,3,0,31.68,Gastón Kleiman,2
Master does not remove an agent if it is responsive but not registered,,5.0,Blocker,Bug,2016,9,5,Mesos,Resolved,2016-09-29,MESOS-6286,3,0,102.0,Neil Conway,1
MesosContainerizer should skip non-nesting aware isolators for nested container.,,3.0,Blocker,Task,2016,9,2,Mesos,Resolved,2016-09-29,MESOS-6284,3,0,0.39,Jie Yu,1
Task group executor should support command health checks.,executor,5.0,Critical,Improvement,2016,9,4,Mesos,Resolved,2016-09-29,MESOS-6280,3,1,175.5,Gastón Kleiman,2
Add test cases for the TCP health check.,test,3.0,Major,Task,2016,9,2,Mesos,Resolved,2016-09-29,MESOS-6279,3,1,27.89,haosdent,3
Add test cases for the HTTP health checks.,test,3.0,Major,Task,2016,9,2,Mesos,Resolved,2016-09-29,MESOS-6278,3,1,27.89,haosdent,3
Agent should not allow HTTP executors to re-subscribe before containerizer recovery is done.,,3.0,Blocker,Bug,2016,9,8,Mesos,Resolved,2016-09-29,MESOS-6274,3,0,4.91,Anand Mazumdar,1
Allow WebUI/other tools to access the task sandbox for a nested container.,,2.0,Major,Task,2016,9,2,Mesos,Resolved,2016-09-29,MESOS-6272,3,0,0.17,Anand Mazumdar,1
Mesos containerizer should figure out the correct sandbox directory for nested launch.,containerization,3.0,Major,Bug,2016,9,2,Mesos,Resolved,2016-09-28,MESOS-6263,2,1,0.17,Gilbert Song,2
Default executor should kill all other tasks in a task group if any task exits with a non-zero exit status.,,3.0,Major,Bug,2016,9,2,Mesos,Resolved,2016-09-27,MESOS-6262,1,0,0.33,Anand Mazumdar,1
Composing containerizer needs to properly handle nested container launch,,3.0,Blocker,Bug,2016,9,4,Mesos,Resolved,2016-09-27,MESOS-6260,1,0,2.22,Vinod Kone,0
CNI isolator should not `CHECK` for `resolv.conf` under `rootContainerDir`,containerization,1.0,Blocker,Bug,2016,9,1,Mesos,Resolved,2016-09-27,MESOS-6259,1,1,0.05,Avinash Sridharan,0
Libprocess links will not generate an ExitedEvent if the socket creation fails,libprocess,2.0,Major,Bug,2016,9,2,Mesos,Resolved,2016-09-24,MESOS-6246,5,1,4.9,Joseph Wu,2
Driver based schedulers performing explicit acknowledgements cannot acknowledge updates from HTTP based executors.,,3.0,Major,Bug,2016,9,3,Mesos,Resolved,2016-09-23,MESOS-6245,4,0,2.83,Anand Mazumdar,1
Add 'argv' variant of 'os::system',,3.0,Major,Task,2016,9,2,Mesos,Resolved,2016-09-23,MESOS-6235,4,0,0.11,Kevin Klues,0
Potential socket leak during Zookeeper network changes,libprocess,3.0,Major,Bug,2016,9,2,Mesos,Resolved,2016-09-22,MESOS-6234,3,1,5.92,Joseph Wu,2
Master CHECK fails during recovery while relinking to other masters,master,2.0,Blocker,Bug,2016,9,5,Mesos,Resolved,2016-09-22,MESOS-6233,3,1,6.02,Joseph Wu,1
Add support for health checks to the default executor.,,3.0,Major,Task,2016,9,2,Mesos,Resolved,2016-09-22,MESOS-6230,3,0,6.95,Anand Mazumdar,1
Update the default executor to launch/wait/destroy child containers.,,8.0,Major,Task,2016,9,2,Mesos,Resolved,2016-09-22,MESOS-6227,3,0,4.57,Anand Mazumdar,1
PAGE_SIZE was not declared in PPC64LE,,1.0,Major,Bug,2016,9,1,Mesos,Resolved,2016-09-21,MESOS-6217,2,0,0.03,haosdent,2
LibeventSSLSocketImpl::create is not safe to call concurrently with os::getenv,security,5.0,Major,Bug,2016,9,5,Mesos,Resolved,2016-09-21,MESOS-6216,2,1,16.2,Benjamin Bannier,1
Containers that use the Mesos containerizer but don't want to provision a container image fail to validate.,containerization,1.0,Major,Bug,2016,9,2,Mesos,Resolved,2016-09-19,MESOS-6208,0,1,1.01,Alex R,1
"Introduce a ""runtime"" directory owned by the containerizer for checkpointing container information.",,5.0,Major,Task,2016,9,5,Mesos,Resolved,2016-09-18,MESOS-6204,6,0,6.4,Kevin Klues,0
Make the docker/volume isolator nesting aware.,,5.0,Major,Task,2016,9,4,Mesos,Resolved,2016-09-17,MESOS-6193,5,0,445.95,Gilbert Song,2
Add a virtual method to Isolator to indicate if it supports nesting.,,2.0,Major,Task,2016,9,2,Mesos,Resolved,2016-09-16,MESOS-6189,4,0,0.11,Jie Yu,0
Make the `gpu/nvidia` isolator nesting aware,,3.0,Major,Task,2016,9,1,Mesos,Resolved,2016-09-16,MESOS-6188,4,0,0.13,Kevin Klues,0
Make the generic `cgroups` isolator nesting aware,,3.0,Major,Task,2016,9,2,Mesos,Resolved,2016-09-16,MESOS-6186,4,0,0.13,Kevin Klues,0
Health check grace period covers failures happening after first success.,,5.0,Major,Bug,2016,9,2,Mesos,Resolved,2016-09-15,MESOS-6170,3,0,20.11,Gastón Kleiman,2
Add support for cgroups blkio subsystem blkio statistics.,containerization,8.0,Major,Task,2016,9,14,Mesos,Resolved,2016-09-15,MESOS-6162,3,1,319.88,Jason Lai,3
Remove stout's Set type,stout,1.0,Minor,Bug,2016,9,2,Mesos,Resolved,2016-09-14,MESOS-6159,2,1,6.69,Benjamin Bannier,1
ContainerInfo is not validated.,,3.0,Blocker,Bug,2016,9,4,Mesos,Resolved,2016-09-14,MESOS-6157,2,0,22.19,Alex R,3
Make the `network/cni` isolator nesting aware,containerization,3.0,Major,Task,2016,9,1,Mesos,Resolved,2016-09-13,MESOS-6156,1,1,15.85,Avinash Sridharan,1
Clean up queued tasks if a task group is killed before launch.,,2.0,Major,Bug,2016,9,2,Mesos,Resolved,2016-09-13,MESOS-6154,1,0,2.42,Anand Mazumdar,1
Resource leak in slave.cpp.,,1.0,Major,Bug,2016,9,1,Mesos,Resolved,2016-09-13,MESOS-6153,1,0,16.15,Benjamin Bannier,2
Resource leak in libevent_ssl_socket.cpp.,,2.0,Major,Bug,2016,9,2,Mesos,Resolved,2016-09-13,MESOS-6152,1,0,0.07,Benjamin Bannier,1
Populate `CommandInfo` correctly for default executors.,,2.0,Major,Task,2016,9,2,Mesos,Resolved,2016-09-12,MESOS-6151,0,0,1.55,Anand Mazumdar,1
Introduce the new isolator recover interface for nested container support.,containerization,5.0,Major,Task,2016,9,2,Mesos,Resolved,2016-09-12,MESOS-6150,0,1,12.99,Gilbert Song,2
Frameworks may RESERVE for an arbitrary role.,"allocation,master",3.0,Critical,Bug,2016,9,3,Mesos,Resolved,2016-09-08,MESOS-6142,3,2,61.21,Gastón Kleiman,2
Some tests do not properly set 'flags.launcher' with the correct value,,2.0,Major,Bug,2016,9,1,Mesos,Resolved,2016-09-08,MESOS-6141,3,0,26.32,Kevin Klues,0
Add a parallel test runner,test,5.0,Major,Improvement,2016,9,4,Mesos,Resolved,2016-09-08,MESOS-6140,3,1,34.35,Benjamin Bannier,1
Make the disk usage isolator nesting-aware,containerization,3.0,Major,Task,2016,9,1,Mesos,Resolved,2016-09-06,MESOS-6130,1,1,22.89,Greg Mann,1
TCP health checks are not portable.,,3.0,Major,Bug,2016,9,2,Mesos,Resolved,2016-09-02,MESOS-6119,4,0,61.9,Alex R,2
Source tree contains compiled protobuf source,"stout,test",3.0,Major,Bug,2016,9,2,Mesos,Resolved,2016-09-01,MESOS-6115,3,2,328.93,Qian Zhang,2
Deprecate using health checks without setting the type,master,3.0,Blocker,Bug,2016,8,5,Mesos,Resolved,2016-08-30,MESOS-6110,1,1,29.76,haosdent,3
Potential FD double close in libevent's implementation of `sendfile`.,webui,3.0,Critical,Bug,2016,8,5,Mesos,Resolved,2016-08-30,MESOS-6104,1,1,13.8,Joseph Wu,2
Add Framwork events to master's operator API,,5.0,Major,Task,2016,8,4,Mesos,Resolved,2016-08-29,MESOS-6101,0,0,338.3,Quinn,0
"Docker containerizer launch command may access a ""Container"" struct after it has been destroyed",,2.0,Minor,Bug,2016,8,2,Mesos,Resolved,2016-08-25,MESOS-6092,3,0,662.53,Chen Runcong,2
Update launch helper to checkpoint exit status of launched process.,,5.0,Major,Improvement,2016,8,3,Mesos,Resolved,2016-08-25,MESOS-6088,3,0,35.76,Kevin Klues,0
Deprecate and remove the included MPI framework,,1.0,Minor,Task,2016,8,3,Mesos,Resolved,2016-08-24,MESOS-6084,2,0,1288.09,Vinod Kone,1
Added a default (task group) executor.,,3.0,Major,Task,2016,8,2,Mesos,Resolved,2016-08-24,MESOS-6077,2,0,22.67,Anand Mazumdar,1
Implement RunTaskGroup handler on the agent.,,8.0,Major,Task,2016,8,2,Mesos,Resolved,2016-08-24,MESOS-6076,2,0,19.73,Anand Mazumdar,1
Update the streaming function for ContainerID to be nesting aware.,,2.0,Major,Task,2016,8,2,Mesos,Resolved,2016-08-23,MESOS-6073,1,0,36.92,Gilbert Song,1
Support provisioner to be nested aware for Mesos Pods.,containerization,8.0,Major,Task,2016,8,7,Mesos,Resolved,2016-08-22,MESOS-6067,0,1,19.26,Gilbert Song,2
Support provisioning image volumes in an isolator.,containerization,5.0,Major,Improvement,2016,8,2,Mesos,Resolved,2016-08-22,MESOS-6065,0,1,0.07,Gilbert Song,2
Combine test helpers into one single binary.,,3.0,Major,Improvement,2016,8,1,Mesos,Resolved,2016-08-17,MESOS-6053,2,0,334.94,Jie Yu,1
Unable to launch containers on CNI networks on CoreOS,containerization,1.0,Major,Bug,2016,8,3,Mesos,Resolved,2016-08-17,MESOS-6052,2,1,21.25,Avinash Sridharan,1
Add functions to the 'Launcher' abstraction to aid in checkpointing the exit status of containers.,,3.0,Major,Improvement,2016,8,3,Mesos,Resolved,2016-08-17,MESOS-6051,2,0,3.94,Kevin Klues,0
Add an agent flag for 'runtime_dir',,2.0,Major,Improvement,2016,8,4,Mesos,Resolved,2016-08-16,MESOS-6050,1,0,4.09,Kevin Klues,0
Validate TaskGroup launch in the master,,5.0,Major,Task,2016,8,2,Mesos,Resolved,2016-08-15,MESOS-6042,0,0,7.35,Vinod Kone,0
Update elfio to version 3.2,,1.0,Major,Improvement,2016,8,2,Mesos,Resolved,2016-08-15,MESOS-6039,0,0,0.54,Kevin Klues,2
Offer::Operation.type should be optional,,2.0,Major,Improvement,2016,8,2,Mesos,Resolved,2016-08-12,MESOS-6037,4,0,3.03,Vinod Kone,0
Define the Framework API protobufs required for TaskGroups,,3.0,Major,Task,2016,8,2,Mesos,Resolved,2016-08-12,MESOS-6036,4,0,3.2,Vinod Kone,0
Add infrastructure for unit tests in the new python-based CLI.,"cli,test",2.0,Major,Task,2016,8,5,Mesos,Resolved,2016-08-11,MESOS-6032,3,2,243.04,Armand Grillet,0
Validate health check protobuf in the master.,,3.0,Major,Improvement,2016,8,4,Mesos,Resolved,2016-08-10,MESOS-6025,2,0,2.18,haosdent,1
Create a binary for the port-mapper plugin,containerization,8.0,Blocker,Task,2016,8,6,Mesos,Resolved,2016-08-10,MESOS-6023,2,1,68.24,Avinash Sridharan,0
unit-test for port-mapper CNI plugin,containerization,3.0,Major,Task,2016,8,2,Mesos,Resolved,2016-08-10,MESOS-6022,2,1,220.94,Avinash Sridharan,1
Consolidate two `Containerizer::launch` methods into one.,,3.0,Major,Task,2016,8,2,Mesos,Resolved,2016-08-10,MESOS-6021,2,0,4.02,Gilbert Song,1
Remove `slavePid` from the Containerizer::launch API.,,3.0,Major,Task,2016,8,3,Mesos,Resolved,2016-08-10,MESOS-6020,2,0,5.0,Gilbert Song,1
Introduce `PortMapping` protobuf.,containerization,1.0,Major,Task,2016,8,1,Mesos,Resolved,2016-08-09,MESOS-6017,1,1,2.23,Avinash Sridharan,1
Design for port-mapper CNI plugin,containerization,1.0,Major,Task,2016,8,0,Mesos,Resolved,2016-08-09,MESOS-6015,1,1,0.87,Avinash Sridharan,1
Added port mapping CNI plugin.,containerization,5.0,Blocker,Epic,2016,8,2,Mesos,Resolved,2016-08-09,MESOS-6014,1,1,69.83,Avinash Sridharan,1
Use readdir instead of readdir_r.,stout,3.0,Major,Bug,2016,8,3,Mesos,Resolved,2016-08-09,MESOS-6013,1,1,27.95,Neil Conway,1
Add the infrastructure for a new python-based CLI.,,7.0,Major,Improvement,2016,8,2,Mesos,Resolved,2016-08-08,MESOS-6008,0,0,62.8,Kevin Klues,0
Abstract mesos-style.py to allow future linters to be added more easily.,,2.0,Major,Improvement,2016,8,4,Mesos,Resolved,2016-08-08,MESOS-6006,0,0,62.94,Kevin Klues,2
Aufs backend cannot support the image with numerous layers.,containerization,3.0,Critical,Bug,2016,8,4,Mesos,Resolved,2016-08-05,MESOS-6001,4,1,173.13,Gilbert Song,3
PollSocketImpl can write to a stale fd.,libprocess,3.0,Blocker,Bug,2016,8,2,Mesos,Resolved,2016-08-04,MESOS-5988,3,1,5.24,Greg Mann,1
Update health check protobuf for HTTP and TCP health check,,3.0,Major,Task,2016,8,4,Mesos,Resolved,2016-08-04,MESOS-5987,3,0,55.97,haosdent,2
SSL Socket CHECK can fail after socket receives EOF,libprocess,3.0,Blocker,Bug,2016,8,3,Mesos,Resolved,2016-08-04,MESOS-5986,3,1,4.08,Greg Mann,1
Number of libprocess worker threads is not configurable for log-rotation module.,containerization,1.0,Major,Improvement,2016,8,2,Mesos,Resolved,2016-08-03,MESOS-5983,2,1,0.09,Joris Van Remoortere,1
NvidiaVolume errors out if any binary is missing,,2.0,Major,Bug,2016,8,1,Mesos,Resolved,2016-08-03,MESOS-5982,2,0,0.17,Kevin Klues,2
Linux 'MountInfoTable' entries not sorted as expected,,3.0,Major,Bug,2016,8,2,Mesos,Resolved,2016-08-02,MESOS-5969,1,0,6.9,Kevin Klues,2
Add libprocess HTTP tests with SSL support,,3.0,Major,Task,2016,8,4,Mesos,Resolved,2016-08-02,MESOS-5966,1,0,129.41,Greg Mann,1
HealthChecker should not decide when to kill tasks and when to stop performing health checks.,,5.0,Major,Bug,2016,8,2,Mesos,Resolved,2016-08-02,MESOS-5963,1,0,115.14,Alex R,2
HTTP and TCP health checks should support docker executor and bridged mode.,,8.0,Major,Improvement,2016,8,7,Mesos,Resolved,2016-08-02,MESOS-5961,1,0,26.2,haosdent,2
All non-root tests fail on GPU machine,,2.0,Major,Bug,2016,8,2,Mesos,Resolved,2016-08-01,MESOS-5959,0,0,0.07,Kevin Klues,2
Reviewbot failing due to python files not being cleaned up after distclean,build,2.0,Critical,Bug,2016,8,5,Mesos,Resolved,2016-08-01,MESOS-5958,0,1,1.15,Joseph Wu,0
"The ""mesos-health-check"" binary is not used anymore.",,3.0,Major,Improvement,2016,8,3,Mesos,Resolved,2016-08-01,MESOS-5955,0,0,27.19,haosdent,1
Docker executor does not use HealthChecker library.,,3.0,Major,Improvement,2016,8,2,Mesos,Resolved,2016-08-01,MESOS-5954,0,0,27.19,haosdent,1
NvidiaVolume::create() should check for root before creating volume,,2.0,Major,Bug,2016,7,1,Mesos,Resolved,2016-07-31,MESOS-5945,6,0,1.41,Kevin Klues,2
Remove `O_SYNC` from StatusUpdateManager logs,agent,1.0,Major,Improvement,2016,7,2,Mesos,Resolved,2016-07-31,MESOS-5944,6,1,4.65,Joris Van Remoortere,1
Incremental http parsing of URLs leads to decoder error,"libprocess,scheduler driver",3.0,Blocker,Bug,2016,7,2,Mesos,Resolved,2016-07-30,MESOS-5943,5,2,2.84,Joris Van Remoortere,1
Support auto backend in Unified Containerizer.,containerization,8.0,Blocker,Improvement,2016,7,6,Mesos,Resolved,2016-07-29,MESOS-5931,4,1,184.18,Gilbert Song,3
Orphan tasks can show up as running after they have finished.,master,3.0,Major,Bug,2016,7,4,Mesos,Resolved,2016-07-29,MESOS-5930,4,1,6.37,Anand Mazumdar,1
Agent's '--version' flag doesn't work,,1.0,Major,Bug,2016,7,2,Mesos,Resolved,2016-07-29,MESOS-5928,4,0,6.02,Greg Mann,1
"Unable to run ""scratch"" Dockerfiles with Unified Containerizer.",containerization,3.0,Major,Bug,2016,7,2,Mesos,Resolved,2016-07-29,MESOS-5927,4,1,4.69,Gilbert Song,3
"Ubuntu 14.04 LTS GPU Isolator ""/run"" directory is noexec",,3.0,Major,Bug,2016,7,2,Mesos,Resolved,2016-07-28,MESOS-5923,3,0,3.72,Kevin Klues,2
"Stout ""OsTest.User"" test can fail on some systems",stout,2.0,Major,Bug,2016,7,11,Mesos,Resolved,2016-07-26,MESOS-5909,1,1,59.23,Mao Geng,1
ExamplesTest.DiskFullFramework fails on Arch,test,1.0,Major,Bug,2016,7,4,Mesos,Resolved,2016-07-26,MESOS-5907,1,1,0.19,Joseph Wu,1
Process routes implementation seems to drop routes on Windows.,,1.0,Major,Bug,2016,7,4,Mesos,Resolved,2016-07-25,MESOS-5904,0,0,728.96,Andrew Schwartzmeyer,3
Make the command executor unversioned,,2.0,Major,Improvement,2016,7,2,Mesos,Resolved,2016-07-25,MESOS-5901,0,0,15.99,Anand Mazumdar,1
Support Unix domain socket connections in libprocess,libprocess,5.0,Major,Improvement,2016,7,7,Mesos,Resolved,2016-07-25,MESOS-5900,0,1,130.22,Benjamin Hindman,1
`os::cloexec` does not exist on Windows,,2.0,Major,Bug,2016,7,5,Mesos,Resolved,2016-07-21,MESOS-5882,3,0,580.2,Andrew Schwartzmeyer,3
cgroups/net_cls isolator causing agent recovery issues,"agent,containerization",1.0,Major,Bug,2016,7,33,Mesos,Resolved,2016-07-21,MESOS-5879,3,2,91.06,Avinash Sridharan,1
Strict/RegistrarTest.UpdateQuota/0 is flaky,test,3.0,Major,Bug,2016,7,1,Mesos,Resolved,2016-07-21,MESOS-5878,3,1,22.46,Alex R,1
Document MESOS_SANDBOX executor env variable.,"containerization,documentation",2.0,Major,Bug,2016,7,2,Mesos,Resolved,2016-07-19,MESOS-5864,1,2,2.14,Gilbert Song,3
Enabling SSL causes fetcher fail to fetch from HTTPS sites.,,3.0,Major,Bug,2016,7,3,Mesos,Resolved,2016-07-19,MESOS-5863,1,0,1.21,Jie Yu,0
Logrotate ContainerLogger module does not rotate logs when run as root with `--switch_user`.,,3.0,Critical,Bug,2016,7,4,Mesos,Resolved,2016-07-19,MESOS-5856,1,0,127.89,Sivaram Kannan,4
Create a 'Disk (not) full' example framework,,3.0,Minor,Task,2016,7,2,Mesos,Resolved,2016-07-17,MESOS-5855,6,0,8.84,Artem Harutyunyan,1
CMake build needs to generate protobufs before building libmesos,"build,cmake",2.0,Major,Bug,2016,7,2,Mesos,Resolved,2016-07-15,MESOS-5852,4,2,10.28,Srinivas,2
Docker health checks are malformed.,,1.0,Major,Bug,2016,7,3,Mesos,Resolved,2016-07-15,MESOS-5848,4,0,4.24,Alex R,1
The fetcher can access any local file as root,fetcher,3.0,Major,Bug,2016,7,7,Mesos,Resolved,2016-07-14,MESOS-5845,3,1,6.98,Greg Mann,2
PersistentVolumeEndpointsTest.OfferCreateThenEndpointRemove test is flaky,,1.0,Major,Bug,2016,7,3,Mesos,Resolved,2016-07-13,MESOS-5844,2,0,4.71,Neil Conway,0
Add example framework for using inverse offers,,3.0,Minor,Task,2016,7,8,Mesos,Resolved,2016-07-10,MESOS-5827,6,0,838.51,Till Toenshoff,3
Support mounting image volume in mesos containerizer.,containerization,5.0,Major,Improvement,2016,7,4,Mesos,Resolved,2016-07-08,MESOS-5825,4,1,25.06,Gilbert Song,4
Include disk source information in stringification,stout,3.0,Minor,Improvement,2016,7,11,Mesos,Resolved,2016-07-08,MESOS-5824,4,1,595.99,Shubham Kumar,3
Add a build script for the Windows CI,build,3.0,Major,Improvement,2016,7,2,Mesos,Resolved,2016-07-08,MESOS-5822,4,1,17.09,Joseph Wu,3
Port libprocess http_tests.cpp,,1.0,Major,Task,2016,7,5,Mesos,Resolved,2016-07-08,MESOS-5814,4,0,745.99,Andrew Schwartzmeyer,4
MasterAPITest.Subscribe is flaky,test,3.0,Major,Bug,2016,7,5,Mesos,Resolved,2016-07-08,MESOS-5812,4,1,9.13,Anand Mazumdar,0
CNI isolator should prepare network related /etc/* files for containers using host mode but specify container images.,"containerization,network",5.0,Major,Bug,2016,7,6,Mesos,Resolved,2016-07-08,MESOS-5806,4,2,11.66,Qian Zhang,1
ExamplesTest.DynamicReservationFramework is flaky,"allocation,test",3.0,Major,Bug,2016,7,5,Mesos,Resolved,2016-07-07,MESOS-5804,3,2,1028.3,Benjamin Mahler,2
SlaveAuthorizerTest/0.ViewFlags is flaky.,agent,2.0,Major,Bug,2016,7,1,Mesos,Resolved,2016-07-07,MESOS-5802,3,1,28.02,Alexander Rojas,3
Add ability to inject Nvidia devices into a container,,3.0,Major,Improvement,2016,7,2,Mesos,Resolved,2016-07-06,MESOS-5793,2,0,0.08,Kevin Klues,2
Add mesos tests to CMake (make check),build,8.0,Major,Improvement,2016,7,4,Mesos,Resolved,2016-07-05,MESOS-5792,1,1,146.06,Srinivas,2
Added JAVA API adapter for seamless transition to new scheduler API.,,8.0,Major,Task,2016,7,4,Mesos,Resolved,2016-07-05,MESOS-5788,1,0,27.74,Anand Mazumdar,1
Add ability to set framework capabilities in 'mesos-execute',,2.0,Major,Improvement,2016,7,2,Mesos,Resolved,2016-07-05,MESOS-5787,1,0,0.35,Kevin Klues,1
Renamed 'commands' to 'pre_exec_commands' in ContainerLaunchInfo.,containerization,2.0,Major,Improvement,2016,7,2,Mesos,Resolved,2016-07-05,MESOS-5782,1,1,0.01,Gilbert Song,3
Add get_abi_version() to ELF abstraction in stout,,2.0,Major,Improvement,2016,7,2,Mesos,Resolved,2016-07-02,MESOS-5769,5,0,0.12,Kevin Klues,2
Reimplement the stout ELF abstraction in terms of ELFIO,,2.0,Major,Improvement,2016,7,3,Mesos,Resolved,2016-07-02,MESOS-5768,5,0,0.1,Kevin Klues,2
Add ELFIO as bundled Dependency to Mesos,,2.0,Major,Improvement,2016,7,4,Mesos,Resolved,2016-07-02,MESOS-5767,5,0,0.11,Kevin Klues,2
Missing License Information for Bundled NVML headers,,1.0,Major,Bug,2016,7,2,Mesos,Resolved,2016-07-02,MESOS-5766,5,0,2.92,Kevin Klues,2
Add 'systemGetDriverVersion' to NVML abstraction.,,2.0,Major,Improvement,2016,7,2,Mesos,Resolved,2016-07-01,MESOS-5765,4,0,0.01,Kevin Klues,2
Improve the logic of orphan tasks,,5.0,Major,Improvement,2016,7,3,Mesos,Resolved,2016-07-01,MESOS-5761,4,0,21.41,Vinod Kone,0
ProcessRemoteLinkTest.RemoteUseStaleLink and RemoteStaleLinkRelink are flaky,"libprocess,test",1.0,Major,Bug,2016,7,4,Mesos,Resolved,2016-07-01,MESOS-5759,4,2,10.94,Joseph Wu,2
NVML headers are not installed as part of 3rdparty install with --enable-install-module-dependencies,,2.0,Major,Bug,2016,6,1,Mesos,Resolved,2016-06-30,MESOS-5755,3,0,0.99,Kevin Klues,0
Command executor should use `mesos-containerizer launch` to launch user task.,containerization,8.0,Major,Improvement,2016,6,2,Mesos,Resolved,2016-06-30,MESOS-5753,3,1,3.82,Jie Yu,2
Potential segfault in `link` and `send` when linking to a remote process,libprocess,2.0,Major,Bug,2016,6,3,Mesos,Resolved,2016-06-29,MESOS-5748,2,1,273.41,Joseph Wu,2
AuthenticationTest.UnauthenticatedSlave fails with clang++3.8,test,3.0,Major,Bug,2016,6,10,Mesos,Resolved,2016-06-29,MESOS-5745,2,1,196.26,Benjamin Bannier,1
"When start an agent with `--resources`, the GPU resource can be fractional",,1.0,Major,Bug,2016,6,3,Mesos,Resolved,2016-06-29,MESOS-5742,2,0,0.66,Kevin Klues,1
Consider adding `relink` functionality to libprocess,libprocess,3.0,Major,Improvement,2016,6,2,Mesos,Resolved,2016-06-29,MESOS-5740,2,1,0.96,Joseph Wu,2
Command executor health check does not work when the task specifies container image.,containerization,5.0,Major,Bug,2016,6,3,Mesos,Resolved,2016-06-27,MESOS-5727,0,1,4.01,Gilbert Song,3
Benchmark the v1 Operator API,,3.0,Major,Task,2016,6,2,Mesos,Resolved,2016-06-27,MESOS-5726,0,0,568.91,Meng Zhu,1
SSL-enabled libprocess will leak incoming links to forks,libprocess,2.0,Blocker,Bug,2016,6,2,Mesos,Resolved,2016-06-27,MESOS-5723,0,1,1.06,Joseph Wu,3
Can't autodiscovery GPU resources without '--enable-nvidia-gpu-support' and '--nvidia_gpu_devices' flags,,2.0,Major,Bug,2016,6,6,Mesos,Resolved,2016-06-27,MESOS-5717,0,0,0.77,Kevin Klues,1
Document docker private registry with authentication support in Unified Containerizer.,"containerization,documentation",3.0,Major,Improvement,2016,6,1,Mesos,Resolved,2016-06-27,MESOS-5716,0,2,16.41,Gilbert Song,3
Document exactly what is handled by GET_ENDPOINTS_WITH_PATH acl,"documentation,security",1.0,Minor,Task,2016,6,2,Mesos,Resolved,2016-06-24,MESOS-5712,4,2,7.21,Alexander Rojas,3
Update AUTHORIZATION strings in endpoint help,"documentation,security",2.0,Minor,Task,2016,6,2,Mesos,Resolved,2016-06-24,MESOS-5711,4,2,6.24,Jörg Schad,3
Authorization for /roles,security,3.0,Blocker,Task,2016,6,5,Mesos,Resolved,2016-06-24,MESOS-5709,4,1,10.72,Jörg Schad,2
Add authz to /files/debug,security,3.0,Minor,Task,2016,6,6,Mesos,Resolved,2016-06-24,MESOS-5708,4,1,12.27,Abhishek Dasgupta,2
LocalAuthorizer should error if passed a GET_ENDPOINT ACL with an unhandled path,security,3.0,Blocker,Task,2016,6,3,Mesos,Resolved,2016-06-24,MESOS-5707,4,1,7.23,Alexander Rojas,2
GET_ENDPOINT_WITH_PATH authz doesn't make sense for /flags,security,2.0,Major,Task,2016,6,2,Mesos,Resolved,2016-06-24,MESOS-5706,4,1,3.9,Alexander Rojas,2
ZK credential is exposed in /flags and /state,"master,security",5.0,Blocker,Task,2016,6,3,Mesos,Resolved,2016-06-24,MESOS-5705,4,2,6.35,Alexander Rojas,2
Fine-grained authorization on /frameworks,"master,security",3.0,Critical,Task,2016,6,2,Mesos,Resolved,2016-06-24,MESOS-5704,4,2,4.43,Alexander Rojas,2
Create new documentation for Mesos networking.,documentation,1.0,Major,Task,2016,6,1,Mesos,Resolved,2016-06-23,MESOS-5699,3,1,6.87,Avinash Sridharan,1
Quota sorter not updated for resource changes at agent.,allocation,5.0,Blocker,Bug,2016,6,4,Mesos,Resolved,2016-06-23,MESOS-5698,3,1,10.77,Neil Conway,2
Support file volume in mesos containerizer.,"containerization,storage",3.0,Major,Improvement,2016,6,2,Mesos,Resolved,2016-06-23,MESOS-5697,3,2,11.03,Gilbert Song,4
SSL downgrade support will leak sockets in CLOSE_WAIT status,libprocess,5.0,Blocker,Bug,2016,6,2,Mesos,Resolved,2016-06-23,MESOS-5691,3,1,0.02,Joseph Wu,2
The /files/download endpoint's authorization can be compromised,,2.0,Blocker,Bug,2016,6,3,Mesos,Resolved,2016-06-22,MESOS-5685,2,0,1.45,Greg Mann,1
Master captures `this` when creating authorization callback,,1.0,Blocker,Bug,2016,6,2,Mesos,Resolved,2016-06-22,MESOS-5684,2,0,0.85,Greg Mann,1
Add support for master capabilities,master,3.0,Major,Improvement,2016,6,4,Mesos,Resolved,2016-06-21,MESOS-5675,1,1,532.47,Benno Evers,1
Port mapping isolator may fail in 'isolate' method.,"containerization,network",3.0,Major,Bug,2016,6,1,Mesos,Resolved,2016-06-21,MESOS-5674,1,2,1.86,Gilbert Song,4
Port mapping isolator may cause segfault if it bind mount root does not exist.,containerization,3.0,Major,Bug,2016,6,1,Mesos,Resolved,2016-06-21,MESOS-5673,1,1,1.88,Gilbert Song,4
MemoryPressureMesosTest.CGROUPS_ROOT_Statistics is flaky.,"containerization,test",2.0,Major,Bug,2016,6,1,Mesos,Resolved,2016-06-21,MESOS-5671,1,2,1.88,Gilbert Song,3
MemoryPressureMesosTest.CGROUPS_ROOT_SlaveRecovery is flaky.,"containerization,test",2.0,Major,Bug,2016,6,1,Mesos,Resolved,2016-06-21,MESOS-5670,1,2,1.89,Gilbert Song,3
CNI isolator should not return failure if /etc/hostname does not exist on host.,"containerization,test",3.0,Major,Bug,2016,6,1,Mesos,Resolved,2016-06-21,MESOS-5669,1,2,1.89,Gilbert Song,3
Add CGROUP namespace to linux ns helper.,containerization,3.0,Major,Bug,2016,6,1,Mesos,Resolved,2016-06-21,MESOS-5668,1,1,1.9,Gilbert Song,4
CniIsolatorTest.ROOT_INTERNET_CURL_LaunchCommandTask fails on CentOS 7.,"containerization,test",2.0,Major,Bug,2016,6,1,Mesos,Resolved,2016-06-21,MESOS-5667,1,2,1.92,Gilbert Song,3
Deprecate camel case proto field in isolator ContainerConfig.,containerization,2.0,Major,Improvement,2016,6,2,Mesos,Resolved,2016-06-20,MESOS-5666,0,1,0.3,Gilbert Song,3
Invalid resources sent to '/reserve' are silently dropped,,1.0,Major,Bug,2016,6,3,Mesos,Resolved,2016-06-20,MESOS-5664,0,0,3.97,Greg Mann,1
Remove hard dependence on libelf for Linux,,1.0,Major,Task,2016,6,1,Mesos,Resolved,2016-06-20,MESOS-5663,0,0,0.03,Kevin Klues,2
ContainerizerTest.ROOT_CGROUPS_BalloonFramework fails because executor environment isn't inherited,test,2.0,Major,Bug,2016,6,3,Mesos,Resolved,2016-06-20,MESOS-5660,0,1,2.08,Joseph Wu,1
Design doc for TASK_UNREACHABLE,master,5.0,Major,Improvement,2016,6,1,Mesos,Resolved,2016-06-20,MESOS-5659,0,1,13.84,Neil Conway,1
Executors should not inherit environment variables from the agent.,containerization,3.0,Major,Bug,2016,6,1,Mesos,Resolved,2016-06-20,MESOS-5657,0,1,0.49,Gilbert Song,2
UNRESERVE operation causes master to crash.,allocation,5.0,Blocker,Bug,2016,6,0,Mesos,Resolved,2016-06-19,MESOS-5650,6,1,5.14,Neil Conway,1
Build an example framework to consume GPUs,,3.0,Major,Task,2016,6,2,Mesos,Resolved,2016-06-18,MESOS-5649,5,0,17.32,Kevin Klues,2
Expose network statistics for containers on CNI network in the `network/cni` isolator.,containerization,5.0,Major,Task,2016,6,3,Mesos,Resolved,2016-06-18,MESOS-5647,5,1,793.36,Sergey Urbanovich,1
Add documentation about metadata for CNI plugins.,,2.0,Major,Task,2016,6,2,Mesos,Resolved,2016-06-18,MESOS-5639,5,0,0.01,Jie Yu,0
Add Framework Capability for GPU_RESOURCES,,3.0,Major,Task,2016,6,2,Mesos,Resolved,2016-06-17,MESOS-5634,4,0,3.26,Kevin Klues,2
Implement clang-tidy check for incorrect use of capturing lambdas with Futures,,5.0,Major,Improvement,2016,6,1,Mesos,Resolved,2016-06-17,MESOS-5631,4,0,80.34,Benjamin Bannier,1
Change build to always enable Nvidia GPU support for Linux,,2.0,Major,Improvement,2016,6,3,Mesos,Resolved,2016-06-17,MESOS-5630,4,0,0.52,Kevin Klues,2
Agent segfaults after request to '/files/browse',,3.0,Blocker,Bug,2016,6,8,Mesos,Resolved,2016-06-16,MESOS-5629,3,0,0.67,Jörg Schad,3
Added a metric indicating if replicated log for the registrar has recovered or not.,replicated log,3.0,Major,Improvement,2016,6,2,Mesos,Resolved,2016-06-16,MESOS-5618,3,1,0.68,Jie Yu,1
Put initial scaffolding in place for implementing SUBSCRIBE call on v1 Master API.,,5.0,Major,Bug,2016,6,2,Mesos,Resolved,2016-06-14,MESOS-5609,1,0,7.16,Anand Mazumdar,1
"Document Mesos ""health check"" feature.",documentation,5.0,Major,Documentation,2016,6,2,Mesos,Resolved,2016-06-10,MESOS-5597,4,1,167.05,Alex R,3
Pass NetworkInfo to CNI Plugins,,3.0,Major,Improvement,2016,6,5,Mesos,Resolved,2016-06-10,MESOS-5592,4,0,8.0,Dan Osborne,1
Improve authorization documentation when setting permissive flag.,,1.0,Major,Documentation,2016,6,2,Mesos,Resolved,2016-06-09,MESOS-5583,3,0,7.91,Jörg Schad,0
Create a `cgroups/devices` isolator.,,2.0,Major,Improvement,2016,6,4,Mesos,Resolved,2016-06-09,MESOS-5582,3,0,455.54,Kevin Klues,3
Guarantee ordering between Isolators,,3.0,Major,Improvement,2016,6,5,Mesos,Resolved,2016-06-09,MESOS-5581,3,0,7.64,Kevin Klues,2
Modules using replicated log state API require zookeeper headers,modules,1.0,Major,Bug,2016,6,1,Mesos,Resolved,2016-06-09,MESOS-5577,3,1,5.04,Avinash Sridharan,1
Masters may drop the first message they send between masters after a network partition,"leader election,master,replicated log",5.0,Major,Improvement,2016,6,5,Mesos,Resolved,2016-06-09,MESOS-5576,3,3,20.95,Joseph Wu,1
Rearrange Nvidia GPU files to cleanup semantics for header inclusion.,,1.0,Major,Improvement,2016,6,2,Mesos,Resolved,2016-06-07,MESOS-5563,1,0,22.09,Kevin Klues,2
Add class to share Nvidia-specific components between containerizers,,2.0,Major,Improvement,2016,6,2,Mesos,Resolved,2016-06-07,MESOS-5562,1,0,22.05,Kevin Klues,2
"Need to remove references to ""messages/messages.hpp"" from `State` API",,2.0,Major,Bug,2016,6,1,Mesos,Resolved,2016-06-07,MESOS-5561,1,0,1.82,Avinash Sridharan,1
Integrate the `NvidiaGpuAllocator` into the `NvidiaGpuIsolator`,,3.0,Major,Improvement,2016,6,2,Mesos,Resolved,2016-06-07,MESOS-5559,1,0,20.22,Kevin Klues,2
Update `Containerizer::resources()` to use the `NvidiaGpuAllocator`,,2.0,Major,Improvement,2016,6,2,Mesos,Resolved,2016-06-07,MESOS-5558,1,0,20.15,Kevin Klues,2
Add `NvidiaGpuAllocator` component for cross-containerizer GPU allocation,,5.0,Major,Improvement,2016,6,2,Mesos,Resolved,2016-06-07,MESOS-5557,1,0,17.09,Kevin Klues,2
"Fix method of populating device entries for `/dev/nvidia-uvm`, etc.",,2.0,Major,Bug,2016,6,2,Mesos,Resolved,2016-06-07,MESOS-5556,1,0,6.97,Kevin Klues,2
Always provide access to NVIDIA control devices within containers (if GPU isolation is enabled).,,3.0,Major,Improvement,2016,6,2,Mesos,Resolved,2016-06-07,MESOS-5555,1,0,9.01,Kevin Klues,2
Change major/minor device types for Nvidia GPUs to `unsigned int`,,1.0,Major,Bug,2016,6,2,Mesos,Resolved,2016-06-07,MESOS-5554,1,0,7.14,Kevin Klues,2
Bundle NVML headers for Nvidia GPU support.,,1.0,Major,Improvement,2016,6,2,Mesos,Resolved,2016-06-07,MESOS-5552,1,0,8.95,Kevin Klues,2
Move the Nvidia GPU isolator from `cgroups/devices/gpu/nvidia` to `gpu/nvidia`,,2.0,Major,Improvement,2016,6,2,Mesos,Resolved,2016-06-07,MESOS-5551,1,0,7.01,Kevin Klues,2
Remove Nvidia GPU Isolator's link-time dependence on `libnvidia-ml`,,2.0,Major,Improvement,2016,6,4,Mesos,Resolved,2016-06-07,MESOS-5550,1,0,20.19,Kevin Klues,2
Document aufs provisioner backend.,,2.0,Major,Task,2016,6,2,Mesos,Resolved,2016-06-07,MESOS-5549,1,0,13.03,Shuai Lin,0
http v1 SUBSCRIBED scheduler event always has nil http_interval_seconds,,1.0,Blocker,Bug,2016,6,2,Mesos,Resolved,2016-06-03,MESOS-5537,4,0,5.85,Anand Mazumdar,1
Maven build is too verbose for batch builds,build,1.0,Major,Improvement,2016,6,2,Mesos,Resolved,2016-06-01,MESOS-5532,2,1,50.12,Kapil Arya,1
Update RUN_TASK_WITH_USER to use additional metadata,security,5.0,Blocker,Improvement,2016,5,3,Mesos,Resolved,2016-05-26,MESOS-5459,3,1,5.85,Benjamin Bannier,2
Master anonymous modules should initialized before any other components.,,1.0,Major,Improvement,2016,5,2,Mesos,Resolved,2016-05-25,MESOS-5456,2,0,21.08,Avinash Sridharan,1
CNI should not store subnet of address in NetworkInfo,,2.0,Major,Bug,2016,5,4,Mesos,Resolved,2016-05-25,MESOS-5453,2,0,2.2,Dan Osborne,1
Agent modules should be initialized before all components except firewall.,containerization,1.0,Major,Improvement,2016,5,4,Mesos,Resolved,2016-05-25,MESOS-5452,2,1,21.28,Avinash Sridharan,1
Make the SASL dependency optional.,agent,2.0,Major,Bug,2016,5,6,Mesos,Resolved,2016-05-25,MESOS-5450,2,1,13.62,Alex Clemmer,1
Allow libprocess/stout to build without first doing `make` in 3rdparty.,build,2.0,Major,Bug,2016,5,4,Mesos,Resolved,2016-05-24,MESOS-5445,1,1,42.68,Kapil Arya,1
AppC  appc_simple_discovery_uri_prefix is lost in configuration.md,documentation,1.0,Major,Bug,2016,5,2,Mesos,Resolved,2016-05-23,MESOS-5437,0,1,0.51,Guangya Liu,0
GPU resource broke framework data table in webUI,,1.0,Minor,Bug,2016,5,3,Mesos,Resolved,2016-05-23,MESOS-5436,0,0,16.92,haosdent,1
Add default implementations to all Isolator virtual functions,,1.0,Major,Improvement,2016,5,2,Mesos,Resolved,2016-05-23,MESOS-5435,0,0,0.75,Kevin Klues,0
Consider using IntervalSet for Port range resource math,allocation,3.0,Major,Improvement,2016,5,12,Mesos,Resolved,2016-05-20,MESOS-5425,4,1,52.27,Yanyan Hu,2
Implement os::exists for processes,,1.0,Major,Improvement,2016,5,2,Mesos,Resolved,2016-05-20,MESOS-5420,4,0,11.05,Daniel Pravat,1
Document all known client libraries for the Scheduler/Executor API,,2.0,Major,Documentation,2016,5,2,Mesos,Resolved,2016-05-19,MESOS-5419,3,0,47.87,Anand Mazumdar,1
`network/cni` isolator should skip the bind mounting of the CNI network information root directory if possible,,3.0,Major,Bug,2016,5,2,Mesos,Resolved,2016-05-19,MESOS-5413,3,0,4.13,Qian Zhang,0
Delete the /observe HTTP endpoint,,2.0,Major,Bug,2016,5,7,Mesos,Resolved,2016-05-18,MESOS-5408,2,0,2.07,Qian Zhang,0
Make fields in authorization::Request protobuf optional.,,3.0,Blocker,Bug,2016,5,20,Mesos,Resolved,2016-05-17,MESOS-5405,1,0,20.42,Till Toenshoff,2
Allow `Task` to be authorized.,security,3.0,Major,Improvement,2016,5,3,Mesos,Resolved,2016-05-17,MESOS-5404,1,1,8.42,Jörg Schad,2
Introduce ObjectApprover Interface to Authorizer.,,5.0,Major,Bug,2016,5,2,Mesos,Resolved,2016-05-17,MESOS-5403,1,0,13.41,Jörg Schad,0
Add ability to inject a Volume of Nvidia libraries/binaries into a docker-image container in mesos containerizer.,,5.0,Major,Improvement,2016,5,14,Mesos,Resolved,2016-05-17,MESOS-5401,1,0,49.43,Kevin Klues,2
Add preliminary support for parsing ELF files in stout.,,5.0,Minor,Improvement,2016,5,4,Mesos,Resolved,2016-05-17,MESOS-5400,1,0,1.47,Kevin Klues,0
Add utility for parsing ld.so.cache on linux.,,5.0,Minor,Improvement,2016,5,2,Mesos,Resolved,2016-05-17,MESOS-5399,1,0,1.47,Kevin Klues,0
Rewrite os::read() to be friendlier to reading binary files,,3.0,Minor,Improvement,2016,5,2,Mesos,Resolved,2016-05-17,MESOS-5398,1,0,1.48,Kevin Klues,0
Slave/Agent Rename Phase 1: Update terms in the website,project website,1.0,Major,Bug,2016,5,4,Mesos,Resolved,2016-05-17,MESOS-5397,1,1,9.43,haosdent,0
v1 Executor Protos not included in maven jar,HTTP API,1.0,Major,Bug,2016,5,2,Mesos,Resolved,2016-05-16,MESOS-5390,0,1,3.25,zhou xing,1
docker containerizer should prefix relative volume.container_path values with the path to the sandbox,containerization,3.0,Major,Bug,2016,5,7,Mesos,Resolved,2016-05-16,MESOS-5389,0,1,58.16,Gilbert Song,4
MesosContainerizerLaunch flags execute arbitrary commands via shell.,containerization,5.0,Major,Bug,2016,5,9,Mesos,Resolved,2016-05-16,MESOS-5388,0,1,78.22,Gilbert Song,4
Add `HANDLE` overloads for functions that take a file descriptor,stout,3.0,Major,Bug,2016,5,2,Mesos,Resolved,2016-05-16,MESOS-5386,0,1,7.86,Alex Clemmer,3
Implement os::setHostname,stout,1.0,Major,Bug,2016,5,2,Mesos,Resolved,2016-05-14,MESOS-5383,5,1,9.43,Alex Clemmer,3
Implement os::fsync,stout,1.0,Major,Bug,2016,5,2,Mesos,Resolved,2016-05-14,MESOS-5382,5,1,9.5,Alex Clemmer,3
Killing a queued task can cause the corresponding command executor to never terminate.,agent,3.0,Blocker,Bug,2016,5,5,Mesos,Resolved,2016-05-13,MESOS-5380,4,1,12.87,Vinod Kone,1
Implement stout/os/windows/kill.hpp,,5.0,Major,Improvement,2016,5,2,Mesos,Resolved,2016-05-12,MESOS-5375,3,0,3.72,Daniel Pravat,2
Add support for Console Ctrl handling in `slave.cpp`,,3.0,Major,Improvement,2016,5,2,Mesos,Resolved,2016-05-12,MESOS-5374,3,0,0.72,Daniel Pravat,2
Remove `Zookeeper's` NTDDI_VERSION define,,2.0,Major,Improvement,2016,5,2,Mesos,Resolved,2016-05-12,MESOS-5373,3,0,0.72,Daniel Pravat,2
Add random() to os:: namespace ,stout,1.0,Major,Improvement,2016,5,2,Mesos,Resolved,2016-05-12,MESOS-5372,3,1,0.74,Daniel Pravat,2
Add deprecation support for Flags,,5.0,Major,Improvement,2016,5,2,Mesos,Resolved,2016-05-12,MESOS-5370,3,0,0.41,Vinod Kone,0
Introduce a timeout for docker volume driver mount/unmount operation.,,2.0,Major,Task,2016,5,2,Mesos,Resolved,2016-05-11,MESOS-5365,2,0,0.01,Jie Yu,0
Add authentication to example frameworks,security,2.0,Major,Improvement,2016,5,2,Mesos,Resolved,2016-05-10,MESOS-5362,1,1,630.15,Till Toenshoff,3
Set death signal for dvdcli subprocess in docker volume isolator.,,2.0,Major,Improvement,2016,5,4,Mesos,Resolved,2016-05-10,MESOS-5360,1,0,0.98,Jie Yu,0
The scheduler library should have a delay before initiating a connection with master.,,3.0,Major,Bug,2016,5,10,Mesos,Resolved,2016-05-10,MESOS-5359,1,0,40.89,José Guilherme Vanz,1
Add Windows support for StopWatch,,2.0,Major,Improvement,2016,5,2,Mesos,Resolved,2016-05-10,MESOS-5356,1,0,0.02,Alex Clemmer,2
Add asynchronous hook for validating docker containerizer tasks,"docker,modules",5.0,Minor,Improvement,2016,5,2,Mesos,Resolved,2016-05-09,MESOS-5350,0,2,18.09,Joseph Wu,3
Enhance the log message when launching docker containerizer.,containerization,2.0,Major,Improvement,2016,5,2,Mesos,Resolved,2016-05-09,MESOS-5348,0,1,31.33,Guangya Liu,1
Enhance the log message when launching mesos containerizer.,containerization,2.0,Major,Improvement,2016,5,2,Mesos,Resolved,2016-05-09,MESOS-5347,0,1,17.53,Guangya Liu,1
Design doc for TASK_LOST_PENDING,master,5.0,Major,Task,2016,5,2,Mesos,Resolved,2016-05-09,MESOS-5345,0,1,23.31,Neil Conway,1
Create Tests for testing fine-grained HTTP endpoint filtering.,,3.0,Major,Improvement,2016,5,3,Mesos,Resolved,2016-05-06,MESOS-5339,4,0,25.17,Jörg Schad,0
Add `user` to `Task` protobuf message.,,1.0,Major,Improvement,2016,5,2,Mesos,Resolved,2016-05-06,MESOS-5338,4,0,24.17,Jörg Schad,0
Add Master Flag to enable fine-grained filtering of HTTP endpoints.,,1.0,Major,Improvement,2016,5,3,Mesos,Resolved,2016-05-06,MESOS-5337,4,0,24.17,Jörg Schad,0
Add authorization to GET /quota.,"master,security",3.0,Major,Improvement,2016,5,8,Mesos,Resolved,2016-05-06,MESOS-5336,4,2,11.12,Zhitao Li,2
Add authorization to GET /weights.,"master,security",3.0,Major,Improvement,2016,5,4,Mesos,Resolved,2016-05-06,MESOS-5335,4,2,25.05,zhou xing,2
GET /master/maintenance/schedule/ produces 404.,"HTTP API,libprocess",3.0,Minor,Bug,2016,5,2,Mesos,Resolved,2016-05-05,MESOS-5333,3,2,629.88,Alex R,1
SSL related error messages can be misguiding or incomplete,,3.0,Major,Bug,2016,5,3,Mesos,Resolved,2016-05-03,MESOS-5320,1,0,149.2,Till Toenshoff,1
Make `os::close` always catch structured exceptions on Windows,stout,2.0,Major,Bug,2016,5,2,Mesos,Resolved,2016-05-03,MESOS-5318,1,1,7.42,Alex Clemmer,2
Authorize the agent's '/containers' endpoint.,"agent,security",2.0,Major,Improvement,2016,5,4,Mesos,Resolved,2016-05-02,MESOS-5317,0,2,16.56,Abhishek Dasgupta,2
Authenticate the agent's '/containers' endpoint.,"agent,security",2.0,Major,Improvement,2016,5,3,Mesos,Resolved,2016-05-02,MESOS-5316,0,2,13.95,Abhishek Dasgupta,2
Failed to set quota and update weight according to document,documentation,1.0,Minor,Documentation,2016,5,5,Mesos,Resolved,2016-05-01,MESOS-5313,6,1,47.63,Guangya Liu,2
Env `MESOS_SANDBOX` is not set properly for command tasks that changes rootfs.,,2.0,Major,Bug,2016,4,2,Mesos,Resolved,2016-04-29,MESOS-5312,4,0,3.25,Shuai Lin,1
Enable `network/cni` isolator to allow modifications and deletion of CNI config,containerization,5.0,Major,Task,2016,4,7,Mesos,Resolved,2016-04-29,MESOS-5310,4,1,102.07,Qian Zhang,1
Sandbox mounts should not be in the host mount namespace.,,5.0,Major,Improvement,2016,4,2,Mesos,Resolved,2016-04-29,MESOS-5307,4,0,3.65,Jie Yu,1
/metrics/snapshot endpoint help disappeared on agent.,,1.0,Major,Bug,2016,4,4,Mesos,Resolved,2016-04-28,MESOS-5304,3,0,10.8,Joseph Wu,1
Add capabilities support for mesos execute cli.,containerization,3.0,Major,Bug,2016,4,3,Mesos,Resolved,2016-04-28,MESOS-5303,3,1,174.85,Benjamin Bannier,1
Consider adding an Executor Shim/Adapter for the new/old API,,5.0,Major,Improvement,2016,4,2,Mesos,Resolved,2016-04-28,MESOS-5302,3,0,19.99,Anand Mazumdar,1
"Add authorization to the master's ""/flags"" endpoint.",,3.0,Major,Task,2016,4,2,Mesos,Resolved,2016-04-28,MESOS-5297,3,0,14.44,Jan Schlicht,3
Split Resource and Inverse offer protobufs for V1 API,,5.0,Blocker,Improvement,2016,4,2,Mesos,Resolved,2016-04-28,MESOS-5296,3,0,33.91,Joris Van Remoortere,0
Status updates after a health check are incomplete or invalid,,1.0,Major,Bug,2016,4,10,Mesos,Resolved,2016-04-27,MESOS-5294,2,0,81.85,haosdent,1
Add authorization to libprocess HTTP endpoints,libprocess,5.0,Major,Improvement,2016,4,3,Mesos,Resolved,2016-04-26,MESOS-5286,1,1,16.36,Greg Mann,1
Need to add REMOVE semantics to the copy backend,containerization,5.0,Major,Bug,2016,4,2,Mesos,Resolved,2016-04-25,MESOS-5277,0,1,31.36,Gilbert Song,1
Add capabilities support for unified containerizer.,containerization,5.0,Major,Task,2016,4,4,Mesos,Resolved,2016-04-25,MESOS-5275,0,1,164.93,Benjamin Bannier,1
Need support for Authorization information via HELP.,documentation,3.0,Major,Improvement,2016,4,5,Mesos,Resolved,2016-04-25,MESOS-5273,0,1,7.39,Jörg Schad,3
Support docker image labels.,containerization,3.0,Major,Task,2016,4,4,Mesos,Resolved,2016-04-25,MESOS-5272,0,1,30.43,Gilbert Song,3
Add alias support for Flags,,5.0,Major,Improvement,2016,4,4,Mesos,Resolved,2016-04-25,MESOS-5271,0,0,17.57,Vinod Kone,0
add test cases for docker volume driver,,5.0,Major,Bug,2016,4,5,Mesos,Resolved,2016-04-25,MESOS-5266,0,0,14.71,Guangya Liu,0
Update mesos-execute to support docker volume isolator.,,3.0,Major,Bug,2016,4,4,Mesos,Resolved,2016-04-25,MESOS-5265,0,0,53.9,Guangya Liu,0
pivot_root is not available on ARM,,1.0,Major,Bug,2016,4,4,Mesos,Resolved,2016-04-24,MESOS-5263,6,0,1.96,Tomasz Janiszewski,0
Turn the Nvidia GPU isolator into a module,,5.0,Major,Task,2016,4,1,Mesos,Resolved,2016-04-22,MESOS-5258,4,0,45.92,Kevin Klues,0
Add autodiscovery for GPU resources,,3.0,Major,Task,2016,4,6,Mesos,Resolved,2016-04-22,MESOS-5257,4,0,55.88,Kevin Klues,1
Add support for per-containerizer resource enumeration,containerization,3.0,Major,Task,2016,4,2,Mesos,Resolved,2016-04-22,MESOS-5256,4,1,47.77,Kevin Klues,1
Isolator cleanup should not be invoked if they are not prepared yet.,containerization,2.0,Major,Bug,2016,4,2,Mesos,Resolved,2016-04-22,MESOS-5253,4,1,0.19,Gilbert Song,1
Move 3rdparty/libprocess/3rdparty/* to 3rdparty/,,5.0,Major,Task,2016,4,2,Mesos,Resolved,2016-04-21,MESOS-5250,3,0,20.02,Kapil Arya,1
Update CMake files to reflect reorganized 3rdparty,build,2.0,Major,Task,2016,4,1,Mesos,Resolved,2016-04-21,MESOS-5249,3,1,20.35,Alex Clemmer,1
Command executor may escalate after the task is reaped.,,1.0,Minor,Bug,2016,4,2,Mesos,Resolved,2016-04-21,MESOS-5240,3,0,19.02,Alex R,1
Persistent volume DockerContainerizer support assumes proper mount propagation setup on the host.,containerization,3.0,Major,Bug,2016,4,2,Mesos,Resolved,2016-04-21,MESOS-5239,3,1,12.1,Jie Yu,1
CHECK failure in AppcProvisionerIntegrationTest.ROOT_SimpleLinuxImageTest,,2.0,Major,Bug,2016,4,6,Mesos,Resolved,2016-04-21,MESOS-5238,3,0,5.03,Gilbert Song,3
The windows version of `os::access` has differing behavior than the POSIX version.,stout,2.0,Major,Bug,2016,4,2,Mesos,Resolved,2016-04-19,MESOS-5237,1,1,36.31,Michael Park,2
Add capability information to ContainerInfo protobuf message.,containerization,1.0,Major,Task,2016,4,2,Mesos,Resolved,2016-04-19,MESOS-5232,1,1,92.66,Benjamin Bannier,1
Add tests for Capability API.,containerization,3.0,Major,Task,2016,4,3,Mesos,Resolved,2016-04-18,MESOS-5228,0,1,129.27,Benjamin Bannier,2
Add benchmark for writing events on the persistent connection.,,3.0,Major,Task,2016,4,2,Mesos,Resolved,2016-04-14,MESOS-5222,3,0,55.04,Anand Mazumdar,1
Add Documentation for Nvidia GPU support,,5.0,Minor,Documentation,2016,4,2,Mesos,Resolved,2016-04-14,MESOS-5221,3,0,156.9,Kevin Klues,0
Document docker volume driver isolator.,containerization,5.0,Major,Bug,2016,4,2,Mesos,Resolved,2016-04-13,MESOS-5216,2,1,62.06,Guangya Liu,2
Update the documentation for '/reserve' and '/create-volumes',documentation,1.0,Major,Documentation,2016,4,4,Mesos,Resolved,2016-04-13,MESOS-5215,2,1,43.59,Greg Mann,2
Populate FrameworkInfo.principal for authenticated frameworks,master,2.0,Major,Improvement,2016,4,1,Mesos,Resolved,2016-04-13,MESOS-5214,2,1,1.97,Anand Mazumdar,1
Allow any principal in ReservationInfo when HTTP authentication is off,,1.0,Major,Improvement,2016,4,3,Mesos,Resolved,2016-04-13,MESOS-5212,2,0,29.59,Greg Mann,1
The mesos-execute prints confusing message when launching tasks.,,1.0,Minor,Bug,2016,4,2,Mesos,Resolved,2016-04-12,MESOS-5199,1,0,0.46,Guangya Liu,2
The filesystem/linux isolator does not set the permissions of the host_path.,containerization,3.0,Major,Bug,2016,4,5,Mesos,Resolved,2016-04-12,MESOS-5187,1,1,472.46,Gilbert Song,2
Master should reject calls from the scheduler driver if the scheduler is not connected.,scheduler driver,1.0,Major,Bug,2016,4,2,Mesos,Resolved,2016-04-12,MESOS-5181,1,1,16.77,Anand Mazumdar,1
Enhance the error message for Duration flag.,,1.0,Minor,Improvement,2016,4,2,Mesos,Resolved,2016-04-11,MESOS-5179,0,0,48.98,Guangya Liu,1
Add logic to validate for non-fractional GPU requests in the master,,2.0,Major,Task,2016,4,2,Mesos,Resolved,2016-04-11,MESOS-5178,0,0,0.11,Kevin Klues,2
Update the balloon-framework to run on test clusters,,3.0,Major,Improvement,2016,4,2,Mesos,Resolved,2016-04-11,MESOS-5174,0,0,63.13,Joseph Wu,1
Allow master/agent to take multiple modules manifest files,,3.0,Blocker,Task,2016,4,3,Mesos,Resolved,2016-04-11,MESOS-5173,0,0,49.07,Kapil Arya,1
Registry puller cannot fetch blobs correctly from http Redirect 3xx urls.,containerization,3.0,Blocker,Bug,2016,4,4,Mesos,Resolved,2016-04-11,MESOS-5172,0,1,367.07,Gilbert Song,2
Expose state/state.hpp to public headers,replicated log,3.0,Major,Task,2016,4,2,Mesos,Resolved,2016-04-11,MESOS-5171,0,1,6.84,Kapil Arya,1
Adapt json creation for authorization based endpoint filtering.,,5.0,Major,Improvement,2016,4,3,Mesos,Resolved,2016-04-11,MESOS-5170,0,0,49.61,Jörg Schad,3
Introduce new Authorizer Actions for Authorized based filtering of endpoints.,security,3.0,Major,Improvement,2016,4,5,Mesos,Resolved,2016-04-11,MESOS-5169,0,1,44.62,Jörg Schad,3
Benchmark overhead of authorization based filtering.,,3.0,Major,Improvement,2016,4,4,Mesos,Resolved,2016-04-11,MESOS-5168,0,0,46.25,Jörg Schad,3
Add tests for `network/cni` isolator,test,5.0,Major,Task,2016,4,3,Mesos,Resolved,2016-04-11,MESOS-5167,0,1,43.17,Qian Zhang,1
Add authorization to agent's /monitor/statistics endpoint.,"agent,security",5.0,Major,Task,2016,4,3,Mesos,Resolved,2016-04-11,MESOS-5164,0,2,16.36,Benjamin Bannier,3
"Commit message hook behaves incorrectly when a message includes a ""*"".",,2.0,Major,Bug,2016,4,2,Mesos,Resolved,2016-04-10,MESOS-5162,6,0,1.48,Michael Park,1
Make `network/cni` enabled as the default network isolator for `MesosContainerizer`.,containerization,1.0,Major,Task,2016,4,2,Mesos,Resolved,2016-04-10,MESOS-5160,6,1,1.53,Avinash Sridharan,1
Add test to verify error when requesting fractional GPUs,,1.0,Major,Task,2016,4,5,Mesos,Resolved,2016-04-08,MESOS-5159,4,0,3.05,Kevin Klues,2
Update webui for GPU metrics,webui,1.0,Major,Task,2016,4,2,Mesos,Resolved,2016-04-08,MESOS-5157,4,1,0.04,Kevin Klues,3
Consolidate authorization actions for quota.,,5.0,Major,Improvement,2016,4,15,Mesos,Resolved,2016-04-08,MESOS-5155,4,0,40.56,Zhitao Li,1
Sandboxes contents should be protected from unauthorized users,"agent,security",8.0,Major,Bug,2016,4,7,Mesos,Resolved,2016-04-08,MESOS-5153,4,2,53.84,Alexander Rojas,2
Add authentication to agent's /monitor/statistics endpoint,"agent,security",2.0,Major,Task,2016,4,2,Mesos,Resolved,2016-04-08,MESOS-5152,4,2,6.08,Benjamin Bannier,3
MasterAllocatorTest/1.RebalancedForUpdatedWeights is flaky.,"allocation,test",1.0,Major,Bug,2016,4,4,Mesos,Resolved,2016-04-07,MESOS-5146,3,2,13.52,Yongqiao Wang,1
Cleanup memory leaks in libprocess finalize(),libprocess,2.0,Major,Task,2016,4,3,Mesos,Resolved,2016-04-07,MESOS-5144,3,1,96.96,Neil Conway,2
Add agent flags for HTTP authorization.,"agent,security",2.0,Major,Bug,2016,4,3,Mesos,Resolved,2016-04-07,MESOS-5142,3,2,20.32,Jan Schlicht,2
Fix Nvidia GPU test build for namespace change of MasterDetector,,1.0,Major,Bug,2016,4,2,Mesos,Resolved,2016-04-07,MESOS-5138,3,0,1.82,Kevin Klues,2
Remove 'dashboard.js' from the webui.,,1.0,Major,Task,2016,4,3,Mesos,Resolved,2016-04-07,MESOS-5137,3,0,1.76,Kevin Klues,1
Update the default JSON representation of a Resource to include GPUs,,1.0,Major,Task,2016,4,3,Mesos,Resolved,2016-04-07,MESOS-5136,3,0,1.83,Kevin Klues,4
Update existing documentation to Include references to GPUs as a first class resource.,documentation,1.0,Major,Task,2016,4,3,Mesos,Resolved,2016-04-07,MESOS-5135,3,1,1.84,Kevin Klues,4
Commit message hook lints the diff in verbose mode.,,2.0,Major,Bug,2016,4,2,Mesos,Resolved,2016-04-06,MESOS-5132,2,0,0.06,Michael Park,1
Enable `newtork/cni` isolator in `MesosContainerizer` as the default `network` isolator.,containerization,1.0,Major,Task,2016,4,2,Mesos,Resolved,2016-04-06,MESOS-5130,2,1,8.02,Avinash Sridharan,1
PersistentVolumeTest.AccessPersistentVolume is flaky,test,3.0,Major,Bug,2016,4,3,Mesos,Resolved,2016-04-06,MESOS-5128,2,1,0.75,Neil Conway,1
Reset `LIBPROCESS_IP` in `network\cni` isolator.,containerization,1.0,Major,Bug,2016,4,3,Mesos,Resolved,2016-04-06,MESOS-5127,2,1,0.61,Avinash Sridharan,0
Commit message hook iterates over the commented lines.,,2.0,Major,Bug,2016,4,2,Mesos,Resolved,2016-04-05,MESOS-5126,1,0,1.08,Michael Park,1
"Commit message hook iterates over words, rather than lines.",,2.0,Major,Bug,2016,4,2,Mesos,Resolved,2016-04-05,MESOS-5125,1,0,1.08,Michael Park,0
TASK_KILLING is not supported by mesos-execute.,cli,3.0,Major,Improvement,2016,4,2,Mesos,Resolved,2016-04-05,MESOS-5124,1,1,6.8,Alex R,2
pivot_root is not available on PowerPC,,1.0,Major,Bug,2016,4,3,Mesos,Resolved,2016-04-05,MESOS-5121,1,0,0.42,Chen Zhiwei,0
Grant access to /dev/nvidiactl and /dev/nvidia-uvm in the Nvidia GPU isolator.,containerization,2.0,Major,Bug,2016,4,2,Mesos,Resolved,2016-04-04,MESOS-5115,0,1,1.1,Kevin Klues,1
Flags::parse does not handle empty string correctly.,stout,2.0,Major,Bug,2016,4,10,Mesos,Resolved,2016-04-04,MESOS-5114,0,1,0.87,Michael Park,1
`network/cni` isolator crashes when launched without the --network_cni_plugins_dir flag,containerization,1.0,Major,Bug,2016,4,2,Mesos,Resolved,2016-04-04,MESOS-5113,0,1,0.89,Avinash Sridharan,0
Introduce `WindowsSocketError`.,stout,2.0,Major,Task,2016,4,2,Mesos,Resolved,2016-04-04,MESOS-5112,0,1,0.93,Michael Park,1
Update `network::connect` to use the typed error state of `Try`.,libprocess,2.0,Major,Task,2016,4,2,Mesos,Resolved,2016-04-04,MESOS-5111,0,1,0.94,Michael Park,1
Introduce an additional template parameter to `Try` for typed error.,stout,3.0,Major,Task,2016,4,2,Mesos,Resolved,2016-04-04,MESOS-5110,0,1,0.94,Michael Park,1
Capture the error code in `ErrnoError` and `WindowsError`.,stout,2.0,Major,Task,2016,4,2,Mesos,Resolved,2016-04-04,MESOS-5109,0,1,965.67,Michael Park,1
Design a short-term solution for a typed error handling mechanism.,documentation,2.0,Major,Task,2016,4,1,Mesos,Resolved,2016-04-04,MESOS-5108,0,1,965.68,Michael Park,1
Add CMake build to docker_build.sh,,2.0,Major,Improvement,2016,4,4,Mesos,Resolved,2016-04-03,MESOS-5101,6,0,52.07,Juan Larriba,0
Fix a bug in the Nvidia GPU device isolator that exposes a discrepancy between clang and gcc in 'using' declarations,,1.0,Major,Bug,2016,4,2,Mesos,Resolved,2016-04-02,MESOS-5082,5,0,3.03,Kevin Klues,0
Document TaskStatus reasons,documentation,5.0,Major,Documentation,2016,4,2,Mesos,Resolved,2016-04-01,MESOS-5078,4,1,968.82,Benno Evers,3
Mesos allocator leaks role sorter and quota role sorters.,allocation,1.0,Major,Improvement,2016,3,2,Mesos,Resolved,2016-03-31,MESOS-5073,3,1,6.16,Benjamin Bannier,1
Introduce more flexible subprocess interface for child options.,,2.0,Major,Improvement,2016,3,18,Mesos,Resolved,2016-03-31,MESOS-5070,3,0,175.07,Jörg Schad,1
Upgrade http-parser to v2.6.2,,3.0,Major,Improvement,2016,3,2,Mesos,Resolved,2016-03-31,MESOS-5069,3,0,4.39,Chen Zhiwei,0
Support docker private registry default docker config.,"containerization,docker",3.0,Major,Task,2016,3,3,Mesos,Resolved,2016-03-30,MESOS-5065,2,2,970.86,Gilbert Song,1
Remove default value for the agent `work_dir`,,2.0,Blocker,Bug,2016,3,3,Mesos,Resolved,2016-03-29,MESOS-5064,1,0,62.23,Greg Mann,0
Update the long-lived-framework example to run on test clusters,,3.0,Major,Improvement,2016,3,2,Mesos,Resolved,2016-03-29,MESOS-5062,1,0,14.03,Joseph Wu,1
Expose per-role dominant share,allocation,2.0,Major,Bug,2016,3,1,Mesos,Resolved,2016-03-29,MESOS-5058,1,1,972.03,Benjamin Bannier,1
Slave/Agent Rename Phase I - Update strings in error messages and other strings,,3.0,Major,Task,2016,3,3,Mesos,Resolved,2016-03-29,MESOS-5057,1,0,19.86,zhou xing,0
Replace Master/Slave Terminology Phase I - Update strings in the shell scripts outputs,,1.0,Major,Task,2016,3,1,Mesos,Resolved,2016-03-29,MESOS-5056,1,0,27.14,zhou xing,0
Slave/Agent Rename Phase I - Update strings in the log message and standard output,,2.0,Major,Task,2016,3,4,Mesos,Resolved,2016-03-29,MESOS-5055,1,0,6.7,zhou xing,0
Create helpers for manipulating Linux capabilities.,,5.0,Major,Task,2016,3,4,Mesos,Resolved,2016-03-28,MESOS-5051,0,0,972.67,Benjamin Bannier,1
Design Linux capability support for Mesos containerizer,,5.0,Major,Task,2016,3,2,Mesos,Resolved,2016-03-28,MESOS-5050,0,0,972.82,Jojy Varghese,1
Refactore subproces setup functions.,,3.0,Major,Improvement,2016,3,3,Mesos,Resolved,2016-03-28,MESOS-5049,0,0,0.01,Jörg Schad,0
Temporary directories created by environment->mkdtemp cleanup can be problematic.,test,1.0,Major,Improvement,2016,3,2,Mesos,Resolved,2016-03-26,MESOS-5044,5,1,974.67,Joris Van Remoortere,1
Add cgroups unified isolator,containerization,8.0,Major,Task,2016,3,16,Mesos,Resolved,2016-03-26,MESOS-5041,5,1,974.94,haosdent,1
Design doc for ordered message delivery in libprocess,libprocess,3.0,Major,Task,2016,3,1,Mesos,Resolved,2016-03-25,MESOS-5034,4,1,975.82,Neil Conway,2
Authorization Action enum does not support upgrades.,,2.0,Major,Bug,2016,3,5,Mesos,Resolved,2016-03-25,MESOS-5031,4,0,976.18,Yong Tang,2
Copy provisioner cannot replace directory with symlink,containerization,3.0,Major,Bug,2016,3,13,Mesos,Resolved,2016-03-24,MESOS-5028,3,1,389.42,Chun-Hung Hsiao,0
Enable authenticated login in the webui,"master,security,webui",2.0,Major,Improvement,2016,3,8,Mesos,Resolved,2016-03-24,MESOS-5027,3,3,1077.61,haosdent,2
MesosContainerizerProvisionerTest.DestroyWhileProvisioning is flaky.,containerization,2.0,Critical,Bug,2016,3,5,Mesos,Resolved,2016-03-24,MESOS-5023,3,1,976.91,Gilbert Song,1
Call and Event Type enums in executor.proto should be optional,,2.0,Major,Improvement,2016,3,3,Mesos,Resolved,2016-03-23,MESOS-5015,2,0,977.76,Yong Tang,1
Call and Event Type enums in scheduler.proto should be optional,,2.0,Major,Improvement,2016,3,3,Mesos,Resolved,2016-03-23,MESOS-5014,2,0,977.76,Yong Tang,1
Add docker volume driver isolator for Mesos containerizer.,,8.0,Major,Bug,2016,3,13,Mesos,Resolved,2016-03-23,MESOS-5013,2,0,977.85,Guangya Liu,1
Installation of mesos python package is incomplete,python api,2.0,Major,Bug,2016,3,2,Mesos,Resolved,2016-03-22,MESOS-5010,1,1,19.58,Benjamin Bannier,0
Enforce that DiskInfo principal is equal to framework/operator principal,,3.0,Major,Bug,2016,3,5,Mesos,Resolved,2016-03-22,MESOS-5005,1,0,978.74,Greg Mann,3
"Prefix allocator metrics with ""mesos/"" to better support custom allocator metrics.",allocation,1.0,Major,Improvement,2016,3,3,Mesos,Resolved,2016-03-22,MESOS-5001,1,1,978.82,Benjamin Bannier,1
MasterTest.MasterLost is flaky,test,3.0,Major,Bug,2016,3,4,Mesos,Resolved,2016-03-22,MESOS-5000,1,1,978.86,Benjamin Bannier,3
sandbox uri does not work outisde mesos http server,webui,3.0,Major,Bug,2016,3,19,Mesos,Resolved,2016-03-21,MESOS-4992,0,1,979.81,haosdent,1
Destroy a container while it's provisioning can lead to leaked provisioned directories.,containerization,3.0,Critical,Bug,2016,3,2,Mesos,Resolved,2016-03-18,MESOS-4985,4,1,4.97,Gilbert Song,1
MasterTest.SlavesEndpointTwoSlaves is flaky,test,2.0,Major,Bug,2016,3,3,Mesos,Resolved,2016-03-18,MESOS-4984,4,1,982.57,Anand Mazumdar,3
Update example long running to use v1 API.,,5.0,Major,Task,2016,3,7,Mesos,Resolved,2016-03-18,MESOS-4982,4,0,982.68,Anand Mazumdar,1
Update mesos-execute with Appc changes.,containerization,3.0,Major,Bug,2016,3,3,Mesos,Resolved,2016-03-18,MESOS-4978,4,1,982.78,Jojy Varghese,2
Support resizing of an existing persistent volume,storage,8.0,Blocker,Improvement,2016,3,4,Mesos,Resolved,2016-03-16,MESOS-4965,2,1,984.57,Zhitao Li,3
Support for Mesos releases,,8.0,Major,Task,2016,3,2,Mesos,Resolved,2016-03-16,MESOS-4962,2,0,21.06,Vinod Kone,0
ContainerLoggerTest.LOGROTATE_RotateInSandbox is flaky,,1.0,Major,Bug,2016,3,2,Mesos,Resolved,2016-03-16,MESOS-4961,2,0,13.2,Joseph Wu,3
Enable support for mesos-style assertion macros in clang-tidy core analyzers,,3.0,Major,Improvement,2016,3,1,Mesos,Resolved,2016-03-16,MESOS-4959,2,0,298.22,Benjamin Bannier,0
Add authentication to /files endpoints,HTTP API,5.0,Major,Improvement,2016,3,3,Mesos,Resolved,2016-03-16,MESOS-4956,2,1,985.1,Greg Mann,4
Enable actors to pass an authentication realm to libprocess,"agent,libprocess",2.0,Major,Improvement,2016,3,5,Mesos,Resolved,2016-03-15,MESOS-4951,1,2,985.64,Greg Mann,4
Implement reconnect funtionality in the scheduler library.,,3.0,Major,Bug,2016,3,2,Mesos,Resolved,2016-03-15,MESOS-4950,1,0,985.66,Anand Mazumdar,1
Executor shutdown grace period should be configurable.,,3.0,Major,Improvement,2016,3,2,Mesos,Resolved,2016-03-15,MESOS-4949,1,0,985.92,Alex R,1
Improve overlay backend so that it's writable,containerization,5.0,Major,Task,2016,3,3,Mesos,Resolved,2016-03-15,MESOS-4944,1,1,986.46,Shuai Lin,1
Reduce the size of LinuxRootfs in tests.,containerization,13.0,Major,Improvement,2016,3,6,Mesos,Resolved,2016-03-15,MESOS-4943,1,1,986.46,Gilbert Song,3
Docker runtime isolator tests may cause disk issue.,containerization,2.0,Major,Bug,2016,3,2,Mesos,Resolved,2016-03-15,MESOS-4942,1,1,986.51,Gilbert Song,2
Support update existing quota.,allocation,8.0,Major,Improvement,2016,3,7,Mesos,Resolved,2016-03-14,MESOS-4941,0,1,994.08,Zhitao Li,4
Support specifying per-container docker registry.,,3.0,Major,Task,2016,3,2,Mesos,Resolved,2016-03-14,MESOS-4939,0,0,22.01,Gilbert Song,0
Support docker registry authentication,,5.0,Major,Task,2016,3,3,Mesos,Resolved,2016-03-14,MESOS-4938,0,0,986.79,Gilbert Song,1
Investigate container security options for Mesos containerizer,containerization,5.0,Major,Task,2016,3,1,Mesos,Resolved,2016-03-14,MESOS-4937,0,1,986.8,Jojy Varghese,1
Enable HELP to include authentication status of endpoint.,,2.0,Major,Task,2016,3,2,Mesos,Resolved,2016-03-14,MESOS-4934,0,0,987.0,Jörg Schad,2
Registrar HTTP Authentication.,,3.0,Major,Task,2016,3,5,Mesos,Resolved,2016-03-14,MESOS-4933,0,0,987.05,Jan Schlicht,3
Propose Design for Authorization based filtering for endpoints.,security,5.0,Major,Task,2016,3,4,Mesos,Resolved,2016-03-14,MESOS-4932,0,1,987.06,Jörg Schad,3
Remove all '.get().' calls on Option / Try variables in the resources abstraction.,,1.0,Major,Improvement,2016,3,2,Mesos,Resolved,2016-03-14,MESOS-4928,0,0,987.2,Kevin Klues,1
"The flag parser for `hashmap<string, string>` should live in stout, not mesos.",,1.0,Major,Improvement,2016,3,2,Mesos,Resolved,2016-03-14,MESOS-4927,0,0,987.21,Kevin Klues,1
Add a list parser for comma separated integers in flags.,,2.0,Major,Improvement,2016,3,2,Mesos,Resolved,2016-03-14,MESOS-4926,0,0,987.21,Kevin Klues,1
"Setup proper /etc/hostname, /etc/hosts and /etc/resolv.conf for containers in network/cni isolator.",containerization,5.0,Major,Bug,2016,3,5,Mesos,Resolved,2016-03-13,MESOS-4922,6,1,988.48,Avinash Sridharan,1
"ProcessorManager delegate should be an Option<string>, not just a string.",,1.0,Minor,Improvement,2016,3,2,Mesos,Resolved,2016-03-11,MESOS-4914,4,0,0.05,Kevin Klues,0
LinuxFilesystemIsolatorTest.ROOT_MultipleContainers fails.,containerization,3.0,Major,Bug,2016,3,2,Mesos,Resolved,2016-03-10,MESOS-4912,3,1,990.86,Gilbert Song,1
Executor driver does not respect executor shutdown grace period.,,1.0,Major,Bug,2016,3,2,Mesos,Resolved,2016-03-10,MESOS-4911,3,0,990.87,Alex R,1
Deprecate the --docker_stop_timeout agent flag.,docker,1.0,Major,Improvement,2016,3,2,Mesos,Resolved,2016-03-10,MESOS-4910,3,1,990.89,Alex R,2
Introduce kill policy for tasks.,,5.0,Major,Improvement,2016,3,4,Mesos,Resolved,2016-03-10,MESOS-4909,3,0,990.9,Alex R,1
Tasks cannot be killed forcefully.,,5.0,Major,Improvement,2016,3,2,Mesos,Resolved,2016-03-10,MESOS-4908,3,0,990.99,Alex R,1
Allow multiple loads of module manifests,modules,3.0,Blocker,Bug,2016,3,3,Mesos,Resolved,2016-03-09,MESOS-4903,2,1,991.65,Kapil Arya,1
Add authentication to libprocess endpoints,HTTP API,5.0,Major,Improvement,2016,3,9,Mesos,Resolved,2016-03-09,MESOS-4902,2,1,991.73,Greg Mann,4
Add a '/containers' endpoint to the agent to list all the active containers.,agent,8.0,Major,Improvement,2016,3,11,Mesos,Resolved,2016-03-07,MESOS-4891,0,1,993.58,Jay Guo,1
Implement runtime isolator tests.,containerization,5.0,Major,Task,2016,3,1,Mesos,Resolved,2016-03-07,MESOS-4889,0,1,993.62,Gilbert Song,2
Default cmd is executed as an incorrect command.,containerization,2.0,Major,Bug,2016,3,2,Mesos,Resolved,2016-03-07,MESOS-4888,0,1,993.63,Gilbert Song,2
Support mesos containerizer force_pull_image option.,containerization,3.0,Major,Improvement,2016,3,2,Mesos,Resolved,2016-03-07,MESOS-4886,0,1,993.65,Guangya Liu,2
Rescind all outstanding offers after changing some weights.,,2.0,Major,Task,2016,3,4,Mesos,Resolved,2016-03-07,MESOS-4881,0,0,994.21,Yongqiao Wang,1
Update glog patch to support PowerPC LE,,1.0,Major,Improvement,2016,3,7,Mesos,Resolved,2016-03-07,MESOS-4879,0,0,16.66,Chen Zhiwei,0
"Mesos containerizer can't handle top level docker image like ""alpine"" (must use ""library/alpine"")","containerization,docker",3.0,Major,Bug,2016,3,11,Mesos,Resolved,2016-03-06,MESOS-4877,6,2,15.98,Gilbert Song,0
Add documentation about container image support.,,5.0,Major,Documentation,2016,3,2,Mesos,Resolved,2016-03-05,MESOS-4873,5,0,2.95,Jie Yu,0
PersistentVolumeTests do not need to set up ACLs.,,1.0,Major,Improvement,2016,3,2,Mesos,Resolved,2016-03-04,MESOS-4868,4,0,4.55,Yong Tang,1
Add GPUs as an explicit resource.,containerization,3.0,Major,Task,2016,3,2,Mesos,Resolved,2016-03-04,MESOS-4865,4,1,997.47,Kevin Klues,3
Add flag to specify available Nvidia GPUs on an agent's command line.,containerization,3.0,Major,Task,2016,3,2,Mesos,Resolved,2016-03-04,MESOS-4864,4,1,997.47,Kevin Klues,4
Add Nvidia GPU isolator tests.,"containerization,test",2.0,Major,Task,2016,3,2,Mesos,Resolved,2016-03-04,MESOS-4863,4,2,997.48,Kevin Klues,4
Add configure flags to build with Nvidia GPU support.,containerization,2.0,Major,Task,2016,3,2,Mesos,Resolved,2016-03-04,MESOS-4861,4,1,997.48,Kevin Klues,4
Add a script to install the Nvidia GDK on a host.,containerization,2.0,Minor,Task,2016,3,2,Mesos,Resolved,2016-03-04,MESOS-4860,4,1,997.48,Kevin Klues,3
Make changes to executor v1 library around managing connections.,,3.0,Major,Task,2016,3,2,Mesos,Resolved,2016-03-03,MESOS-4858,3,0,997.62,Anand Mazumdar,1
Update CHANGELOG with net_cls isolator,containerization,1.0,Blocker,Documentation,2016,3,1,Mesos,Resolved,2016-03-03,MESOS-4854,3,1,997.71,Avinash Sridharan,1
Add authentication to agent endpoints /state and /flags,"agent,security",3.0,Major,Task,2016,3,4,Mesos,Resolved,2016-03-03,MESOS-4850,3,2,998.12,Greg Mann,2
Add agent flags for HTTP authentication,"agent,security",2.0,Major,Task,2016,3,2,Mesos,Resolved,2016-03-03,MESOS-4849,3,2,998.14,Greg Mann,2
Agent Authn Research Spike,"agent,security",2.0,Major,Task,2016,3,3,Mesos,Resolved,2016-03-03,MESOS-4848,3,2,998.14,Greg Mann,2
Add authentication to master endpoints,"master,security",2.0,Major,Task,2016,3,6,Mesos,Resolved,2016-03-03,MESOS-4844,3,2,998.25,Jörg Schad,2
Remove internal usage of deprecated ShutdownFramework ACL,,2.0,Minor,Task,2016,3,8,Mesos,Resolved,2016-03-02,MESOS-4840,2,0,5.36,Alexander Rojas,1
Move placement new processes into the freezer cgroup into a parent hook.,,3.0,Major,Improvement,2016,3,2,Mesos,Resolved,2016-03-02,MESOS-4839,2,0,23.86,Jörg Schad,0
Fix rmdir for windows,,1.0,Major,Bug,2016,3,2,Mesos,Resolved,2016-03-02,MESOS-4836,2,0,999.44,Alex Clemmer,3
Add 'file' fetcher plugin.,containerization,2.0,Major,Task,2016,3,2,Mesos,Resolved,2016-03-02,MESOS-4834,2,1,999.51,Jojy Varghese,2
Poor allocator performance with labeled resources and/or persistent volumes,allocation,5.0,Blocker,Bug,2016,3,4,Mesos,Resolved,2016-03-01,MESOS-4833,1,1,999.62,Neil Conway,2
DockerContainerizerTest.ROOT_DOCKER_RecoverOrphanedPersistentVolumes exits when the /tmp directory is bind-mounted,"containerization,docker",2.0,Major,Bug,2016,3,3,Mesos,Resolved,2016-03-01,MESOS-4832,1,2,0.18,Jie Yu,2
Bind docker runtime isolator with docker image provider.,containerization,1.0,Major,Bug,2016,3,2,Mesos,Resolved,2016-03-01,MESOS-4830,1,1,999.69,Gilbert Song,2
Remove `grace_period_seconds` field from Shutdown event v1 protobuf.,,3.0,Major,Task,2016,3,2,Mesos,Resolved,2016-03-01,MESOS-4829,1,0,999.73,Anand Mazumdar,1
Master's slave reregister logic does not update version field,master,1.0,Blocker,Bug,2016,3,6,Mesos,Resolved,2016-03-01,MESOS-4825,1,1,2.0,Klaus Ma,0
"""filesystem/linux"" isolator does not unmount orphaned persistent volumes",containerization,2.0,Blocker,Bug,2016,3,2,Mesos,Resolved,2016-03-01,MESOS-4824,1,1,1000.5,Joseph Wu,3
Implement port forwarding in `network/cni` isolator,containerization,2.0,Critical,Task,2016,2,17,Mesos,Resolved,2016-02-29,MESOS-4823,0,1,1000.68,Avinash Sridharan,1
Add support for local image fetching in Appc provisioner.,containerization,2.0,Major,Task,2016,2,2,Mesos,Resolved,2016-02-29,MESOS-4822,0,1,1000.68,Jojy Varghese,2
Introduce a port field in `ImageManifest` in order to set exposed ports for a container.,containerization,1.0,Major,Task,2016,2,1,Mesos,Resolved,2016-02-29,MESOS-4821,0,1,1000.7,Avinash Sridharan,1
Need to set `EXPOSED` ports from docker images into `ContainerConfig`,containerization,1.0,Critical,Task,2016,2,1,Mesos,Resolved,2016-02-29,MESOS-4820,0,1,1000.7,Avinash Sridharan,1
Add end to end testing for Appc images.,containerization,3.0,Major,Task,2016,2,2,Mesos,Resolved,2016-02-29,MESOS-4818,0,1,1000.69,Jojy Varghese,2
Remove internal usage of deprecated *.json endpoints.,,3.0,Major,Task,2016,2,2,Mesos,Resolved,2016-02-29,MESOS-4817,0,0,1.09,Jörg Schad,0
Implement base tests for unified container using local puller.,containerization,2.0,Major,Task,2016,2,2,Mesos,Resolved,2016-02-29,MESOS-4813,0,1,13.95,Gilbert Song,1
Mesos fails to escape command health checks,,5.0,Major,Bug,2016,2,18,Mesos,Resolved,2016-02-29,MESOS-4812,0,0,1000.79,Akash Gupta,3
ProvisionerDockerPullerTest.ROOT_INTERNET_CURL_ShellCommand fails.,docker,3.0,Major,Bug,2016,2,3,Mesos,Resolved,2016-02-29,MESOS-4810,0,1,17.52,Jie Yu,3
IOTest.BufferedRead writes to the current directory,"libprocess,test",1.0,Minor,Bug,2016,2,2,Mesos,Resolved,2016-02-29,MESOS-4807,0,2,1001.15,Yong Tang,3
LevelDBStateTests write to the current directory,test,2.0,Major,Bug,2016,2,2,Mesos,Resolved,2016-02-29,MESOS-4806,0,1,2.36,Benjamin Bannier,2
Update ry-http-parser-1c3624a to nodejs/http-parser 2.6.1,,3.0,Major,Improvement,2016,2,7,Mesos,Resolved,2016-02-29,MESOS-4805,0,0,28.44,Chen Zhiwei,0
Update vendored libev to 4.22,,3.0,Major,Improvement,2016,2,2,Mesos,Resolved,2016-02-29,MESOS-4803,0,0,31.77,Chen Zhiwei,0
Update leveldb patch file to suport PowerPC LE,,3.0,Major,Improvement,2016,2,5,Mesos,Resolved,2016-02-29,MESOS-4802,0,0,31.43,Chen Zhiwei,0
Updated `createFrameworkInfo` for hierarchical_allocator_tests.cpp.,test,1.0,Minor,Improvement,2016,2,2,Mesos,Resolved,2016-02-29,MESOS-4801,0,1,1001.22,Guangya Liu,1
Make existing scheduler library tests use the callback interface.,,5.0,Major,Task,2016,2,2,Mesos,Resolved,2016-02-29,MESOS-4798,0,0,1001.44,Anand Mazumdar,1
Add a couple of registrar tests for /weights endpoint,,2.0,Minor,Task,2016,2,5,Mesos,Resolved,2016-02-28,MESOS-4797,6,0,1002.08,Yongqiao Wang,1
Revert external linkage of symbols in master/constants.hpp,master,1.0,Trivial,Improvement,2016,2,3,Mesos,Resolved,2016-02-26,MESOS-4790,4,1,1003.62,Neil Conway,3
HTTP endpoint docs should use shorter paths,documentation,2.0,Minor,Documentation,2016,2,3,Mesos,Resolved,2016-02-26,MESOS-4787,4,1,1003.73,Kevin Klues,2
Example in C++ style guide uses wrong indention for wrapped line,documentation,1.0,Trivial,Documentation,2016,2,2,Mesos,Resolved,2016-02-26,MESOS-4786,4,1,2.6,Benjamin Bannier,0
Reorganize ACL subject/object descriptions.,documentation,5.0,Blocker,Documentation,2016,2,9,Mesos,Resolved,2016-02-26,MESOS-4785,4,1,1003.78,Alexander Rojas,3
SlaveTest.MetricsSlaveLaunchErrors test relies on implicit blocking behavior hitting the global metrics endpoint,test,1.0,Major,Bug,2016,2,2,Mesos,Resolved,2016-02-26,MESOS-4784,4,1,2.99,Benjamin Bannier,0
Disable rate limiting of the global metrics endpoint for mesos-tests execution,test,3.0,Major,Improvement,2016,2,2,Mesos,Resolved,2016-02-26,MESOS-4783,4,1,5.85,Benjamin Bannier,0
Remove `user` and `rootfs` flags in Windows launcher.,,2.0,Major,Task,2016,2,2,Mesos,Resolved,2016-02-25,MESOS-4780,3,0,1004.71,Alex Clemmer,2
Libprocess metrics/snapshot endpoint rate limiting should be configurable.,libprocess,2.0,Major,Improvement,2016,2,2,Mesos,Resolved,2016-02-25,MESOS-4776,3,1,6.55,Benjamin Bannier,0
Document the network/cni isolator.,,3.0,Major,Task,2016,2,1,Mesos,Resolved,2016-02-25,MESOS-4771,3,0,85.16,Avinash Sridharan,0
MasterMaintenanceTest.InverseOffers is flaky,test,1.0,Major,Bug,2016,2,2,Mesos,Resolved,2016-02-24,MESOS-4768,2,1,0.36,Joseph Wu,2
The network/cni isolator should report assigned IP address. ,,3.0,Major,Task,2016,2,2,Mesos,Resolved,2016-02-24,MESOS-4764,2,0,37.97,Qian Zhang,0
Add test mock for CNI plugins.,,5.0,Major,Task,2016,2,4,Mesos,Resolved,2016-02-24,MESOS-4763,2,0,1005.72,Qian Zhang,1
Setup proper DNS resolver for containers in network/cni isolator.,,5.0,Major,Task,2016,2,1,Mesos,Resolved,2016-02-24,MESOS-4762,2,0,1005.72,Avinash Sridharan,1
Add agent flags to allow operators to specify CNI plugin and config directories.,,2.0,Major,Task,2016,2,2,Mesos,Resolved,2016-02-24,MESOS-4761,2,0,26.89,Qian Zhang,0
Add network/cni isolator for Mesos containerizer.,,8.0,Major,Task,2016,2,7,Mesos,Resolved,2016-02-24,MESOS-4759,2,0,44.05,Qian Zhang,0
Add a 'name' field into NetworkInfo.,,1.0,Major,Task,2016,2,3,Mesos,Resolved,2016-02-24,MESOS-4758,2,0,1005.72,Qian Zhang,1
Mesos containerizer should get uid/gids before pivot_root.,,3.0,Major,Bug,2016,2,15,Mesos,Resolved,2016-02-24,MESOS-4757,2,0,502.03,Jie Yu,0
"The ""executors"" field is exposed under a backwards incompatible schema.",master,2.0,Major,Bug,2016,2,4,Mesos,Resolved,2016-02-24,MESOS-4754,2,1,1006.15,Michael Park,1
Document: Mesos Executor expects all SSL_* environment variables to be set,"agent,documentation",2.0,Major,Documentation,2016,2,3,Mesos,Resolved,2016-02-23,MESOS-4750,1,2,1006.64,Jan Schlicht,3
Add Appc image fetcher tests.,containerization,3.0,Major,Task,2016,2,2,Mesos,Resolved,2016-02-23,MESOS-4748,1,1,1006.69,Jojy Varghese,2
ContainerLoggerTest.MesosContainerizerRecover cannot be executed in isolation,test,1.0,Major,Bug,2016,2,3,Mesos,Resolved,2016-02-23,MESOS-4747,1,1,1006.57,Benjamin Bannier,1
CMake: Add leveldb library to 3rdparty external builds.,cmake,3.0,Major,Task,2016,2,3,Mesos,Resolved,2016-02-23,MESOS-4746,1,1,1006.88,Diana Arroyo,2
DockerContainerizerTest.ROOT_DOCKER_LaunchWithPersistentVolumes fails on CentOS 6,,2.0,Major,Bug,2016,2,3,Mesos,Resolved,2016-02-22,MESOS-4736,0,0,377.99,Joseph Wu,3
Update /frameworks to use jsonify,master,3.0,Major,Improvement,2016,2,2,Mesos,Resolved,2016-02-22,MESOS-4731,0,1,1008.45,Neil Conway,1
Document scheduler driver calls in framework development guide.,,2.0,Major,Documentation,2016,2,2,Mesos,Resolved,2016-02-19,MESOS-4726,4,0,1010.71,Jörg Schad,1
Add allocator metric for currrent dominant shares of frameworks and roles,allocation,5.0,Major,Improvement,2016,2,2,Mesos,Resolved,2016-02-19,MESOS-4724,4,1,1010.89,Benjamin Bannier,1
Add allocator metric for currently satisfied quotas,allocation,2.0,Major,Improvement,2016,2,2,Mesos,Resolved,2016-02-19,MESOS-4723,4,1,1010.89,Benjamin Bannier,1
Add allocator metric for number of active offer filters,allocation,1.0,Major,Improvement,2016,2,2,Mesos,Resolved,2016-02-19,MESOS-4722,4,1,1010.89,Benjamin Bannier,1
Expose allocation algorithm latency via a metric.,allocation,1.0,Major,Improvement,2016,2,2,Mesos,Resolved,2016-02-19,MESOS-4721,4,1,1010.89,Benjamin Bannier,1
Add allocator metrics for total vs offered/allocated resources.,allocation,2.0,Major,Improvement,2016,2,2,Mesos,Resolved,2016-02-19,MESOS-4720,4,1,1010.89,Benjamin Bannier,1
Add allocator metric for number of completed allocation runs,allocation,1.0,Major,Improvement,2016,2,2,Mesos,Resolved,2016-02-19,MESOS-4718,4,1,1010.89,Benjamin Bannier,1
"""make DESTDIR=<path> install"" broken",build,2.0,Major,Bug,2016,2,2,Mesos,Resolved,2016-02-18,MESOS-4714,3,1,1011.57,Kapil Arya,1
ReviewBot should not fail hard if there are circular dependencies in a review chain,reviewbot,2.0,Major,Task,2016,2,2,Mesos,Resolved,2016-02-18,MESOS-4713,3,1,1.03,Vinod Kone,0
Remove 'force' field from the Subscribe Call in v1 Scheduler API,,5.0,Major,Task,2016,2,2,Mesos,Resolved,2016-02-18,MESOS-4712,3,0,13.17,Vinod Kone,0
Enable zlib on Windows.,stout,1.0,Major,Task,2016,2,2,Mesos,Resolved,2016-02-18,MESOS-4704,3,1,1012.29,Alex Clemmer,3
"Make Stout configuration modular and consumable by downstream (e.g., libprocess and agent)",stout,1.0,Major,Bug,2016,2,2,Mesos,Resolved,2016-02-18,MESOS-4703,3,1,1012.36,Alex Clemmer,2
"Document default value of ""offer_timeout""",documentation,1.0,Minor,Documentation,2016,2,2,Mesos,Resolved,2016-02-18,MESOS-4702,3,1,1012.45,Neil Conway,3
SlaveTest.StateEndpoint is flaky,test,1.0,Major,Bug,2016,2,2,Mesos,Resolved,2016-02-17,MESOS-4695,2,1,1012.56,Benjamin Bannier,3
Add a HierarchicalAllocator benchmark with reservation labels.,,3.0,Major,Task,2016,2,2,Mesos,Resolved,2016-02-17,MESOS-4691,2,0,1013.17,Neil Conway,1
Design doc for v1 Operator API,,8.0,Major,Documentation,2016,2,3,Mesos,Resolved,2016-02-16,MESOS-4689,1,0,102.52,Kevin Klues,0
Implement reliable floating point for scalar resources,master,5.0,Major,Improvement,2016,2,2,Mesos,Resolved,2016-02-16,MESOS-4687,1,1,1013.76,Neil Conway,1
Implement master failover tests for the scheduler library.,,3.0,Major,Task,2016,2,2,Mesos,Resolved,2016-02-16,MESOS-4686,1,0,1013.76,Anand Mazumdar,1
Create base docker image for test suite.,containerization,3.0,Major,Bug,2016,2,2,Mesos,Resolved,2016-02-16,MESOS-4684,1,1,27.42,Gilbert Song,1
Document docker runtime isolator.,documentation,2.0,Major,Bug,2016,2,1,Mesos,Resolved,2016-02-16,MESOS-4683,1,1,14.81,Gilbert Song,2
Upgrade vendored Protobuf to 2.6.1,,3.0,Major,Improvement,2016,2,5,Mesos,Resolved,2016-02-15,MESOS-4678,0,0,1014.69,Chen Zhiwei,4
ROOT_DOCKER_Logs is flaky.,,2.0,Major,Bug,2016,2,6,Mesos,Resolved,2016-02-15,MESOS-4676,0,0,10.13,Joseph Wu,3
Cannot disable systemd support,,1.0,Major,Bug,2016,2,4,Mesos,Resolved,2016-02-15,MESOS-4675,0,0,1014.78,Joris Van Remoortere,2
Linux filesystem isolator tests are flaky.,"flaky,test",3.0,Major,Bug,2016,2,4,Mesos,Resolved,2016-02-15,MESOS-4674,0,2,1014.82,Joseph Wu,1
Status updates from executor can be forwarded out of order by the Agent.,"containerization,HTTP API",1.0,Blocker,Bug,2016,2,6,Mesos,Resolved,2016-02-13,MESOS-4671,5,2,1017.43,Avinash Sridharan,1
`cgroup_info` not being exposed in state.json when ComposingContainerizer is used.,,1.0,Major,Bug,2016,2,2,Mesos,Resolved,2016-02-12,MESOS-4670,4,0,1017.55,Avinash Sridharan,1
Add common compression utility,containerization,2.0,Major,Bug,2016,2,2,Mesos,Resolved,2016-02-12,MESOS-4669,4,1,1017.59,Jojy Varghese,2
Expose persistent volume information in HTTP endpoints,master,3.0,Major,Improvement,2016,2,7,Mesos,Resolved,2016-02-12,MESOS-4667,4,1,1017.71,Neil Conway,2
Document net_cls isolator in docs/mesos-containerizer.md.,,1.0,Major,Task,2016,2,2,Mesos,Resolved,2016-02-11,MESOS-4660,3,0,1018.69,Avinash Sridharan,2
Add LOG(INFO) in `cgroups/net_cls` for debugging allocation of net_cls handles.,containerization,1.0,Minor,Improvement,2016,2,1,Mesos,Resolved,2016-02-11,MESOS-4657,3,1,1018.87,Avinash Sridharan,1
Logrotate container logger can die with agent unit on systemd.,,1.0,Major,Bug,2016,2,2,Mesos,Resolved,2016-02-10,MESOS-4640,2,0,1019.81,Joris Van Remoortere,1
Posix process executor can die with agent unit on systemd.,,1.0,Major,Bug,2016,2,2,Mesos,Resolved,2016-02-10,MESOS-4639,2,0,1019.82,Joris Van Remoortere,1
Docker process executor can die with agent unit on systemd.,docker,1.0,Major,Bug,2016,2,2,Mesos,Resolved,2016-02-10,MESOS-4637,2,1,1019.82,Joris Van Remoortere,1
Add parent hook to subprocess.,libprocess,3.0,Major,Improvement,2016,2,4,Mesos,Resolved,2016-02-10,MESOS-4636,2,1,1019.82,Joris Van Remoortere,1
Tests will dereference stack allocated master objects upon assertion/expectation failure.,,5.0,Major,Bug,2016,2,1,Mesos,Resolved,2016-02-09,MESOS-4634,1,0,1020.55,Joseph Wu,4
Tests will dereference stack allocated agent objects upon assertion/expectation failure.,,5.0,Major,Bug,2016,2,4,Mesos,Resolved,2016-02-09,MESOS-4633,1,0,1020.58,Joseph Wu,4
Implement fault tolerance tests for the HTTP Scheduler API.,,5.0,Major,Task,2016,2,2,Mesos,Resolved,2016-02-09,MESOS-4629,1,0,1020.72,Anand Mazumdar,1
Support Nvidia GPUs with filesystem isolation enabled in mesos containerizer.,containerization,13.0,Major,Task,2016,2,1,Mesos,Resolved,2016-02-09,MESOS-4626,1,1,147.76,Kevin Klues,0
Implement Nvidia GPU isolation w/o filesystem isolation enabled.,containerization,5.0,Major,Task,2016,2,2,Mesos,Resolved,2016-02-09,MESOS-4625,1,1,51.41,Kevin Klues,0
"Add allocation metrics for ""gpus"" resources.","agent,master",1.0,Major,Task,2016,2,2,Mesos,Resolved,2016-02-09,MESOS-4624,1,2,1021.11,Kevin Klues,3
Add a stub Nvidia GPU isolator.,containerization,3.0,Major,Task,2016,2,5,Mesos,Resolved,2016-02-09,MESOS-4623,1,1,1021.11,Kevin Klues,3
Update configuration.md with `--cgroups_net_cls_primary_handle` agent flag.,documentation,1.0,Major,Documentation,2016,2,2,Mesos,Resolved,2016-02-08,MESOS-4622,0,1,1021.57,Avinash Sridharan,2
Remove markdown files from doxygen pages,documentation,1.0,Major,Bug,2016,2,2,Mesos,Resolved,2016-02-08,MESOS-4619,0,1,1022.49,Kapil Arya,1
ContainerLoggerTest.DefaultToSandbox is flaky,test,1.0,Major,Bug,2016,2,2,Mesos,Resolved,2016-02-06,MESOS-4615,5,1,11.58,Joseph Wu,3
SlaveRecoveryTest/0.CleanupHTTPExecutor is flaky,"agent,HTTP API,test",3.0,Major,Bug,2016,2,3,Mesos,Resolved,2016-02-06,MESOS-4614,5,3,2.94,Anand Mazumdar,2
Update vendored ZooKeeper to 3.4.8,,3.0,Major,Improvement,2016,2,8,Mesos,Resolved,2016-02-05,MESOS-4612,4,0,1024.56,Chen Zhiwei,3
Passing a lambda to dispatch() always matches the template returning void,libprocess,5.0,Major,Bug,2016,2,6,Mesos,Resolved,2016-02-05,MESOS-4611,4,1,1024.64,haosdent,3
ROOT_DOCKER_DockerHealthyTask is flaky.,test,2.0,Major,Bug,2016,2,4,Mesos,Resolved,2016-02-05,MESOS-4604,4,1,1025.14,Joseph Wu,4
Logrotate ContainerLogger should not remove IP from environment.,,1.0,Major,Bug,2016,2,5,Mesos,Resolved,2016-02-04,MESOS-4598,3,0,1025.7,Joseph Wu,1
Add common Appc spec utilities.,containerization,2.0,Major,Task,2016,2,2,Mesos,Resolved,2016-02-04,MESOS-4596,3,1,1025.74,Jojy Varghese,2
`/reserve` and `/create-volumes` endpoints allow operations for any role,,3.0,Major,Bug,2016,2,8,Mesos,Resolved,2016-02-03,MESOS-4591,2,0,1026.63,Greg Mann,2
"Add test case for reservations with same role, different principals","master,test",2.0,Major,Task,2016,2,3,Mesos,Resolved,2016-02-03,MESOS-4590,2,2,1026.68,Neil Conway,3
Update Rakefile for mesos site generation,project website,2.0,Major,Bug,2016,2,2,Mesos,Resolved,2016-02-03,MESOS-4584,2,1,1027.51,Kapil Arya,1
Rename `examples/event_call_framework.cpp` to `examples/test_http_framework.cpp`,,1.0,Major,Bug,2016,2,2,Mesos,Resolved,2016-02-02,MESOS-4583,1,0,1027.57,Yong Tang,2
"state.json serving duplicate ""active"" fields",,1.0,Blocker,Bug,2016,2,7,Mesos,Resolved,2016-02-02,MESOS-4582,1,0,14.1,Michael Park,0
"Introduce a stout helper for ""which""",stout,2.0,Major,Improvement,2016,2,8,Mesos,Resolved,2016-02-01,MESOS-4576,0,1,1028.63,Guangya Liu,1
Fix Appc image caching to share with image fetcher,,3.0,Major,Improvement,2016,2,2,Mesos,Resolved,2016-02-01,MESOS-4575,0,0,1028.69,Jojy Varghese,2
Design doc for scheduler HTTP Stream IDs,HTTP API,5.0,Major,Bug,2016,2,2,Mesos,Resolved,2016-02-01,MESOS-4573,0,1,1028.83,Greg Mann,2
DockerFetcherPluginTest.INTERNET_CURL_FetchImage seems flaky.,,1.0,Major,Bug,2016,1,5,Mesos,Resolved,2016-01-31,MESOS-4570,6,0,1089.74,Gilbert Song,1
Avoid unnecessary temporary `std::string` constructions and copies in `jsonify`.,stout,1.0,Major,Improvement,2016,1,1,Mesos,Resolved,2016-01-31,MESOS-4566,6,1,1030.51,Michael Park,1
Separate Appc protobuf messages to its own file.,containerization,2.0,Major,Improvement,2016,1,2,Mesos,Resolved,2016-01-30,MESOS-4564,5,1,1031.42,Jojy Varghese,2
"Mesos UI shows wrong count for ""started"" tasks",webui,2.0,Critical,Bug,2016,1,2,Mesos,Resolved,2016-01-29,MESOS-4562,4,1,1031.54,Kapil Arya,1
Mesos Agents needs to re-resolve hosts in zk string on leader change / failure to connect,agent,3.0,Blocker,Bug,2016,1,5,Mesos,Resolved,2016-01-28,MESOS-4546,3,1,1032.62,Neil Conway,1
Propose design doc for reliable floating point behavior,master,3.0,Major,Task,2016,1,4,Mesos,Resolved,2016-01-28,MESOS-4545,3,1,1032.71,Neil Conway,2
Propose design doc for agent partitioning behavior,,8.0,Major,Task,2016,1,0,Mesos,Resolved,2016-01-28,MESOS-4544,3,0,1032.76,Neil Conway,1
MasterQuotaTest.AvailableResourcesAfterRescinding is flaky.,"allocation,master,test",3.0,Major,Bug,2016,1,3,Mesos,Resolved,2016-01-28,MESOS-4542,3,3,13.56,Alex R,2
NetClsIsolatorTest.ROOT_CGROUPS_NetClsIsolate fails on CentOS 6,,1.0,Major,Bug,2016,1,3,Mesos,Resolved,2016-01-28,MESOS-4540,3,0,1033.45,Avinash Sridharan,4
Exclude paths in Posix disk isolator should be absolute paths.,,2.0,Major,Task,2016,1,2,Mesos,Resolved,2016-01-28,MESOS-4539,3,0,0.05,Jie Yu,0
Logrotate ContainerLogger may not handle FD ownership correctly,modules,1.0,Blocker,Bug,2016,1,2,Mesos,Resolved,2016-01-27,MESOS-4535,2,1,1033.67,Joseph Wu,2
Resources object can be mutated through the public API,,3.0,Blocker,Bug,2016,1,2,Mesos,Resolved,2016-01-27,MESOS-4534,2,0,0.2,Michael Park,0
Document multi-disk support.,documentation,2.0,Major,Task,2016,1,2,Mesos,Resolved,2016-01-27,MESOS-4531,2,1,1033.76,Joris Van Remoortere,2
NetClsIsolatorTest.ROOT_CGROUPS_NetClsIsolate is flaky,containerization,1.0,Major,Bug,2016,1,4,Mesos,Resolved,2016-01-27,MESOS-4530,2,1,1033.9,Avinash Sridharan,1
Update the allocator to not offer unreserved resources beyond quota.,allocation,2.0,Major,Task,2016,1,2,Mesos,Resolved,2016-01-27,MESOS-4529,2,1,1034.3,Michael Park,1
Account for reserved resources in the quota guarantee check.,allocation,2.0,Major,Task,2016,1,2,Mesos,Resolved,2016-01-27,MESOS-4528,2,1,1034.3,Michael Park,1
Roles can exceed limit allocation via reservations.,allocation,5.0,Major,Task,2016,1,6,Mesos,Resolved,2016-01-27,MESOS-4527,2,1,1034.3,Meng Zhu,2
Include the allocated portion of reserved resources in the role sorter for DRF.,allocation,1.0,Major,Task,2016,1,2,Mesos,Resolved,2016-01-27,MESOS-4526,2,1,1034.31,Michael Park,1
Enable benchmark tests in ASF CI,,3.0,Major,Improvement,2016,1,3,Mesos,Resolved,2016-01-27,MESOS-4523,2,0,2.87,Vinod Kone,0
Introduce a status() interface for isolators,containerization,1.0,Major,Improvement,2016,1,2,Mesos,Resolved,2016-01-26,MESOS-4520,1,1,1034.6,Avinash Sridharan,2
Introduce docker runtime isolator.,containerization,3.0,Major,Bug,2016,1,2,Mesos,Resolved,2016-01-26,MESOS-4517,1,1,1034.63,Gilbert Song,1
ContainerLoggerTest.LOGROTATE_RotateInSandbox breaks when running on Centos6.,,1.0,Blocker,Bug,2016,1,2,Mesos,Resolved,2016-01-26,MESOS-4515,1,0,1034.78,Joseph Wu,3
Build failure when using gcc-4.9 - signed/unsigned mismatch.,,1.0,Major,Bug,2016,1,2,Mesos,Resolved,2016-01-26,MESOS-4513,1,0,0.03,Till Toenshoff,0
Render quota status consistently with other endpoints.,master,3.0,Major,Bug,2016,1,3,Mesos,Resolved,2016-01-26,MESOS-4512,1,1,1034.84,Alex R,2
Remove deprecated .json endpoints.,,1.0,Major,Task,2016,1,1,Mesos,Resolved,2016-01-26,MESOS-4509,1,0,1035.07,Alex R,1
Posix disk isolator should ignore disk quota enforcement for MOUNT type disk resources.,,2.0,Major,Task,2016,1,2,Mesos,Resolved,2016-01-26,MESOS-4506,1,0,1035.51,Jie Yu,1
Hierarchical allocator performance is slow due to Quota,allocation,3.0,Blocker,Improvement,2016,1,2,Mesos,Resolved,2016-01-25,MESOS-4505,0,1,1035.52,Joris Van Remoortere,1
Expose ExecutorInfo and TaskInfo for isolators.,,2.0,Major,Bug,2016,1,1,Mesos,Resolved,2016-01-25,MESOS-4500,0,0,1035.79,Gilbert Song,2
Docker provisioner store should reuse existing layers in the cache.,,5.0,Major,Bug,2016,1,3,Mesos,Resolved,2016-01-25,MESOS-4499,0,0,1035.8,Jie Yu,1
"Refactor os.hpp to be less monolithic, and more cross-platform compatible",stout,1.0,Major,Improvement,2016,1,2,Mesos,Resolved,2016-01-25,MESOS-4498,0,1,1036.09,Alex Clemmer,3
Delete `os::chown` on Windows,stout,1.0,Major,Bug,2016,1,2,Mesos,Resolved,2016-01-25,MESOS-4495,0,1,1036.1,Alex Clemmer,3
"Implement `size`, `usage`, and other disk metrics reporting on Windows.",stout,3.0,Major,Improvement,2016,1,2,Mesos,Resolved,2016-01-25,MESOS-4494,0,1,1036.1,Alex Clemmer,3
Add ability to create symlink on Windows,stout,3.0,Major,Improvement,2016,1,2,Mesos,Resolved,2016-01-25,MESOS-4493,0,1,1036.1,Alex Clemmer,3
Get container status information in slave. ,containerization,3.0,Major,Improvement,2016,1,2,Mesos,Resolved,2016-01-24,MESOS-4490,6,1,1036.69,Avinash Sridharan,1
The `cgroups/net_cls` isolator needs to expose handles in the ContainerStatus,containerization,1.0,Major,Improvement,2016,1,3,Mesos,Resolved,2016-01-24,MESOS-4489,6,1,1036.7,Avinash Sridharan,1
Define a CgroupInfo protobuf to expose cgroup isolator configuration.,containerization,1.0,Major,Improvement,2016,1,3,Mesos,Resolved,2016-01-24,MESOS-4488,6,1,1036.71,Avinash Sridharan,2
Introduce status() interface in `Containerizer`,containerization,2.0,Major,Improvement,2016,1,2,Mesos,Resolved,2016-01-24,MESOS-4487,6,1,1036.72,Avinash Sridharan,2
Implement reservation labels,master,5.0,Major,Improvement,2016,1,6,Mesos,Resolved,2016-01-22,MESOS-4479,4,1,1038.53,Neil Conway,3
ReviewBot seemed to be crashing ReviewBoard server when posting large reviews,,2.0,Major,Bug,2016,1,5,Mesos,Resolved,2016-01-22,MESOS-4478,4,0,6.97,Vinod Kone,0
Implement process querying/counting in Windows,stout,2.0,Major,Bug,2016,1,3,Mesos,Resolved,2016-01-22,MESOS-4471,4,1,1038.59,Alex Clemmer,3
Implement `waitpid` in Windows,stout,5.0,Major,Bug,2016,1,2,Mesos,Resolved,2016-01-22,MESOS-4466,4,1,1038.59,Alex Clemmer,3
Implement AuthN handling on the scheduler library,,3.0,Major,Task,2016,1,2,Mesos,Resolved,2016-01-22,MESOS-4459,4,0,1038.68,Anand Mazumdar,1
Implement tests for the new Executor library,,3.0,Major,Task,2016,1,2,Mesos,Resolved,2016-01-22,MESOS-4457,4,0,1038.69,Anand Mazumdar,1
Create common sha512 compute utility function.,containerization,2.0,Major,Bug,2016,1,2,Mesos,Resolved,2016-01-22,MESOS-4454,4,1,1038.77,Jojy Varghese,2
"Improve documentation around roles, principals, authz, and reservations",documentation,2.0,Minor,Documentation,2016,1,2,Mesos,Resolved,2016-01-21,MESOS-4452,3,1,1039.59,Greg Mann,2
SegFault on agent during executor startup,,1.0,Blocker,Bug,2016,1,5,Mesos,Resolved,2016-01-21,MESOS-4449,3,0,1039.84,Anand Mazumdar,1
Design doc for reservation labels,,3.0,Major,Bug,2016,1,1,Mesos,Resolved,2016-01-20,MESOS-4444,2,0,1040.75,Neil Conway,2
Fix appc CachedImage image validation,containerization,1.0,Major,Task,2016,1,2,Mesos,Resolved,2016-01-20,MESOS-4439,2,1,1041.47,Jojy Varghese,2
Add 'dependency' message to 'AppcImageManifest' protobuf.,containerization,1.0,Major,Task,2016,1,2,Mesos,Resolved,2016-01-20,MESOS-4438,2,1,1041.47,Jojy Varghese,2
Disable the test RegistryClientTest.BadTokenServerAddress.,containerization,1.0,Major,Task,2016,1,3,Mesos,Resolved,2016-01-20,MESOS-4437,2,1,1041.48,Jojy Varghese,1
Update `Master::Http::stateSummary` to use `jsonify`.,master,3.0,Major,Task,2016,1,2,Mesos,Resolved,2016-01-20,MESOS-4435,2,1,12.19,Michael Park,0
"Install 3rdparty package boost, glog, protobuf and picojson when installing Mesos","build,modules",3.0,Major,Bug,2016,1,3,Mesos,Resolved,2016-01-19,MESOS-4434,1,2,1041.6,Kapil Arya,1
Implement a callback testing interface for the Executor Library,,3.0,Major,Task,2016,1,2,Mesos,Resolved,2016-01-19,MESOS-4433,1,0,1041.68,Anand Mazumdar,1
Introduce filtering test abstractions for HTTP events to libprocess,libprocess,3.0,Major,Bug,2016,1,2,Mesos,Resolved,2016-01-19,MESOS-4425,1,1,1042.43,Anand Mazumdar,1
"Document that /reserve, /create-volumes endpoints can return misleading ""success""","documentation,master",3.0,Major,Task,2016,1,6,Mesos,Resolved,2016-01-18,MESOS-4421,0,2,1042.57,Neil Conway,5
Prevent allocator from crashing on successful recovery.,allocation,3.0,Blocker,Bug,2016,1,2,Mesos,Resolved,2016-01-17,MESOS-4417,6,1,1044.15,Alex R,1
Implement stout/os/windows/rmdir.hpp,stout,5.0,Major,Task,2016,1,5,Mesos,Resolved,2016-01-16,MESOS-4415,5,1,1044.65,Alex Clemmer,2
Traverse all roles for quota allocation.,allocation,3.0,Blocker,Bug,2016,1,4,Mesos,Resolved,2016-01-15,MESOS-4411,4,1,1045.53,Guangya Liu,1
Introduce protobuf for quota set request.,master,3.0,Blocker,Improvement,2016,1,2,Mesos,Resolved,2016-01-15,MESOS-4410,4,1,1045.53,Alex R,1
Check paths in DiskInfo.Source.Path exist during slave initialization.,,2.0,Major,Task,2016,1,5,Mesos,Resolved,2016-01-15,MESOS-4403,4,0,1045.73,Joris Van Remoortere,1
Update filesystem isolators to look for persistent volume directories from the correct location.,,2.0,Major,Task,2016,1,2,Mesos,Resolved,2016-01-15,MESOS-4402,4,0,1045.74,Joris Van Remoortere,1
Create persistent volume directories based on DiskInfo.Source.,,2.0,Major,Task,2016,1,2,Mesos,Resolved,2016-01-15,MESOS-4400,4,0,1045.74,Joris Van Remoortere,1
Add persistent volume endpoint tests with no principal,,1.0,Major,Bug,2016,1,2,Mesos,Resolved,2016-01-15,MESOS-4395,4,0,1045.83,Greg Mann,3
Shared Volumes Design Doc,,3.0,Major,Task,2016,1,6,Mesos,Resolved,2016-01-15,MESOS-4390,4,0,1046.09,Anindya Sinha,1
Deprecate 'authenticate' master flag in favor of 'authenticate_frameworks' flag,,1.0,Major,Improvement,2016,1,6,Mesos,Resolved,2016-01-15,MESOS-4386,4,0,1046.48,Vinod Kone,3
Offers and InverseOffers cannot be accepted in the same ACCEPT call,"framework,master",2.0,Major,Bug,2016,1,1,Mesos,Resolved,2016-01-14,MESOS-4385,3,2,1046.63,Joseph Wu,2
Support docker runtime configuration env var from image.,containerization,2.0,Major,Bug,2016,1,2,Mesos,Resolved,2016-01-14,MESOS-4383,3,1,1046.65,Gilbert Song,2
Change the `principal` in `ReservationInfo` to optional,,1.0,Major,Improvement,2016,1,1,Mesos,Resolved,2016-01-14,MESOS-4382,3,0,1046.65,Greg Mann,2
Improve upgrade compatibility documentation.,documentation,3.0,Major,Documentation,2016,1,2,Mesos,Resolved,2016-01-14,MESOS-4381,3,1,1046.7,Jörg Schad,2
Adjust Resource arithmetics for DiskInfo.Source.,,2.0,Major,Task,2016,1,2,Mesos,Resolved,2016-01-14,MESOS-4380,3,0,1046.72,Joris Van Remoortere,1
Design doc for reservation IDs,,3.0,Major,Task,2016,1,1,Mesos,Resolved,2016-01-14,MESOS-4379,3,0,1046.73,Neil Conway,2
Add Source to Resource.DiskInfo.,,1.0,Major,Task,2016,1,2,Mesos,Resolved,2016-01-14,MESOS-4378,3,0,1046.74,Joris Van Remoortere,1
Document units associated with resource types,documentation,1.0,Minor,Documentation,2016,1,2,Mesos,Resolved,2016-01-14,MESOS-4377,3,1,1046.75,Neil Conway,2
Document semantics of `slaveLost`,"documentation,scheduler driver",2.0,Major,Documentation,2016,1,1,Mesos,Resolved,2016-01-14,MESOS-4376,3,2,1046.75,Vinod Kone,2
Make HierarchicalAllocatorProcess set a Resource's active role during allocation,allocation,3.0,Major,Improvement,2016,1,2,Mesos,Resolved,2016-01-14,MESOS-4368,3,1,1047.0,Jan Schlicht,1
Add tracking of the role a Resource was offered for,master,5.0,Major,Improvement,2016,1,1,Mesos,Resolved,2016-01-14,MESOS-4367,3,1,1046.87,Benjamin Bannier,1
Migrate all existing uses of FrameworkInfo.role to FrameworkInfo.roles,"agent,framework,master",3.0,Major,Improvement,2016,1,1,Mesos,Resolved,2016-01-14,MESOS-4366,3,3,1046.88,Benjamin Bannier,1
Add internal migration from role to roles to master,master,3.0,Major,Improvement,2016,1,1,Mesos,Resolved,2016-01-14,MESOS-4365,3,1,1046.88,Benjamin Bannier,1
Add roles validation code to master,master,5.0,Major,Improvement,2016,1,3,Mesos,Resolved,2016-01-14,MESOS-4364,3,1,1047.01,Qian Zhang,1
Add a roles field to FrameworkInfo,"framework,master",1.0,Major,Improvement,2016,1,6,Mesos,Resolved,2016-01-14,MESOS-4363,3,2,1047.01,Qian Zhang,1
Formating issues and broken links in documentation.,,1.0,Major,Improvement,2016,1,2,Mesos,Resolved,2016-01-14,MESOS-4362,3,0,1047.07,Jörg Schad,1
Create common tar/untar utility function.,,3.0,Major,Bug,2016,1,4,Mesos,Resolved,2016-01-13,MESOS-4360,2,0,1047.54,Jojy Varghese,1
Expose net_cls network handles in agent's state endpoint,containerization,2.0,Major,Task,2016,1,5,Mesos,Resolved,2016-01-13,MESOS-4358,2,1,1047.68,Avinash Sridharan,3
GMock warning in RoleTest.ImplicitRoleStaticReservation,test,1.0,Trivial,Bug,2016,1,2,Mesos,Resolved,2016-01-13,MESOS-4357,2,1,1047.72,Neil Conway,2
Limit the number of processes created by libprocess,libprocess,1.0,Major,Improvement,2016,1,12,Mesos,Resolved,2016-01-13,MESOS-4353,2,1,1047.96,Maged Michael,2
GMock warning in SlaveTest.ContainerUpdatedBeforeTaskReachesExecutor,test,1.0,Major,Bug,2016,1,2,Mesos,Resolved,2016-01-12,MESOS-4349,1,1,1048.63,Neil Conway,2
"GMock warning in HookTest.VerifySlaveRunTaskHook, HookTest.VerifySlaveTaskStatusDecorator",test,1.0,Minor,Bug,2016,1,4,Mesos,Resolved,2016-01-12,MESOS-4348,1,1,1048.63,Anand Mazumdar,2
GMock warning in ReservationTest.ACLMultipleOperations,test,1.0,Minor,Bug,2016,1,3,Mesos,Resolved,2016-01-12,MESOS-4347,1,1,1048.64,Greg Mann,3
Implement a network-handle manager for net_cls cgroup subsystem,containerization,3.0,Major,Task,2016,1,1,Mesos,Resolved,2016-01-12,MESOS-4345,1,1,1048.8,Avinash Sridharan,3
Allow operators to assign net_cls major handles to mesos agents,containerization,1.0,Major,Improvement,2016,1,2,Mesos,Resolved,2016-01-12,MESOS-4344,1,1,1048.81,Avinash Sridharan,2
Add parameters to apply patches quiet,,1.0,Minor,Bug,2016,1,5,Mesos,Resolved,2016-01-12,MESOS-4342,1,0,0.53,Klaus Ma,0
Create utilities for common shell commands used.,containerization,5.0,Major,Bug,2016,1,0,Mesos,Resolved,2016-01-12,MESOS-4338,1,1,1049.45,Jojy Varghese,1
"Implement a simple Windows version of dirent.hpp, for compatibility.",stout,5.0,Major,Improvement,2016,1,2,Mesos,Resolved,2016-01-12,MESOS-4337,1,1,1049.5,Alex Clemmer,2
Document supported file types for archive extraction by fetcher,"documentation,fetcher",1.0,Trivial,Documentation,2016,1,2,Mesos,Resolved,2016-01-11,MESOS-4336,0,2,1049.52,Bernd Mathiske,3
Refactor Appc provisioner tests  ,containerization,2.0,Major,Improvement,2016,1,2,Mesos,Resolved,2016-01-11,MESOS-4333,0,1,1049.68,Jojy Varghese,1
git commit-msg hook completely breaks fixup commits.,,1.0,Major,Bug,2016,1,3,Mesos,Resolved,2016-01-11,MESOS-4331,0,0,1049.95,Andrew Schwartzmeyer,1
SlaveTest.LaunchTaskInfoWithContainerInfo cannot be execute in isolation,test,1.0,Major,Bug,2016,1,2,Mesos,Resolved,2016-01-11,MESOS-4329,0,1,1049.87,Benjamin Bannier,2
PersistentVolumeTest.BadACLNoPrincipal is flaky,,1.0,Major,Bug,2016,1,1,Mesos,Resolved,2016-01-08,MESOS-4318,4,0,4.11,Greg Mann,1
Support get non-default weights by /weights,,5.0,Minor,Task,2016,1,6,Mesos,Resolved,2016-01-08,MESOS-4316,4,0,1052.9,Yongqiao Wang,1
Publish Quota Documentation,,3.0,Major,Documentation,2016,1,2,Mesos,Resolved,2016-01-08,MESOS-4314,4,0,1052.97,Jörg Schad,2
Protobuf parse should pass error messages when parsing nested JSON.,stout,1.0,Major,Bug,2016,1,2,Mesos,Resolved,2016-01-08,MESOS-4311,4,1,1053.43,Gilbert Song,1
hdfs operations fail due to prepended / on path for non-hdfs hadoop clients.,fetcher,1.0,Blocker,Bug,2016,1,9,Mesos,Resolved,2016-01-07,MESOS-4304,3,1,1054.42,Bernd Mathiske,1
Accepting an inverse offer prints misleading logs,master,1.0,Major,Bug,2016,1,5,Mesos,Resolved,2016-01-06,MESOS-4301,2,1,1054.84,Joseph Wu,3
Sync up configuration.md and flags.cpp,,1.0,Major,Bug,2016,1,2,Mesos,Resolved,2016-01-06,MESOS-4298,2,0,1054.92,Greg Mann,3
Add docker URI fetcher plugin based on curl.,,8.0,Major,Task,2016,1,2,Mesos,Resolved,2016-01-06,MESOS-4296,2,0,1055.44,Jie Yu,2
"Change documentation links to ""*.md""",documentation,3.0,Minor,Task,2016,1,3,Mesos,Resolved,2016-01-05,MESOS-4295,1,1,1055.68,Jörg Schad,3
Protobuf parse should support parsing JSON object containing JSON Null.,stout,1.0,Major,Bug,2016,1,3,Mesos,Resolved,2016-01-05,MESOS-4294,1,1,1055.69,Gilbert Song,1
fs::enter(rootfs) does not work if 'rootfs' is read only.,,2.0,Major,Bug,2016,1,1,Mesos,Resolved,2016-01-05,MESOS-4291,1,0,1056.47,Jie Yu,2
Design doc for simple appc image discovery,containerization,5.0,Major,Task,2016,1,1,Mesos,Resolved,2016-01-04,MESOS-4289,0,1,1056.58,Jojy Varghese,1
Mesos command task doesn't support volumes with image,containerization,3.0,Major,Bug,2016,1,2,Mesos,Resolved,2016-01-04,MESOS-4285,0,1,1056.67,Timothy Chen,2
Draft design doc for multi-role frameworks,master,8.0,Major,Story,2016,1,2,Mesos,Resolved,2016-01-04,MESOS-4284,0,1,1056.72,Benjamin Mahler,1
Update isolator prepare function to use ContainerLaunchInfo,containerization,2.0,Blocker,Bug,2016,1,4,Mesos,Resolved,2016-01-04,MESOS-4282,0,1,1056.8,Gilbert Song,2
Correctly handle disk quota usage when volumes are bind mounted into the container.,,3.0,Major,Bug,2016,1,2,Mesos,Resolved,2016-01-04,MESOS-4281,0,0,1056.81,Artem Harutyunyan,1
Docker executor truncates task's output when the task is killed.,"containerization,docker",5.0,Critical,Bug,2016,1,44,Mesos,Resolved,2016-01-04,MESOS-4279,0,2,1056.85,Benjamin Mahler,3
Constrain types used to instantiate Flags objects,,2.0,Major,Improvement,2016,1,2,Mesos,Resolved,2016-01-04,MESOS-4278,0,0,9.08,Benjamin Bannier,1
Provide constexpr Duration::min() and max(),,2.0,Minor,Improvement,2016,1,2,Mesos,Resolved,2016-01-04,MESOS-4277,0,0,7.36,Benjamin Bannier,1
Remove dupicate Mesos constructor,,1.0,Major,Improvement,2016,1,2,Mesos,Resolved,2016-01-04,MESOS-4276,0,0,1.1,Benjamin Bannier,1
Duration uses fixed-width types inconsistently,stout,2.0,Major,Bug,2016,1,2,Mesos,Resolved,2016-01-04,MESOS-4275,0,1,1056.97,Benjamin Bannier,1
Replace variadic List constructor with one taking a initializer_list,stout,1.0,Minor,Improvement,2016,1,2,Mesos,Resolved,2016-01-04,MESOS-4273,0,1,1057.0,Benjamin Bannier,2
DurationTest.Arithmetic performs inexact float calculation in test,test,1.0,Minor,Bug,2016,1,2,Mesos,Resolved,2016-01-04,MESOS-4272,0,1,2.32,Benjamin Bannier,0
Report volume usage through ResourceStatistics.,,3.0,Major,Bug,2015,12,2,Mesos,Resolved,2015-12-30,MESOS-4263,2,0,1061.55,Jie Yu,1
Enable net_cls subsytem in cgroup infrastructure,containerization,5.0,Major,Improvement,2015,12,6,Mesos,Resolved,2015-12-30,MESOS-4262,2,1,1061.84,Avinash Sridharan,2
Remove docker auth server flag,containerization,3.0,Major,Improvement,2015,12,2,Mesos,Resolved,2015-12-30,MESOS-4261,2,1,1062.16,Jie Yu,2
ExamplesTest.NoExecutorFramework runs forever.,,3.0,Major,Bug,2015,12,2,Mesos,Resolved,2015-12-29,MESOS-4257,1,0,42.55,Jörg Schad,1
Add mechanism for testing recovery of HTTP based executors,,5.0,Major,Bug,2015,12,3,Mesos,Resolved,2015-12-29,MESOS-4255,1,0,1063.35,Anand Mazumdar,1
Add `dist` target to CMake solution,cmake,3.0,Major,Bug,2015,12,2,Mesos,Resolved,2015-12-23,MESOS-4245,2,1,1068.62,Srinivas,4
Consolidate docker store slave flags,containerization,3.0,Major,Improvement,2015,12,1,Mesos,Resolved,2015-12-22,MESOS-4241,1,1,15.82,Timothy Chen,0
Pull provisioner from linux filesystem isolator to Mesos containerizer.,,5.0,Major,Task,2015,12,2,Mesos,Resolved,2015-12-22,MESOS-4240,1,0,1069.64,Gilbert Song,2
Enable passing docker image cmd runtime config to provisioner,containerization,1.0,Major,Improvement,2015,12,2,Mesos,Resolved,2015-12-21,MESOS-4227,0,1,1070.7,Gilbert Song,1
Enable passing docker image environment variables runtime config to provisioner,containerization,1.0,Major,Improvement,2015,12,2,Mesos,Resolved,2015-12-21,MESOS-4226,0,1,1070.7,Gilbert Song,1
Exposed docker/appc image manifest to mesos containerizer.,containerization,2.0,Major,Improvement,2015,12,2,Mesos,Resolved,2015-12-21,MESOS-4225,0,1,1070.7,Gilbert Song,2
Document containerizer from user perspective.,containerization,3.0,Major,Documentation,2015,12,2,Mesos,Resolved,2015-12-21,MESOS-4222,0,1,1070.71,Jojy Varghese,2
Test for Quota Status Endpoint,,3.0,Major,Bug,2015,12,2,Mesos,Resolved,2015-12-21,MESOS-4218,0,0,1070.8,Jörg Schad,2
Introduce HTTP endpoint /weights for updating weight,,5.0,Major,Task,2015,12,4,Mesos,Resolved,2015-12-21,MESOS-4214,0,0,84.13,Yongqiao Wang,0
"Document ""how to program with dynamic reservations and persistent volumes""",documentation,3.0,Major,Documentation,2015,12,2,Mesos,Resolved,2015-12-19,MESOS-4209,5,1,1072.73,Neil Conway,3
PersistentVolumeTest.BadACLDropCreateAndDestroy is flaky,,1.0,Major,Bug,2015,12,3,Mesos,Resolved,2015-12-19,MESOS-4208,5,0,20.3,Greg Mann,3
Add an example bug due to a lack of defer() to the defer() documentation,documentation,2.0,Minor,Documentation,2015,12,2,Mesos,Resolved,2015-12-19,MESOS-4207,5,1,1073.5,Greg Mann,3
Write new logging-related documentation,documentation,3.0,Major,Documentation,2015,12,3,Mesos,Resolved,2015-12-18,MESOS-4206,4,1,1073.52,Joseph Wu,3
Document that frameworks that participate in a role should cooperate,documentation,2.0,Minor,Documentation,2015,12,2,Mesos,Resolved,2015-12-18,MESOS-4204,4,1,1073.54,Neil Conway,3
Race in SSL socket shutdown ,,5.0,Major,Bug,2015,12,2,Mesos,Resolved,2015-12-18,MESOS-4202,4,0,1073.55,Jojy Varghese,2
Test case(s) for weights + allocation behavior,"allocation,test",2.0,Major,Task,2015,12,6,Mesos,Resolved,2015-12-18,MESOS-4200,4,2,1073.7,Yongqiao Wang,3
Disk Resource Reservation is NOT Enforced for Persistent Volumes,,3.0,Major,Bug,2015,12,6,Mesos,Resolved,2015-12-18,MESOS-4198,4,0,1073.72,Artem Harutyunyan,4
Add dynamic reservation tests with no principal,,1.0,Major,Improvement,2015,12,2,Mesos,Resolved,2015-12-18,MESOS-4195,4,0,1074.21,Greg Mann,2
Port `process/file.hpp`,libprocess,3.0,Major,Bug,2015,12,2,Mesos,Resolved,2015-12-17,MESOS-4193,3,1,1074.59,Alex Clemmer,3
Add documentation for API Versioning,documentation,3.0,Major,Bug,2015,12,2,Mesos,Resolved,2015-12-17,MESOS-4192,3,1,1074.68,Anand Mazumdar,2
Investigate switching to fixed point scalar resources,master,5.0,Major,Task,2015,12,3,Mesos,Resolved,2015-12-17,MESOS-4191,3,1,1074.7,Neil Conway,2
Create a Design Doc for dynamic weights.,documentation,3.0,Major,Documentation,2015,12,1,Mesos,Resolved,2015-12-17,MESOS-4190,3,1,1075.05,Yongqiao Wang,1
Avoid using absolute URLs in documentation pages,,1.0,Minor,Documentation,2015,12,2,Mesos,Resolved,2015-12-17,MESOS-4187,3,0,1075.37,Neil Conway,2
Serialize docker v1 image spec as protobuf,containerization,2.0,Major,Improvement,2015,12,1,Mesos,Resolved,2015-12-17,MESOS-4186,3,1,1075.41,Gilbert Song,1
Jenkins builds for Centos fail with missing 'which' utility and incorrect 'java.home',,3.0,Major,Bug,2015,12,2,Mesos,Resolved,2015-12-16,MESOS-4184,2,0,1075.6,Kevin Klues,1
Move operator<< definitions to .cpp files and include <iosfwd> in .hpp where possible.,build,3.0,Minor,Improvement,2015,12,2,Mesos,Resolved,2015-12-16,MESOS-4183,2,1,1075.86,Alex R,1
Extend `Master` to authorize persistent volumes,,1.0,Major,Bug,2015,12,1,Mesos,Resolved,2015-12-15,MESOS-4179,1,0,3.18,Greg Mann,1
Add persistent volume support to the Authorizer,,1.0,Major,Bug,2015,12,1,Mesos,Resolved,2015-12-15,MESOS-4178,1,0,1076.64,Greg Mann,2
Create a user doc for Executor HTTP API,,3.0,Major,Bug,2015,12,2,Mesos,Resolved,2015-12-15,MESOS-4177,1,0,1076.71,Anand Mazumdar,1
ContentType/SchedulerTest.Decline is slow.,,1.0,Minor,Improvement,2015,12,2,Mesos,Resolved,2015-12-15,MESOS-4175,1,0,118.91,Shuai Lin,1
HookTest.VerifySlaveLaunchExecutorHook is slow.,,1.0,Minor,Improvement,2015,12,3,Mesos,Resolved,2015-12-15,MESOS-4174,1,0,118.9,Jian Qiu,1
GarbageCollectorIntegrationTest.Restart is slow,,3.0,Minor,Improvement,2015,12,3,Mesos,Resolved,2015-12-15,MESOS-4172,1,0,209.88,haosdent,1
OversubscriptionTest.RemoveCapabilitiesOnSchedulerFailover is slow.,,1.0,Minor,Improvement,2015,12,3,Mesos,Resolved,2015-12-15,MESOS-4171,1,0,118.91,haosdent,1
OversubscriptionTest.UpdateAllocatorOnSchedulerFailover is slow.,,1.0,Minor,Improvement,2015,12,3,Mesos,Resolved,2015-12-15,MESOS-4170,1,0,118.91,haosdent,1
MasterTest.OfferTimeout is slow.,,1.0,Minor,Improvement,2015,12,3,Mesos,Resolved,2015-12-15,MESOS-4167,1,0,118.91,haosdent,1
MasterTest.LaunchCombinedOfferTest is slow.,,1.0,Minor,Improvement,2015,12,3,Mesos,Resolved,2015-12-15,MESOS-4166,1,0,118.91,haosdent,1
MasterTest.MasterInfoOnReElection is slow.,,1.0,Minor,Improvement,2015,12,3,Mesos,Resolved,2015-12-15,MESOS-4165,1,0,118.91,haosdent,1
MasterTest.RecoverResources is slow.,,1.0,Minor,Improvement,2015,12,3,Mesos,Resolved,2015-12-15,MESOS-4164,1,0,118.9,haosdent,1
Log recover tests are slow.,,1.0,Minor,Improvement,2015,12,8,Mesos,Resolved,2015-12-15,MESOS-4160,1,0,118.91,Shuai Lin,1
Rename shutdown_frameworks to teardown_frameworks,security,2.0,Minor,Bug,2015,12,5,Mesos,Resolved,2015-12-15,MESOS-4154,1,1,37.29,Guangya Liu,2
GMock warning in SlaveTest.ContainerizerUsageFailure,,1.0,Major,Bug,2015,12,4,Mesos,Resolved,2015-12-14,MESOS-4151,0,0,1077.43,Benjamin Bannier,2
Implement container logger module metadata recovery,modules,3.0,Major,Task,2015,12,2,Mesos,Resolved,2015-12-14,MESOS-4150,0,1,1077.66,Joseph Wu,2
Clean up authentication implementation for quota,,1.0,Major,Improvement,2015,12,1,Mesos,Resolved,2015-12-14,MESOS-4149,0,0,1077.95,Alexander Rojas,1
Reserve/UnReserve Dynamic Reservation Endpoints allow reservations on non-existing roles,master,2.0,Minor,Bug,2015,12,5,Mesos,Resolved,2015-12-13,MESOS-4143,6,1,1078.75,Yongqiao Wang,2
Modularize plain-file logging for executor/task logs launched with the Docker Containerizer,"docker,modules",3.0,Major,Task,2015,12,3,Mesos,Resolved,2015-12-11,MESOS-4137,4,2,1080.52,Joseph Wu,2
Add a ContainerLogger module that restrains log sizes,modules,3.0,Major,Improvement,2015,12,4,Mesos,Resolved,2015-12-11,MESOS-4136,4,1,1080.53,Joseph Wu,2
Document how the fetcher can reach across a proxy connection.,fetcher,1.0,Major,Documentation,2015,12,4,Mesos,Resolved,2015-12-11,MESOS-4130,4,1,1081.11,Shuai Lin,2
Refactor sorter factories in allocator and improve comments around them.,allocation,3.0,Major,Improvement,2015,12,2,Mesos,Resolved,2015-12-11,MESOS-4128,4,1,1081.15,Alex R,1
Construct the error string in `MethodNotAllowed`.,,3.0,Minor,Improvement,2015,12,2,Mesos,Resolved,2015-12-11,MESOS-4126,4,0,1081.16,Jacob Janco,3
Add tests for quotas + empty roles (no registered frameworks),allocation,2.0,Major,Task,2015,12,2,Mesos,Resolved,2015-12-10,MESOS-4116,3,1,1081.74,Neil Conway,3
Fix possible race conditions in registry client tests.,,5.0,Major,Improvement,2015,12,1,Mesos,Resolved,2015-12-10,MESOS-4115,3,0,1081.78,Jojy Varghese,1
Add field VIP to message Port,,2.0,Trivial,Wish,2015,12,12,Mesos,Resolved,2015-12-10,MESOS-4114,3,0,1081.87,Avinash Sridharan,1
Clean up libprocess gtest macros,"libprocess,test",2.0,Major,Task,2015,12,8,Mesos,Resolved,2015-12-10,MESOS-4112,3,2,115.76,Yong Tang,0
Implement `WindowsError` to correspond with `ErrnoError`.,stout,5.0,Major,Bug,2015,12,2,Mesos,Resolved,2015-12-10,MESOS-4110,3,1,1082.42,Alex Clemmer,4
HTTPConnectionTest.ClosingResponse is flaky,"libprocess,test",1.0,Minor,Bug,2015,12,2,Mesos,Resolved,2015-12-10,MESOS-4109,3,2,1082.44,Benjamin Mahler,5
Implement `os::mkdtemp` for Windows,stout,5.0,Major,Bug,2015,12,2,Mesos,Resolved,2015-12-10,MESOS-4108,3,1,1082.46,Alex Clemmer,3
`os::strerror_r` breaks the Windows build,stout,1.0,Major,Bug,2015,12,2,Mesos,Resolved,2015-12-10,MESOS-4107,3,1,1082.47,Alex Clemmer,2
Quota doesn't allocate resources on slave joining.,allocation,5.0,Blocker,Bug,2015,12,8,Mesos,Resolved,2015-12-09,MESOS-4102,2,1,1083.45,Klaus Ma,2
parallel make tests does not build all test targets,"build,libprocess",1.0,Major,Bug,2015,12,2,Mesos,Resolved,2015-12-08,MESOS-4099,1,2,1083.65,Kapil Arya,1
Create light-weight executor only and scheduler only mesos eggs,build,5.0,Major,Improvement,2015,12,11,Mesos,Resolved,2015-12-07,MESOS-4090,0,1,113.04,Steve Niemitz,0
Modularize existing plain-file logging for executor/task logs launched with the Mesos Containerizer,modules,2.0,Major,Task,2015,12,2,Mesos,Resolved,2015-12-07,MESOS-4088,0,1,1084.64,Joseph Wu,2
Introduce a module for logging executor/task output,"containerization,modules",5.0,Major,Task,2015,12,7,Mesos,Resolved,2015-12-07,MESOS-4087,0,2,1084.64,Joseph Wu,2
Implement implicit roles,,5.0,Major,Improvement,2015,12,5,Mesos,Resolved,2015-12-07,MESOS-4085,0,0,1084.71,Neil Conway,2
Add tests for quota authentication and authorization.,"master,test",3.0,Major,Task,2015,12,3,Mesos,Resolved,2015-12-07,MESOS-4082,0,2,1084.8,Jan Schlicht,4
libevent_ssl_socket assertion fails ,libprocess,8.0,Major,Bug,2015,12,3,Mesos,Resolved,2015-12-04,MESOS-4069,4,1,1087.7,Jojy Varghese,1
ReservationTest.ACLMultipleOperations is flaky,,2.0,Major,Bug,2015,12,6,Mesos,Resolved,2015-12-04,MESOS-4067,4,0,1088.14,Greg Mann,2
Agent should not return partial state when a request is made to /state endpoint during recovery.,agent,3.0,Major,Task,2015,12,6,Mesos,Resolved,2015-12-03,MESOS-4066,3,1,1088.57,Vinod Kone,1
Add ContainerInfo to internal Task protobuf.,,3.0,Major,Task,2015,12,2,Mesos,Resolved,2015-12-03,MESOS-4064,3,0,1088.62,Artem Harutyunyan,1
Investigate remaining flakiness in MasterMaintenanceTest.InverseOffersFilters,,1.0,Minor,Bug,2015,12,5,Mesos,Resolved,2015-12-03,MESOS-4059,3,0,1088.83,Joseph Wu,2
Do not use `Resource.role` for resources in quota request.,master,1.0,Major,Improvement,2015,12,2,Mesos,Resolved,2015-12-03,MESOS-4058,3,1,1088.82,Alex R,1
Respond with `MethodNotAllowed` if a request uses an unsupported method.,,1.0,Minor,Improvement,2015,12,4,Mesos,Resolved,2015-12-03,MESOS-4056,3,0,1089.07,Alex R,1
MemoryPressureMesosTest.CGROUPS_ROOT_SlaveRecovery is flaky,test,1.0,Major,Bug,2015,12,12,Mesos,Resolved,2015-12-02,MESOS-4047,2,1,92.2,Alexander Rojas,2
Enable `Env` specified in docker image can be returned from docker pull,docker,3.0,Major,Improvement,2015,12,1,Mesos,Resolved,2015-12-02,MESOS-4046,2,1,1089.77,Gilbert Song,1
Install instructions for CentOS 6.6 lead to errors running `perf`.,,1.0,Minor,Improvement,2015,12,1,Mesos,Resolved,2015-12-02,MESOS-4036,2,0,1191.36,Alex R,3
ContentType/SchedulerTest is flaky.,,3.0,Major,Bug,2015,12,12,Mesos,Resolved,2015-12-01,MESOS-4029,1,0,1091.51,Anand Mazumdar,3
RegistryClientTest.SimpleRegistryPuller is flaky,,4.0,Major,Bug,2015,11,4,Mesos,Resolved,2015-11-30,MESOS-4026,0,0,1091.74,Jojy Varghese,3
Remove quota from Registry for quota remove request,master,1.0,Major,Improvement,2015,11,2,Mesos,Resolved,2015-11-26,MESOS-4021,3,1,1096.01,Alex R,1
Introduce filter for non-revocable resources in `Resources`,,1.0,Minor,Improvement,2015,11,2,Mesos,Resolved,2015-11-26,MESOS-4020,3,0,1096.11,Alex R,1
Introduce remove endpoint for quota,master,3.0,Major,Task,2015,11,3,Mesos,Resolved,2015-11-25,MESOS-4014,2,1,1096.91,Jörg Schad,1
Introduce status endpoint for quota,master,5.0,Major,Task,2015,11,2,Mesos,Resolved,2015-11-25,MESOS-4013,2,1,1096.91,Jörg Schad,1
RegistryClientTest.SimpleRegistryPuller doesn't compile with GCC 5.1.1,test,1.0,Trivial,Bug,2015,11,6,Mesos,Resolved,2015-11-25,MESOS-4009,2,1,0.03,Jan Schlicht,1
Support workdir runtime configuration from image ,containerization,2.0,Major,Improvement,2015,11,3,Mesos,Resolved,2015-11-24,MESOS-4005,1,1,1097.56,Gilbert Song,2
Support default entrypoint and command runtime config in Mesos containerizer,containerization,3.0,Major,Improvement,2015,11,2,Mesos,Resolved,2015-11-24,MESOS-4004,1,1,1097.56,Gilbert Song,2
Pass agent work_dir to isolator modules,,1.0,Major,Bug,2015,11,2,Mesos,Resolved,2015-11-24,MESOS-4003,1,0,1097.64,Greg Mann,2
ReservationEndpointsTest.UnreserveAvailableAndOfferedResources is flaky,,1.0,Major,Bug,2015,11,4,Mesos,Resolved,2015-11-24,MESOS-4002,1,0,8.54,Anand Mazumdar,3
"libprocess: document when, why defer() is necessary",,1.0,Minor,Documentation,2015,11,2,Mesos,Resolved,2015-11-23,MESOS-3996,0,0,1098.69,Greg Mann,3
Refactor registry client/puller to avoid JSON and struct.,containerization,3.0,Major,Improvement,2015,11,2,Mesos,Resolved,2015-11-23,MESOS-3994,0,1,1098.72,Gilbert Song,1
Tests for rescinding offers for quota,master,1.0,Major,Task,2015,11,2,Mesos,Resolved,2015-11-23,MESOS-3985,0,1,1099.09,Alex R,1
Tests for quota support in `allocate()` function.,"allocation,test",3.0,Major,Task,2015,11,2,Mesos,Resolved,2015-11-23,MESOS-3984,0,2,1099.09,Alex R,1
Tests for quota request validation,"master,test",3.0,Major,Task,2015,11,2,Mesos,Resolved,2015-11-23,MESOS-3983,0,2,1099.1,Jörg Schad,1
Implement recovery in the Hierarchical allocator,allocation,3.0,Major,Task,2015,11,2,Mesos,Resolved,2015-11-23,MESOS-3981,0,1,1099.11,Alex R,1
Replace `QuotaInfo` with `Quota` in allocator interface,allocation,3.0,Major,Improvement,2015,11,2,Mesos,Resolved,2015-11-23,MESOS-3979,0,1,1099.5,Alex R,1
C++ HTTP Scheduler Library does not work with SSL enabled,"framework,HTTP API",3.0,Major,Bug,2015,11,2,Mesos,Resolved,2015-11-20,MESOS-3976,4,2,1101.68,Anand Mazumdar,2
SSL build of mesos causes flaky testsuite.,,5.0,Major,Bug,2015,11,11,Mesos,Resolved,2015-11-20,MESOS-3975,4,0,1101.71,Joseph Wu,1
CgroupsAnyHierarchyMemoryPressureTest tests fail on CentOS 6.7.,,2.0,Major,Bug,2015,11,6,Mesos,Resolved,2015-11-20,MESOS-3974,4,0,1101.65,Benjamin Bannier,1
"Failing 'make distcheck' on Debian 8, somehow SSL-related.",,3.0,Major,Bug,2015,11,6,Mesos,Resolved,2015-11-20,MESOS-3969,4,0,1101.88,haosdent,3
Ensure resources in `QuotaInfo` protobuf do not contain `role`,master,3.0,Major,Bug,2015,11,4,Mesos,Resolved,2015-11-20,MESOS-3965,4,1,1102.03,Alex R,1
LimitedCpuIsolatorTest.ROOT_CGROUPS_Cfs and LimitedCpuIsolatorTest.ROOT_CGROUPS_Cfs_Big_Quota fail on Debian 8.,"containerization,test",2.0,Blocker,Bug,2015,11,10,Mesos,Resolved,2015-11-20,MESOS-3964,4,2,1102.04,Greg Mann,1
Standardize quota endpoints,master,3.0,Major,Improvement,2015,11,2,Mesos,Resolved,2015-11-19,MESOS-3960,3,1,1102.75,Alex R,2
Make HDFS tool wrappers asynchronous.,,5.0,Major,Task,2015,11,2,Mesos,Resolved,2015-11-18,MESOS-3951,2,0,1103.59,Jie Yu,2
User CGroup Isolation tests fail on Centos 6.,containerization,3.0,Major,Bug,2015,11,8,Mesos,Resolved,2015-11-18,MESOS-3949,2,1,1103.81,Alexander Rojas,1
Add operator documentation for /weight endpoint,,2.0,Major,Task,2015,11,4,Mesos,Resolved,2015-11-18,MESOS-3945,2,0,1104.15,Yongqiao Wang,1
Support dynamic weight in allocator,,5.0,Major,Task,2015,11,4,Mesos,Resolved,2015-11-18,MESOS-3943,2,0,93.16,Yongqiao Wang,0
/reserve and /unreserve should be permissive under a master without authentication.,,1.0,Major,Bug,2015,11,11,Mesos,Resolved,2015-11-18,MESOS-3940,2,0,1104.48,Greg Mann,3
ubsan error in net::IP::create(sockaddr const&): misaligned address,stout,2.0,Minor,Bug,2015,11,2,Mesos,Resolved,2015-11-17,MESOS-3939,1,1,1104.8,Neil Conway,2
Consider allowing setting quotas for the default '*' role.,,2.0,Major,Task,2015,11,3,Mesos,Resolved,2015-11-17,MESOS-3938,1,0,1414.99,Meng Zhu,1
Document possible task state transitions for framework authors,documentation,5.0,Major,Documentation,2015,11,3,Mesos,Resolved,2015-11-17,MESOS-3936,1,1,1105.23,Neil Conway,2
Libprocess: Unify the initialization of the MetricsProcess and ReaperProcess,"libprocess,test",3.0,Major,Task,2015,11,2,Mesos,Resolved,2015-11-16,MESOS-3934,0,2,1105.63,Joseph Wu,1
Automate the process of landing commits for committers,,3.0,Major,Task,2015,11,3,Mesos,Resolved,2015-11-15,MESOS-3929,6,0,103.01,Vinod Kone,0
Add HDFS based URI fetcher plugin.,,3.0,Major,Task,2015,11,6,Mesos,Resolved,2015-11-13,MESOS-3925,4,0,1108.66,Jie Yu,2
Implement AuthN handling in Master for the Scheduler endpoint,"framework,HTTP API,master",5.0,Major,Bug,2015,11,5,Mesos,Resolved,2015-11-13,MESOS-3923,4,3,1108.68,Anand Mazumdar,1
MasterMaintenanceTest.InverseOffersFilters is flaky,,3.0,Major,Bug,2015,11,13,Mesos,Resolved,2015-11-13,MESOS-3916,4,0,19.99,Neil Conway,3
Upgrade vendored Boost,,5.0,Minor,Bug,2015,11,6,Mesos,Resolved,2015-11-13,MESOS-3915,4,0,1108.84,Benno Evers,3
Rescind offers in order to satisfy quota,master,3.0,Major,Task,2015,11,5,Mesos,Resolved,2015-11-13,MESOS-3912,4,1,1109.1,Alex R,1
Add a `--force` flag to disable sanity check in quota,master,1.0,Major,Task,2015,11,2,Mesos,Resolved,2015-11-13,MESOS-3911,4,1,1109.14,Jörg Schad,1
Libprocess: Implement cleanup of the SocketManager in process::finalize,"libprocess,test",5.0,Major,Task,2015,11,2,Mesos,Resolved,2015-11-13,MESOS-3910,4,2,1109.49,Joseph Wu,1
isolator module headers depend on picojson headers,"c++ api,modules",3.0,Major,Bug,2015,11,8,Mesos,Resolved,2015-11-13,MESOS-3909,4,2,1109.51,James Peach,1
Five new docker-related slave flags are not covered by the configuration documentation.,"docker,documentation",1.0,Minor,Documentation,2015,11,2,Mesos,Resolved,2015-11-12,MESOS-3905,3,2,1109.86,Bernd Mathiske,1
Add authorization for '/create-volume' and '/destroy-volume' HTTP endpoints,,2.0,Major,Improvement,2015,11,2,Mesos,Resolved,2015-11-12,MESOS-3903,3,0,1110.32,Greg Mann,2
Enable mesos-reviewbot project on jenkins to use docker,build,3.0,Major,Task,2015,11,1,Mesos,Resolved,2015-11-11,MESOS-3900,2,1,1110.73,Jojy Varghese,1
Wrong syntax and inconsistent formatting of JSON examples in flag documentation,documentation,1.0,Minor,Bug,2015,11,2,Mesos,Resolved,2015-11-11,MESOS-3899,2,1,1110.92,Jan Schlicht,3
Corrected style in hierarchical allocator,allocation,1.0,Minor,Improvement,2015,11,2,Mesos,Resolved,2015-11-11,MESOS-3884,2,1,1111.1,Alex R,1
Libprocess: Implement process::Clock::finalize,"libprocess,test",3.0,Major,Task,2015,11,2,Mesos,Resolved,2015-11-10,MESOS-3882,1,2,1111.6,Joseph Wu,1
Implement `stout/os/pstree.hpp` on Windows,stout,2.0,Major,Bug,2015,11,2,Mesos,Resolved,2015-11-10,MESOS-3881,1,1,1111.72,Alex Clemmer,2
Incorrect and inconsistent include order for <gmock/gmock.h> and <gtest/gtest.h>.,,1.0,Minor,Bug,2015,11,2,Mesos,Resolved,2015-11-10,MESOS-3879,1,0,1111.75,Jörg Schad,1
Draft operator documentation for quota,documentation,5.0,Major,Task,2015,11,2,Mesos,Resolved,2015-11-10,MESOS-3877,1,1,1111.79,Jörg Schad,1
Investigate recovery for the Hierarchical allocator,allocation,3.0,Major,Task,2015,11,0,Mesos,Resolved,2015-11-10,MESOS-3874,1,1,1111.82,Alex R,1
Enhance allocator interface with the recovery() method,allocation,3.0,Major,Task,2015,11,2,Mesos,Resolved,2015-11-10,MESOS-3873,1,1,1111.83,Alex R,1
Make apply-review.sh use apply-reviews.py,,1.0,Major,Bug,2015,11,2,Mesos,Resolved,2015-11-10,MESOS-3868,1,0,1112.18,Artem Harutyunyan,1
Make `Resource.DiskInfo.Persistence.principal` a required field,,1.0,Major,Improvement,2015,11,1,Mesos,Resolved,2015-11-10,MESOS-3867,1,0,1112.5,Greg Mann,2
Simplify and/or document the libprocess initialization synchronization logic,libprocess,1.0,Minor,Task,2015,11,2,Mesos,Resolved,2015-11-09,MESOS-3864,0,1,1112.58,Joseph Wu,1
Investigate the requirements of programmatically re-initializing libprocess,"libprocess,test",2.0,Major,Task,2015,11,1,Mesos,Resolved,2015-11-09,MESOS-3863,0,2,1112.6,Joseph Wu,1
Authorize set quota requests.,master,5.0,Major,Task,2015,11,4,Mesos,Resolved,2015-11-09,MESOS-3862,0,1,1112.73,Jan Schlicht,3
Authenticate quota requests,master,3.0,Major,Task,2015,11,2,Mesos,Resolved,2015-11-09,MESOS-3861,0,1,1112.73,Jan Schlicht,2
Add github support to apply-reviews.py.,,3.0,Major,Bug,2015,11,2,Mesos,Resolved,2015-11-09,MESOS-3859,0,0,1112.89,Artem Harutyunyan,1
Draft Design Doc for first Step External Volume MVP,,3.0,Major,Task,2015,11,2,Mesos,Resolved,2015-11-09,MESOS-3857,0,0,1112.98,Jörg Schad,1
Add mtime-related fetcher tests,test,2.0,Major,Bug,2015,11,2,Mesos,Resolved,2015-11-09,MESOS-3856,0,1,1112.89,Benjamin Bannier,1
Finalize design for generalized Authorizer interface,security,5.0,Major,Task,2015,11,1,Mesos,Resolved,2015-11-09,MESOS-3854,0,1,1113.11,Alexander Rojas,3
Investigate recent crashes in Command Executor,containerization,2.0,Major,Bug,2015,11,19,Mesos,Resolved,2015-11-08,MESOS-3851,6,1,1114.2,Anand Mazumdar,1
Corrected style in Makefiles,build,1.0,Major,Bug,2015,11,2,Mesos,Resolved,2015-11-07,MESOS-3849,5,1,1114.99,Alex R,1
Root tests for LinuxFilesystemIsolatorTest are broken,,2.0,Minor,Bug,2015,11,2,Mesos,Resolved,2015-11-06,MESOS-3847,4,0,1115.59,Joseph Wu,1
Update documentation for FetcherCache mtime-related changes,"agent,fetcher",1.0,Major,Documentation,2015,11,2,Mesos,Resolved,2015-11-06,MESOS-3839,4,2,1115.84,Benjamin Bannier,1
Rootfs in provisioner test doesn't handle symlink directories properly,containerization,4.0,Major,Bug,2015,11,2,Mesos,Resolved,2015-11-06,MESOS-3837,4,1,1116.41,Timothy Chen,1
/help endpoints do not work for nested paths,HTTP API,2.0,Minor,Bug,2015,11,10,Mesos,Resolved,2015-11-05,MESOS-3833,3,1,1117.49,Guangya Liu,2
Document operator HTTP endpoints,documentation,3.0,Minor,Documentation,2015,11,9,Mesos,Resolved,2015-11-04,MESOS-3831,2,1,1117.56,Kevin Klues,3
Test-only libprocess reinitialization,"libprocess,test",3.0,Major,Epic,2015,11,4,Mesos,Resolved,2015-11-02,MESOS-3820,0,2,356.99,Joseph Wu,1
"Add documentation explaining ""roles""",,2.0,Minor,Improvement,2015,11,3,Mesos,Resolved,2015-11-02,MESOS-3819,0,0,1119.55,Neil Conway,2
Containerizer attempts to create Linux launcher by default ,,3.0,Major,Bug,2015,10,2,Mesos,Resolved,2015-10-23,MESOS-3800,4,0,1129.58,Artem Harutyunyan,1
process::io::write takes parameter as void* which could be const,libprocess,2.0,Major,Improvement,2015,10,2,Mesos,Resolved,2015-10-23,MESOS-3795,4,1,1130.03,Benjamin Bannier,2
Cannot start mesos local on a Debian GNU/Linux 8 docker machine,,3.0,Major,Bug,2015,10,23,Mesos,Resolved,2015-10-22,MESOS-3793,3,0,1130.73,Jojy Varghese,1
Backticks are not mentioned in Mesos C++ Style Guide,,1.0,Minor,Documentation,2015,10,6,Mesos,Resolved,2015-10-21,MESOS-3786,2,0,1131.74,Greg Mann,2
Use URI content modification time to trigger fetcher cache updates.,fetcher,5.0,Major,Improvement,2015,10,2,Mesos,Resolved,2015-10-21,MESOS-3785,2,1,1131.78,Benjamin Bannier,1
Replace Master/Slave Terminology Phase I - Rename flag names and deprecate old ones,,3.0,Major,Task,2015,10,15,Mesos,Resolved,2015-10-21,MESOS-3781,2,0,209.47,Jay Guo,0
MasterAllocatorTest.SlaveLost is slow.,,1.0,Minor,Improvement,2015,10,4,Mesos,Resolved,2015-10-21,MESOS-3775,2,0,174.2,Shuai Lin,1
RegistryClientTest.SimpleGetBlob is flaky,test,4.0,Major,Bug,2015,10,6,Mesos,Resolved,2015-10-20,MESOS-3773,1,1,1132.66,Jojy Varghese,1
Mesos JSON API creates invalid JSON due to lack of binary data / non-ASCII handling,HTTP API,2.0,Critical,Bug,2015,10,11,Mesos,Resolved,2015-10-20,MESOS-3771,1,1,1132.76,Joseph Wu,1
Need for http::put request method,,1.0,Minor,Task,2015,10,10,Mesos,Resolved,2015-10-20,MESOS-3763,1,0,1133.32,Yongqiao Wang,1
Refactor SSLTest fixture such that MesosTest can use the same helpers.,test,3.0,Major,Task,2015,10,3,Mesos,Resolved,2015-10-19,MESOS-3762,0,1,1133.57,Joseph Wu,1
Document messages.proto,documentation,3.0,Major,Improvement,2015,10,2,Mesos,Resolved,2015-10-19,MESOS-3759,0,1,1133.76,Joseph Wu,3
0.26.0 Release,,5.0,Major,Task,2015,10,0,Mesos,Resolved,2015-10-19,MESOS-3758,0,0,1133.96,Till Toenshoff,2
Generalized HTTP Authentication Modules,modules,13.0,Major,Task,2015,10,3,Mesos,Resolved,2015-10-19,MESOS-3756,0,1,80.71,Alexander Rojas,0
Test the HTTP Scheduler library with SSL enabled,"framework,HTTP API,test",13.0,Major,Story,2015,10,8,Mesos,Resolved,2015-10-16,MESOS-3753,4,3,1136.58,Greg Mann,2
CentOS 6 dependency install fails at Maven,,1.0,Major,Documentation,2015,10,7,Mesos,Resolved,2015-10-16,MESOS-3752,4,0,1136.74,Greg Mann,3
MESOS_NATIVE_JAVA_LIBRARY not set on MesosContainerize tasks with --executor_environmnent_variables,containerization,2.0,Major,Bug,2015,10,1,Mesos,Resolved,2015-10-16,MESOS-3751,4,1,1136.78,Gilbert Song,2
Configuration docs are missing --enable-libevent and --enable-ssl,documentation,1.0,Major,Documentation,2015,10,4,Mesos,Resolved,2015-10-16,MESOS-3749,4,1,1136.82,Greg Mann,4
HTTP scheduler library does not gracefully parse invalid resource identifiers,"framework,HTTP API",1.0,Major,Bug,2015,10,2,Mesos,Resolved,2015-10-15,MESOS-3748,3,2,1137.54,Joseph Wu,1
Provide diagnostic output in agent log when fetching fails,fetcher,2.0,Minor,Bug,2015,10,2,Mesos,Resolved,2015-10-15,MESOS-3743,3,1,1137.99,Bernd Mathiske,1
Mesos does not set Content-Type for 400 Bad Request,HTTP API,2.0,Major,Bug,2015,10,3,Mesos,Resolved,2015-10-14,MESOS-3739,2,1,1138.53,Vinod Kone,1
Support docker local store pull same image simultaneously ,,3.0,Major,Improvement,2015,10,6,Mesos,Resolved,2015-10-14,MESOS-3736,2,0,1138.62,Gilbert Song,1
Incorrect sed syntax for Mac OSX,,2.0,Blocker,Bug,2015,10,6,Mesos,Resolved,2015-10-14,MESOS-3734,2,0,0.56,Neil Conway,1
Speed up FaultToleranceTest.FrameworkReregister test,test,1.0,Major,Improvement,2015,10,2,Mesos,Resolved,2015-10-14,MESOS-3732,2,1,1138.86,Alex R,3
Prototype quota request authorization,master,5.0,Major,Task,2015,10,0,Mesos,Resolved,2015-10-13,MESOS-3723,1,1,1139.75,Jan Schlicht,3
Prototype quota request authentication,master,5.0,Major,Task,2015,10,0,Mesos,Resolved,2015-10-13,MESOS-3722,1,1,1139.75,Jan Schlicht,2
Tests for Quota support in master,master,5.0,Major,Improvement,2015,10,3,Mesos,Resolved,2015-10-13,MESOS-3720,1,1,1139.77,Alex R,1
Implement Quota support in allocator,allocation,5.0,Major,Bug,2015,10,4,Mesos,Resolved,2015-10-13,MESOS-3718,1,1,1140.01,Alex R,1
Master recovery in presence of quota,master,5.0,Major,Task,2015,10,2,Mesos,Resolved,2015-10-13,MESOS-3717,1,1,1140.01,Alex R,1
Update Allocator interface to support quota,allocation,3.0,Major,Bug,2015,10,2,Mesos,Resolved,2015-10-13,MESOS-3716,1,1,1140.03,Alex R,1
HTTP Pipelining doesn't keep order of requests,libprocess,3.0,Major,Bug,2015,10,3,Mesos,Resolved,2015-10-12,MESOS-3705,0,1,1140.85,Alexander Rojas,3
Deprecate resource_monitoring_interval flag,,1.0,Major,Bug,2015,10,4,Mesos,Resolved,2015-10-12,MESOS-3700,0,0,0.88,Guangya Liu,0
JSON parsing allows non-whitespace trailing characters,,1.0,Major,Bug,2015,10,2,Mesos,Resolved,2015-10-11,MESOS-3698,6,0,1142.43,Greg Mann,1
Enable building mesos.apache.org locally in a Docker container.,,3.0,Major,Bug,2015,10,2,Mesos,Resolved,2015-10-09,MESOS-3694,4,0,1143.57,Artem Harutyunyan,2
Clarify error message 'could not chown work directory',documentation,1.0,Minor,Documentation,2015,10,2,Mesos,Resolved,2015-10-09,MESOS-3692,4,1,1143.87,Marco Massenzio,2
Port slave/containerizer/isolator.hpp to Windows,containerization,3.0,Major,Task,2015,10,2,Mesos,Resolved,2015-10-09,MESOS-3683,4,1,1144.16,Alex Clemmer,2
Port process/collect.hpp to Windows,libprocess,1.0,Major,Task,2015,10,4,Mesos,Resolved,2015-10-09,MESOS-3676,4,1,1144.18,Benjamin Mahler,2
Implement stout/os/windows/stat.hpp,stout,8.0,Major,Task,2015,10,2,Mesos,Resolved,2015-10-08,MESOS-3645,3,1,1144.56,Alex Clemmer,2
Implement stout/os/windows/read.hpp and write.hpp,stout,2.0,Major,Task,2015,10,2,Mesos,Resolved,2015-10-08,MESOS-3641,3,1,1144.57,Alex Clemmer,2
Implement stout/os/windows/ls.hpp,stout,3.0,Major,Task,2015,10,2,Mesos,Resolved,2015-10-08,MESOS-3640,3,1,1144.57,Alex Clemmer,2
Implement stout/os/windows/killtree.hpp,stout,5.0,Major,Task,2015,10,3,Mesos,Resolved,2015-10-08,MESOS-3639,3,1,1144.57,Daniel Pravat,2
Add support for github and variable base URLs to apply-reviews.py,,3.0,Major,Task,2015,10,0,Mesos,Resolved,2015-10-08,MESOS-3625,3,0,1144.65,Artem Harutyunyan,1
Port slave/containerizer/mesos/launch.cpp to Windows,containerization,3.0,Major,Task,2015,10,2,Mesos,Resolved,2015-10-08,MESOS-3624,3,1,1144.65,Alex Clemmer,2
Port slave/containerizer/mesos/containerizer.cpp to Windows,containerization,3.0,Major,Task,2015,10,2,Mesos,Resolved,2015-10-08,MESOS-3623,3,1,1144.66,Alex Clemmer,2
Create slave/containerizer/isolators/filesystem/windows.cpp,containerization,3.0,Major,Task,2015,10,2,Mesos,Resolved,2015-10-08,MESOS-3620,3,1,1144.66,Alex Clemmer,2
Port slave/containerizer/isolator.cpp to Windows,containerization,3.0,Major,Task,2015,10,2,Mesos,Resolved,2015-10-08,MESOS-3619,3,1,1144.66,Alex Clemmer,2
Port slave/containerizer/fetcher.cpp,containerization,3.0,Major,Task,2015,10,2,Mesos,Resolved,2015-10-08,MESOS-3618,3,1,1144.66,Alex Clemmer,2
Port slave/state.cpp,agent,3.0,Major,Task,2015,10,2,Mesos,Resolved,2015-10-08,MESOS-3615,3,1,1144.67,Alex Clemmer,2
Port slave/paths.cpp to Windows,agent,1.0,Major,Task,2015,10,2,Mesos,Resolved,2015-10-08,MESOS-3613,3,1,1144.67,Alex Clemmer,3
ExamplesTest.PersistentVolumeFramework does not work in OS X El Capitan,test,3.0,Major,Bug,2015,10,2,Mesos,Resolved,2015-10-08,MESOS-3604,3,1,1145.5,Michael Park,1
Test build failure due to comparison between signed and unsigned integers,,1.0,Blocker,Bug,2015,10,1,Mesos,Resolved,2015-10-07,MESOS-3603,2,0,4.87,Kapil Arya,1
Formalize all headers and metadata for HTTP API Event Stream,,5.0,Blocker,Improvement,2015,10,8,Mesos,Resolved,2015-10-07,MESOS-3601,2,0,467.95,Anand Mazumdar,4
Framework process hangs after master failover when number frameworks > libprocess thread pool size,scheduler driver,3.0,Major,Bug,2015,10,7,Mesos,Resolved,2015-10-06,MESOS-3595,1,1,1146.78,Mandeep Chadha,1
Propagate Isolator::prepare() failures to the framework,,2.0,Major,Task,2015,10,1,Mesos,Resolved,2015-10-06,MESOS-3593,1,0,1147.47,Kapil Arya,1
MemoryPressureMesosTest.CGROUPS_ROOT_Statistics and CGROUPS_ROOT_SlaveRecovery are flaky,test,1.0,Major,Bug,2015,10,9,Mesos,Resolved,2015-10-05,MESOS-3586,0,1,64.52,Joseph Wu,2
Add a test module for ip-per-container support,,3.0,Major,Task,2015,10,1,Mesos,Resolved,2015-10-05,MESOS-3585,0,0,1147.65,Kapil Arya,1
"rename libprocess tests to ""libprocess-tests""",libprocess,1.0,Trivial,Bug,2015,10,4,Mesos,Resolved,2015-10-05,MESOS-3584,0,1,1147.68,Kapil Arya,2
Introduce stream IDs in HTTP Scheduler API,,5.0,Major,Task,2015,10,6,Mesos,Resolved,2015-10-05,MESOS-3583,0,0,1147.77,Greg Mann,2
License headers show up all over doxygen documentation.,documentation,2.0,Minor,Documentation,2015,10,10,Mesos,Resolved,2015-10-05,MESOS-3581,0,1,1148.04,Benjamin Bannier,1
FetcherCacheTest.LocalUncachedExtract is flaky,"fetcher,test",2.0,Major,Bug,2015,10,10,Mesos,Resolved,2015-10-04,MESOS-3579,6,2,60.57,Benjamin Bannier,2
V1 API java/python protos are not generated,HTTP API,2.0,Blocker,Bug,2015,10,3,Mesos,Resolved,2015-10-02,MESOS-3575,4,1,1.04,Anand Mazumdar,1
Mesos does not kill orphaned docker containers,"agent,docker",5.0,Major,Bug,2015,10,21,Mesos,Resolved,2015-10-02,MESOS-3573,4,2,1151.0,Anand Mazumdar,1
Refactor registry_client,containerization,5.0,Major,Task,2015,10,2,Mesos,Resolved,2015-10-01,MESOS-3571,3,1,1151.77,Jojy Varghese,1
Make Scheduler Library use HTTP Pipelining Abstraction in Libprocess,,8.0,Major,Bug,2015,10,3,Mesos,Resolved,2015-10-01,MESOS-3570,3,0,1151.81,Anand Mazumdar,2
Support TCP checks in Mesos.,,8.0,Major,Improvement,2015,10,3,Mesos,Resolved,2015-10-01,MESOS-3567,3,0,1152.21,haosdent,2
Revocable task CPU shows as zero in /state.json,,2.0,Major,Bug,2015,9,9,Mesos,Resolved,2015-09-30,MESOS-3563,2,0,15.89,Vinod Kone,0
JSON-based credential files do not work correctly,master,1.0,Major,Bug,2015,9,15,Mesos,Resolved,2015-09-30,MESOS-3560,2,1,1152.66,Isabel Jimenez,1
Make the Command Scheduler use the HTTP Scheduler Library,,3.0,Major,Task,2015,9,3,Mesos,Resolved,2015-09-30,MESOS-3559,2,0,1152.67,Anand Mazumdar,1
Implement  HTTPCommandExecutor that uses the Executor Library ,,13.0,Major,Task,2015,9,8,Mesos,Resolved,2015-09-30,MESOS-3558,2,0,1152.67,Qian Zhang,1
mesos.cli broken in 0.24.x,cli,1.0,Major,Bug,2015,9,8,Mesos,Resolved,2015-09-30,MESOS-3556,2,1,1153.18,Marco Massenzio,1
Allocator changes trigger large re-compiles,allocation,3.0,Major,Improvement,2015,9,11,Mesos,Resolved,2015-09-30,MESOS-3554,2,1,1153.51,Joris Van Remoortere,1
LIBPROCESS_IP not passed when executor's environment is specified,,2.0,Major,Bug,2015,9,5,Mesos,Resolved,2015-09-30,MESOS-3553,2,0,1153.51,Greg Mann,1
CHECK failure due to floating point precision on reservation request,master,3.0,Major,Task,2015,9,29,Mesos,Resolved,2015-09-29,MESOS-3552,1,1,1153.63,Mandeep Chadha,2
Replace use of strerror with thread-safe alternatives strerror_r / strerror_l.,"libprocess,stout",3.0,Major,Bug,2015,9,3,Mesos,Resolved,2015-09-29,MESOS-3551,1,2,1153.58,Benjamin Bannier,3
Create a Executor Library based on the new Executor HTTP API,,5.0,Major,Task,2015,9,3,Mesos,Resolved,2015-09-29,MESOS-3550,1,0,1153.72,Anand Mazumdar,1
Libevent termination triggers Broken Pipe,libprocess,2.0,Major,Bug,2015,9,2,Mesos,Resolved,2015-09-28,MESOS-3540,0,1,1154.57,Joris Van Remoortere,3
Validate that slave's work_dir is a shared mount in its own peer group when LinuxFilesystemIsolator is used.,,3.0,Major,Bug,2015,9,2,Mesos,Resolved,2015-09-28,MESOS-3539,0,0,1.04,Jie Yu,0
Figure out how to enforce 64-bit builds on Windows.,build,3.0,Major,Task,2015,9,2,Mesos,Resolved,2015-09-26,MESOS-3525,5,1,1157.47,Alex Clemmer,3
Fix file descriptor leakage / double close in the code base,,3.0,Major,Bug,2015,9,13,Mesos,Resolved,2015-09-25,MESOS-3519,4,0,17.01,Chi Zhang,0
Building mesos from source fails when OS language is not English,build,2.0,Minor,Bug,2015,9,2,Mesos,Resolved,2015-09-25,MESOS-3517,4,1,1157.83,Benjamin Bannier,1
Add user doc for networking support in Mesos 0.25.0,,2.0,Major,Documentation,2015,9,0,Mesos,Resolved,2015-09-25,MESOS-3516,4,0,10.67,Niklas Quarfot Nielsen,0
Support Subscribe Call for HTTP based Executors,,5.0,Major,Task,2015,9,3,Mesos,Resolved,2015-09-25,MESOS-3515,4,0,1158.41,Anand Mazumdar,1
Cgroups Test Filters aborts tests on Centos 6.6 ,"agent,test",1.0,Major,Bug,2015,9,2,Mesos,Resolved,2015-09-24,MESOS-3513,3,2,0.01,Paul Brett,1
Don't retry close() on EINTR.,,1.0,Major,Bug,2015,9,2,Mesos,Resolved,2015-09-24,MESOS-3512,3,0,0.11,Benjamin Mahler,0
Synchronize V1 helper functions with pre-v1,,5.0,Blocker,Task,2015,9,2,Mesos,Resolved,2015-09-24,MESOS-3510,3,0,0.26,Joris Van Remoortere,1
Build instructions for CentOS 6.6 should include `sudo yum update`,,1.0,Major,Bug,2015,9,11,Mesos,Resolved,2015-09-23,MESOS-3506,2,0,1159.57,Greg Mann,2
Introduce MESOS_SANDBOX environment variable in Mesos containerizer.,,3.0,Major,Task,2015,9,2,Mesos,Resolved,2015-09-23,MESOS-3504,2,0,1.97,Jie Yu,0
configure cannot find libevent headers in CentOS 6,,2.0,Major,Bug,2015,9,8,Mesos,Resolved,2015-09-23,MESOS-3501,2,0,1159.77,Greg Mann,4
Add a test for os::realpath(),,1.0,Major,Task,2015,9,2,Mesos,Resolved,2015-09-23,MESOS-3499,2,0,1160.24,Artem Harutyunyan,1
Add implementation for sha256 based file content verification.,containerization,3.0,Major,Task,2015,9,1,Mesos,Resolved,2015-09-22,MESOS-3497,1,1,1160.53,Jojy Varghese,1
Create interface for digest verifier,containerization,2.0,Major,Task,2015,9,3,Mesos,Resolved,2015-09-22,MESOS-3496,1,1,1160.53,Jojy Varghese,1
Expose maintenance user doc via the documentation home page,documentation,1.0,Trivial,Task,2015,9,2,Mesos,Resolved,2015-09-22,MESOS-3492,1,1,1160.73,Joseph Wu,1
Enable ubuntu builds in ASF CI,,1.0,Major,Task,2015,9,7,Mesos,Resolved,2015-09-22,MESOS-3491,1,0,0.98,Isabel Jimenez,1
Mesos UI fails to represent JSON entities,stout,1.0,Major,Bug,2015,9,2,Mesos,Resolved,2015-09-22,MESOS-3490,1,1,1160.81,Joseph Wu,1
Add support for exposing Accept/Decline responses for inverse offers,,2.0,Major,Bug,2015,9,5,Mesos,Resolved,2015-09-22,MESOS-3489,1,0,1160.84,Joseph Wu,1
Make hook execution order deterministic,modules,3.0,Major,Improvement,2015,9,4,Mesos,Resolved,2015-09-21,MESOS-3485,0,1,119.43,haosdent,0
LinuxFilesystemIsolator should make the slave's work_dir a shared mount.,,3.0,Major,Bug,2015,9,6,Mesos,Resolved,2015-09-21,MESOS-3483,0,0,0.27,Jie Yu,0
Refactor Executor struct in Slave to handle HTTP based executors,,3.0,Major,Task,2015,9,2,Mesos,Resolved,2015-09-21,MESOS-3480,0,0,1161.85,Anand Mazumdar,1
Refactor Status Update method on Agent to handle HTTP based Executors,,8.0,Major,Task,2015,9,2,Mesos,Resolved,2015-09-20,MESOS-3476,6,0,1162.71,Anand Mazumdar,1
TestContainerizer should not modify global environment variables.,,8.0,Major,Bug,2015,9,9,Mesos,Resolved,2015-09-20,MESOS-3475,6,0,1162.76,Andrei Budnik,1
RegistryTokenTest.ExpiredToken test is flaky,,3.0,Major,Bug,2015,9,7,Mesos,Resolved,2015-09-20,MESOS-3472,6,0,1163.49,Neil Conway,2
UserCgroupIsolatorTest failed on CentOS 6.6,,1.0,Major,Bug,2015,9,3,Mesos,Resolved,2015-09-19,MESOS-3470,5,0,1163.71,haosdent,1
Improve apply_reviews.sh script to apply chain of reviews,,8.0,Major,Improvement,2015,9,8,Mesos,Resolved,2015-09-18,MESOS-3468,4,0,1164.55,Artem Harutyunyan,1
Add metrics for filesystem isolation and image provisioning.,,2.0,Major,Task,2015,9,2,Mesos,Resolved,2015-09-18,MESOS-3466,4,0,5.08,Yan Xu,1
Change /machine/up and /machine/down endpoints to take an array,master,1.0,Major,Task,2015,9,1,Mesos,Resolved,2015-09-17,MESOS-3459,3,1,1165.53,Joseph Wu,1
Segfault when accepting or declining inverse offers,master,1.0,Blocker,Bug,2015,9,1,Mesos,Resolved,2015-09-17,MESOS-3458,3,1,0.88,Joseph Wu,1
Add flag to disable hostname lookup,,3.0,Major,Improvement,2015,9,3,Mesos,Resolved,2015-09-17,MESOS-3457,3,0,1165.57,Marco Massenzio,1
Windows: Port protobuf_tests.hpp,stout,2.0,Major,Task,2015,9,2,Mesos,Resolved,2015-09-16,MESOS-3443,2,1,1167.21,Alex Clemmer,3
Unmount irrelevant host mounts in the new container's mount namespace.,,3.0,Major,Task,2015,9,2,Mesos,Resolved,2015-09-15,MESOS-3433,1,0,2.07,Yan Xu,1
Unify the implementations of the image provisioners.,,5.0,Major,Task,2015,9,2,Mesos,Resolved,2015-09-15,MESOS-3432,1,0,1.21,Jie Yu,0
LinuxFilesystemIsolatorTest.ROOT_PersistentVolumeWithoutRootFilesystem fails on CentOS 7.1,,2.0,Major,Bug,2015,9,14,Mesos,Resolved,2015-09-15,MESOS-3430,1,0,2.81,Jie Yu,2
Support running filesystem isolation with Command Executor in MesosContainerizer,containerization,4.0,Major,Bug,2015,9,1,Mesos,Resolved,2015-09-14,MESOS-3428,0,1,1168.65,Timothy Chen,1
process::collect and process::await do not perform discard propagation.,libprocess,3.0,Major,Bug,2015,9,3,Mesos,Resolved,2015-09-14,MESOS-3426,0,1,0.95,Benjamin Mahler,0
Modify LinuxLauncher to support Systemd,,8.0,Major,Task,2015,9,2,Mesos,Resolved,2015-09-14,MESOS-3425,0,0,1168.68,Joris Van Remoortere,1
Support fetching AppC images into the store,containerization,5.0,Major,Task,2015,9,2,Mesos,Resolved,2015-09-14,MESOS-3424,0,1,1168.74,Jojy Varghese,3
Perf event isolator stops performing sampling if a single timeout occurs.,"agent,containerization",3.0,Major,Bug,2015,9,4,Mesos,Resolved,2015-09-14,MESOS-3423,0,2,1.03,Benjamin Mahler,1
Factor out V1 API test helper functions,,2.0,Major,Improvement,2015,9,2,Mesos,Resolved,2015-09-13,MESOS-3418,6,0,1169.66,Guangya Liu,4
Log source address replicated log recieved broadcasts,replicated log,2.0,Minor,Improvement,2015,9,3,Mesos,Resolved,2015-09-12,MESOS-3417,5,1,1171.27,Neil Conway,2
Publish egg for 0.24.0 to PyPI,,1.0,Major,Task,2015,9,11,Mesos,Resolved,2015-09-11,MESOS-3416,4,0,2.88,Vinod Kone,0
Docker containerizer does not symlink persistent volumes into sandbox,"agent,containerization,docker",5.0,Major,Bug,2015,9,19,Mesos,Resolved,2015-09-11,MESOS-3413,4,3,1171.95,Timothy Chen,3
mesos-execute does not support credentials,,2.0,Major,Bug,2015,9,5,Mesos,Resolved,2015-09-10,MESOS-3402,3,0,225.83,Tim Anderegg,0
Remove unused executor protobuf,HTTP API,1.0,Major,Task,2015,9,2,Mesos,Resolved,2015-09-08,MESOS-3393,1,1,1174.6,Isabel Jimenez,1
Document a test pattern for expediting event firing,"documentation,test",3.0,Minor,Documentation,2015,9,2,Mesos,Resolved,2015-09-07,MESOS-3378,0,2,1175.84,Alex R,1
Add executor protobuf to v1,HTTP API,1.0,Major,Task,2015,9,2,Mesos,Resolved,2015-09-05,MESOS-3375,5,1,11.77,Isabel Jimenez,0
Add device support in cgroups abstraction,,3.0,Major,Task,2015,9,7,Mesos,Resolved,2015-09-04,MESOS-3368,4,0,206.32,Abhishek Dasgupta,1
Export per container SNMP statistics,,5.0,Major,Task,2015,9,3,Mesos,Resolved,2015-09-04,MESOS-3365,4,0,167.67,Cong Wang,1
Update quota design doc based on user comments and offline syncs,,3.0,Major,Documentation,2015,9,0,Mesos,Resolved,2015-09-02,MESOS-3357,2,0,1180.98,Alex R,1
Scope out approaches to deal with logging to finite disks (i.e. log rotation|capped-size logging).,documentation,5.0,Major,Task,2015,9,0,Mesos,Resolved,2015-09-01,MESOS-3356,1,1,1181.66,Joseph Wu,2
Problem Statement Summary for Systemd Cgroup Launcher,,5.0,Major,Task,2015,9,6,Mesos,Resolved,2015-09-01,MESOS-3352,1,0,1181.88,Joris Van Remoortere,3
Removing mount point fails with EBUSY in LinuxFilesystemIsolator.,test,5.0,Major,Bug,2015,9,28,Mesos,Resolved,2015-09-01,MESOS-3349,1,1,13.88,Jie Yu,1
Add either log rotation or capped-size logging (for tasks),,13.0,Major,Story,2015,9,3,Mesos,Resolved,2015-09-01,MESOS-3348,1,0,1182.49,Joseph Wu,1
Add filter support for inverse offers,,5.0,Major,Task,2015,8,5,Mesos,Resolved,2015-08-31,MESOS-3346,0,0,1182.54,Artem Harutyunyan,1
Expand the range of integer precision when converting into/out of json.,stout,5.0,Minor,Task,2015,8,9,Mesos,Resolved,2015-08-31,MESOS-3345,0,1,1182.6,Joseph Wu,3
Command-line flags should take precedence over OS Env variables,stout,2.0,Major,Improvement,2015,8,10,Mesos,Resolved,2015-08-31,MESOS-3340,0,1,1182.76,Klaus Ma,2
Implement filtering mechanism for (Scheduler API Events) Testing,test,3.0,Major,Task,2015,8,7,Mesos,Resolved,2015-08-31,MESOS-3339,0,1,1182.83,Anand Mazumdar,1
Refactored libprocess SSL tests.,,3.0,Major,Task,2015,8,5,Mesos,Resolved,2015-08-31,MESOS-3337,0,0,1182.91,Jojy Varghese,1
FlagsBase copy-ctor leads to dangling pointer.,,8.0,Major,Bug,2015,8,7,Mesos,Resolved,2015-08-30,MESOS-3335,6,0,1184.32,Benjamin Bannier,1
Support HTTP Pipelining in libprocess (http::post),libprocess,8.0,Major,Task,2015,8,2,Mesos,Resolved,2015-08-28,MESOS-3332,4,1,38.16,Benjamin Mahler,1
Make use of C++11 atomics,,2.0,Major,Bug,2015,8,8,Mesos,Resolved,2015-08-28,MESOS-3326,4,0,1186.51,Neil Conway,1
Spurious fetcher message about extracting an archive,fetcher,1.0,Trivial,Bug,2015,8,2,Mesos,Resolved,2015-08-26,MESOS-3321,2,1,1187.69,Bernd Mathiske,2
Mesos will not build when configured with gperftools enabled,,2.0,Major,Bug,2015,8,6,Mesos,Resolved,2015-08-26,MESOS-3319,2,0,244.07,Greg Mann,1
Factor out JSON to repeated protobuf conversion,,2.0,Major,Improvement,2015,8,2,Mesos,Resolved,2015-08-26,MESOS-3312,2,0,1188.41,Alex R,1
SlaveTest.HTTPSchedulerSlaveRestart,test,2.0,Major,Bug,2015,8,3,Mesos,Resolved,2015-08-25,MESOS-3311,1,1,7.02,Anand Mazumdar,2
Support provisioning images specified in volumes.,,3.0,Major,Task,2015,8,2,Mesos,Resolved,2015-08-24,MESOS-3310,0,0,2.07,Jie Yu,0
Define the container rootfs directories within the slave work_dir.,,2.0,Major,Task,2015,8,2,Mesos,Resolved,2015-08-24,MESOS-3308,0,0,6.99,Yan Xu,1
Configurable size of completed task / framework history,,3.0,Major,Bug,2015,8,26,Mesos,Resolved,2015-08-24,MESOS-3307,0,0,1189.81,Kevin Klues,1
Remove remnants of LIBPROCESS_STATISTICS_WINDOW,,1.0,Trivial,Improvement,2015,8,2,Mesos,Resolved,2015-08-21,MESOS-3304,4,0,1192.52,Greg Mann,2
Add a protobuf to represent time with integer precision.,,1.0,Major,Task,2015,8,2,Mesos,Resolved,2015-08-19,MESOS-3299,2,0,8.05,Joseph Wu,0
Failing ROOT_ tests on CentOS 7.1 - MesosContainerizerLaunchTest,"containerization,docker,test",5.0,Blocker,Bug,2015,8,1,Mesos,Resolved,2015-08-18,MESOS-3297,1,3,3.02,Greg Mann,2
Failing ROOT_ tests on CentOS 7.1 - LinuxFilesystemIsolatorTest,"containerization,docker,test",5.0,Blocker,Bug,2015,8,10,Mesos,Resolved,2015-08-18,MESOS-3296,1,3,92.09,Greg Mann,2
Failing ROOT_ tests on CentOS 7.1 - ContainerizerTest,"containerization,docker,test",5.0,Blocker,Bug,2015,8,3,Mesos,Resolved,2015-08-18,MESOS-3295,1,3,26.69,Marco Massenzio,2
Failing ROOT_ tests on CentOS 7.1 - UserCgroupIsolatorTest,"containerization,docker,test",5.0,Blocker,Bug,2015,8,4,Mesos,Resolved,2015-08-18,MESOS-3294,1,3,9.02,Timothy Chen,2
Failing ROOT_ tests on CentOS 7.1 - LimitedCpuIsolatorTest,"containerization,docker,test",5.0,Blocker,Bug,2015,8,6,Mesos,Resolved,2015-08-18,MESOS-3293,1,3,78.02,Jian Qiu,2
Master should drop HTTP calls when it's recovering,,3.0,Major,Bug,2015,8,2,Mesos,Resolved,2015-08-18,MESOS-3290,1,0,0.06,Vinod Kone,0
Add DockerRegistry unit tests,docker,5.0,Major,Task,2015,8,2,Mesos,Resolved,2015-08-18,MESOS-3289,1,1,1195.8,Jojy Varghese,1
Implement docker registry client,docker,5.0,Major,Task,2015,8,3,Mesos,Resolved,2015-08-18,MESOS-3288,1,1,1195.81,Jojy Varghese,1
downloadWithHadoop tries to access Error() for a valid Try<bool>,,1.0,Major,Bug,2015,8,2,Mesos,Resolved,2015-08-18,MESOS-3287,1,0,1196.19,Marco Massenzio,2
JSON representation of Protobuf should use base64 encoding for 'bytes' fields.,stout,3.0,Major,Bug,2015,8,2,Mesos,Resolved,2015-08-17,MESOS-3284,0,1,0.07,Benjamin Mahler,1
Create a user doc for Scheduler HTTP API,,3.0,Major,Documentation,2015,8,2,Mesos,Resolved,2015-08-17,MESOS-3281,0,0,0.43,Vinod Kone,0
Master fails to access replicated log after network partition,"master,replicated log",8.0,Major,Bug,2015,8,8,Mesos,Resolved,2015-08-17,MESOS-3280,0,2,1196.84,Neil Conway,1
EventCall Test Framework is flaky,HTTP API,5.0,Major,Bug,2015,8,24,Mesos,Resolved,2015-08-16,MESOS-3273,6,1,176.17,Anand Mazumdar,3
JSON serialization/deserialization of bytes is incorrect,,2.0,Major,Bug,2015,8,2,Mesos,Resolved,2015-08-14,MESOS-3267,4,0,0.12,Vinod Kone,0
Stopping/Completing maintenance needs to reactivate agents.,"agent,master",5.0,Major,Task,2015,8,2,Mesos,Resolved,2015-08-14,MESOS-3266,4,2,1199.56,Joris Van Remoortere,1
Starting maintenance needs to deactivate agents and kill tasks.,"agent,master",8.0,Major,Task,2015,8,2,Mesos,Resolved,2015-08-14,MESOS-3265,4,2,1199.56,Joris Van Remoortere,1
HTTPTest.NestedGet is flaky,,2.0,Major,Bug,2015,8,2,Mesos,Resolved,2015-08-14,MESOS-3262,4,0,0.05,Vinod Kone,0
Cgroup CHECK fails test harness,test,2.0,Major,Bug,2015,8,3,Mesos,Resolved,2015-08-12,MESOS-3254,2,1,33.74,Paul Brett,0
Ignore no statistics condition for containers with no qdisc,containerization,2.0,Major,Bug,2015,8,2,Mesos,Resolved,2015-08-11,MESOS-3252,1,1,1.4,Paul Brett,0
"http::get API evaluates ""host"" wrongly",libprocess,1.0,Major,Bug,2015,8,2,Mesos,Resolved,2015-08-11,MESOS-3251,1,1,1202.74,Jojy Varghese,1
HTTP requests with nested path are not properly handled by libprocess,,2.0,Major,Bug,2015,8,2,Mesos,Resolved,2015-08-07,MESOS-3237,4,0,4.0,Vinod Kone,0
Updated slave task label decorator hook to pass in ExecutorInfo.,,1.0,Major,Task,2015,8,2,Mesos,Resolved,2015-08-07,MESOS-3236,4,0,3.89,Kapil Arya,0
Implement image chroot support into command executor,containerization,3.0,Major,Improvement,2015,8,1,Mesos,Resolved,2015-08-07,MESOS-3227,4,1,1207.45,Timothy Chen,1
some variables in version.hpp use `Type &var` instead of `Type& var`,,1.0,Minor,Bug,2015,8,1,Mesos,Resolved,2015-08-07,MESOS-3225,4,0,1207.48,Benjamin Mahler,2
Implement token manager for docker registry,"containerization,docker",4.0,Major,Task,2015,8,1,Mesos,Resolved,2015-08-06,MESOS-3223,3,2,1207.64,Jojy Varghese,1
Implement docker registry client,"containerization,docker",5.0,Major,Task,2015,8,2,Mesos,Resolved,2015-08-06,MESOS-3222,3,2,1207.65,Jojy Varghese,1
Design doc for docker registry token manager,"containerization,docker",2.0,Major,Task,2015,8,1,Mesos,Resolved,2015-08-05,MESOS-3213,2,2,1208.66,Jojy Varghese,1
As a Java developer I want a simple way to obtain information about Master from ZooKeeper,,2.0,Major,Story,2015,8,1,Mesos,Resolved,2015-08-05,MESOS-3212,2,0,1208.73,Marco Massenzio,1
As a Python developer I want a simple way to obtain information about Master from ZooKeeper,,2.0,Major,Story,2015,8,1,Mesos,Resolved,2015-08-05,MESOS-3211,2,0,1208.73,Marco Massenzio,1
C++ style guide is not rendered correctly (code section syntax disregarded),"project website,webui",1.0,Minor,Bug,2015,8,6,Mesos,Resolved,2015-08-05,MESOS-3207,2,2,1209.13,Bernd Mathiske,1
No need to checkpoint container root filesystem path.,,3.0,Major,Task,2015,8,2,Mesos,Resolved,2015-08-04,MESOS-3205,1,0,3.02,Jie Yu,0
MasterAuthorizationTest.DuplicateRegistration test is flaky,test,1.0,Major,Bug,2015,8,3,Mesos,Resolved,2015-08-04,MESOS-3203,1,1,2.07,Vinod Kone,0
Libev handle_async can deadlock with run_in_event_loop,libprocess,3.0,Blocker,Bug,2015,8,5,Mesos,Resolved,2015-08-04,MESOS-3201,1,1,13.22,Joris Van Remoortere,2
Remove unused 'fatal' and 'fatalerror' macros,"libprocess,stout",1.0,Major,Task,2015,8,2,Mesos,Resolved,2015-08-04,MESOS-3200,1,2,0.77,Michael Park,0
Validate Quota Requests.,,3.0,Major,Task,2015,8,3,Mesos,Resolved,2015-08-04,MESOS-3199,1,0,1209.95,Jörg Schad,1
"MemIsolatorTest/{0,1}.MemUsage fails on OS X",test,2.0,Major,Bug,2015,8,2,Mesos,Resolved,2015-08-03,MESOS-3197,0,1,1210.53,Artem Harutyunyan,1
Always set TaskStatus.executor_id when sending a status update message from Executor,,1.0,Major,Task,2015,8,6,Mesos,Resolved,2015-08-03,MESOS-3196,0,0,1210.56,Kapil Arya,1
Fix master metrics for scheduler calls,,3.0,Major,Bug,2015,8,2,Mesos,Resolved,2015-08-03,MESOS-3195,0,0,5.23,Vinod Kone,0
Implement a 'read-only' AppC Image Store,,5.0,Major,Task,2015,8,2,Mesos,Resolved,2015-08-03,MESOS-3194,0,0,10.12,Yan Xu,1
ContainerInfo::Image::AppC::id should be optional,,1.0,Major,Bug,2015,8,2,Mesos,Resolved,2015-08-03,MESOS-3192,0,0,10.12,Yan Xu,1
Implement a utility for computing hash,,2.0,Major,Task,2015,8,3,Mesos,Resolved,2015-08-03,MESOS-3191,0,0,1210.7,Jojy Varghese,1
TimeTest.Now fails with --enable-libevent,libprocess,2.0,Major,Bug,2015,8,5,Mesos,Resolved,2015-08-03,MESOS-3189,0,1,1210.71,Joris Van Remoortere,4
Refactor Subprocess logic in linux/perf.cpp to use common subroutine,agent,3.0,Major,Bug,2015,7,8,Mesos,Resolved,2015-07-31,MESOS-3185,4,1,44.89,Paul Brett,0
Make Master::registerFramework() and Master::reregisterFramework() call into Master::subscribe(),,3.0,Major,Improvement,2015,7,2,Mesos,Resolved,2015-07-30,MESOS-3182,3,0,4.76,Vinod Kone,0
Create a test abstraction for preparing test rootfs.,,3.0,Major,Task,2015,7,2,Mesos,Resolved,2015-07-30,MESOS-3179,3,0,8.09,Jie Yu,0
Perform a self bind mount of rootfs itself in fs::chroot::enter.,,2.0,Major,Bug,2015,7,2,Mesos,Resolved,2015-07-30,MESOS-3178,3,0,3.83,Jie Yu,0
Fetcher logs erroneous message when successfully extracting an archive,fetcher,1.0,Minor,Bug,2015,7,3,Mesos,Resolved,2015-07-30,MESOS-3174,3,1,31.93,Guangya Liu,1
"Mark Path::basename, Path::dirname as const functions.",stout,1.0,Trivial,Improvement,2015,7,2,Mesos,Resolved,2015-07-29,MESOS-3173,2,1,1215.92,Jan Schlicht,2
Fetcher Tests use EXPECT while subsequent logic relies on the outcome.,,1.0,Minor,Bug,2015,7,2,Mesos,Resolved,2015-07-29,MESOS-3171,2,0,1215.97,Jörg Schad,1
FrameworkInfo should only be updated if the re-registration is valid,master,2.0,Major,Bug,2015,7,7,Mesos,Resolved,2015-07-29,MESOS-3169,2,1,1216.18,Guangya Liu,4
MesosZooKeeperTest fixture can have side effects across tests,test,2.0,Major,Bug,2015,7,6,Mesos,Resolved,2015-07-28,MESOS-3168,1,1,0.15,Vinod Kone,0
Design doc for versioning the HTTP API,,3.0,Major,Documentation,2015,7,1,Mesos,Resolved,2015-07-28,MESOS-3167,1,0,12.96,Vinod Kone,0
Design doc for docker image registry client,containerization,3.0,Major,Bug,2015,7,1,Mesos,Resolved,2015-07-28,MESOS-3166,1,1,1216.78,Jojy Varghese,1
Persist and recover quota to/from Registry,"master,replicated log",5.0,Major,Task,2015,7,2,Mesos,Resolved,2015-07-28,MESOS-3165,1,2,1216.8,Alex R,1
Introduce QuotaInfo message,master,3.0,Major,Task,2015,7,5,Mesos,Resolved,2015-07-28,MESOS-3164,1,1,1216.81,Jörg Schad,1
Provide a means to check http connection equality for streaming connections.,libprocess,3.0,Major,Task,2015,7,2,Mesos,Resolved,2015-07-28,MESOS-3162,1,1,0.9,Benjamin Mahler,1
Libprocess Process: Join runqueue workers during finalization,libprocess,3.0,Major,Improvement,2015,7,2,Mesos,Resolved,2015-07-27,MESOS-3158,0,1,1217.62,Greg Mann,4
"Enable Mesos Agent Node to use arbitrary script / module to figure out IP, HOSTNAME",agent,1.0,Major,Story,2015,7,3,Mesos,Resolved,2015-07-27,MESOS-3154,0,1,1217.75,Marco Massenzio,1
Need for HTTP delete requests,,1.0,Major,Improvement,2015,7,2,Mesos,Resolved,2015-07-27,MESOS-3152,0,0,1217.95,Jörg Schad,1
Resolve issue with hanging tests with Zookeeper,,1.0,Major,Bug,2015,7,2,Mesos,Resolved,2015-07-25,MESOS-3148,5,0,1220.48,Marco Massenzio,3
Add a new API call to the allocator to update available resources,,8.0,Major,Task,2015,7,2,Mesos,Resolved,2015-07-24,MESOS-3146,4,0,1220.62,Michael Park,1
Using a unresolvable hostname crashes the framework on registration,,1.0,Major,Task,2015,7,2,Mesos,Resolved,2015-07-24,MESOS-3145,4,0,1220.63,Michael Park,1
Update Homebrew formula for Mesos (Mac OSX),,1.0,Trivial,Task,2015,7,6,Mesos,Resolved,2015-07-24,MESOS-3144,4,0,1220.71,Marco Massenzio,2
Disable endpoints rule fails to recognize HTTP path delegates,"agent,libprocess,master",2.0,Major,Bug,2015,7,2,Mesos,Resolved,2015-07-24,MESOS-3143,4,3,1221.09,haosdent,3
As a Developer I want a better way to run shell commands,stout,2.0,Major,Story,2015,7,3,Mesos,Resolved,2015-07-24,MESOS-3142,4,1,1221.25,Marco Massenzio,2
Compiler warning when mocking function type has an enum return type.,,3.0,Major,Bug,2015,7,10,Mesos,Resolved,2015-07-24,MESOS-3141,4,0,1221.46,haosdent,1
Implement Docker remote puller,,5.0,Major,Improvement,2015,7,2,Mesos,Resolved,2015-07-23,MESOS-3140,3,0,1221.66,Jojy Varghese,1
Incorporate CMake into standard documentation,cmake,13.0,Major,Task,2015,7,26,Mesos,Resolved,2015-07-23,MESOS-3139,3,1,1221.71,Alex Clemmer,4
PersistentVolumeTest.SlaveRecovery test fails on OSX,,2.0,Major,Bug,2015,7,4,Mesos,Resolved,2015-07-23,MESOS-3138,3,0,0.46,Jie Yu,1
Publish MasterInfo to ZK using JSON,master,2.0,Major,Story,2015,7,2,Mesos,Resolved,2015-07-23,MESOS-3135,3,1,1222.23,Marco Massenzio,1
Port bootstrap to CMake,cmake,5.0,Major,Bug,2015,7,2,Mesos,Resolved,2015-07-23,MESOS-3134,3,1,1222.28,Alex Clemmer,3
Isolator::prepare() should return Executor environment vars as well,,2.0,Major,Task,2015,7,2,Mesos,Resolved,2015-07-23,MESOS-3133,3,0,1222.35,Kapil Arya,1
Allow slave to forward messages through the master for HTTP schedulers.,"agent,master",5.0,Major,Task,2015,7,2,Mesos,Resolved,2015-07-22,MESOS-3132,2,2,2.01,Benjamin Mahler,1
Master should send heartbeats on the subscription connection,,3.0,Major,Task,2015,7,4,Mesos,Resolved,2015-07-22,MESOS-3131,2,0,22.05,Vinod Kone,0
Custom isolators should implement Isolator instead of IsolatorProcess.,,3.0,Major,Task,2015,7,2,Mesos,Resolved,2015-07-22,MESOS-3130,2,0,1.99,Jie Yu,0
Move all MesosContainerizer related files under src/slave/containerizer/mesos,containerization,2.0,Major,Task,2015,7,2,Mesos,Resolved,2015-07-22,MESOS-3129,2,1,1222.77,Gilbert Song,1
Improve task reconciliation documentation.,documentation,1.0,Minor,Improvement,2015,7,2,Mesos,Resolved,2015-07-22,MESOS-3127,2,1,1223.12,Jan Schlicht,1
Updating persistent volumes after slave restart is problematic.,,3.0,Major,Bug,2015,7,2,Mesos,Resolved,2015-07-22,MESOS-3124,2,0,0.95,Jie Yu,0
Add configurable UNIMPLEMENTED macro to stout,stout,2.0,Major,Improvement,2015,7,2,Mesos,Resolved,2015-07-21,MESOS-3122,1,1,1223.68,Joris Van Remoortere,2
Always disable SSLV2,libprocess,2.0,Major,Bug,2015,7,2,Mesos,Resolved,2015-07-21,MESOS-3121,1,1,1223.68,Joris Van Remoortere,2
Remove pthread specific code from Mesos,libprocess,3.0,Major,Improvement,2015,7,2,Mesos,Resolved,2015-07-21,MESOS-3120,1,1,1223.69,Joris Van Remoortere,2
Remove pthread specific code from Libprocess,libprocess,3.0,Major,Improvement,2015,7,6,Mesos,Resolved,2015-07-21,MESOS-3119,1,1,1223.69,Joris Van Remoortere,3
Remove pthread specific code from Stout,stout,3.0,Major,Improvement,2015,7,1,Mesos,Resolved,2015-07-21,MESOS-3118,1,1,1223.69,Joris Van Remoortere,3
Pass ContainerId into `slaveExecutorEnvironmentDecorator` hook,,1.0,Major,Task,2015,7,2,Mesos,Resolved,2015-07-21,MESOS-3117,1,0,1223.8,Kapil Arya,1
Pass ExecutorInfo argument into Isolator::isolate().,,2.0,Major,Task,2015,7,0,Mesos,Resolved,2015-07-21,MESOS-3116,1,0,1223.78,Kapil Arya,1
"Convert mesos::slave::{Limitation,ExecutorRunState} into protobufs.",,1.0,Major,Task,2015,7,2,Mesos,Resolved,2015-07-21,MESOS-3115,1,0,1223.78,Kapil Arya,1
Fetcher should perform cache eviction based on cache file usage patterns.,fetcher,8.0,Major,Improvement,2015,7,5,Mesos,Resolved,2015-07-21,MESOS-3112,1,1,1224.04,Jan Schlicht,2
Harden the CMake system-dependency-locating routines,cmake,3.0,Major,Task,2015,7,2,Mesos,Resolved,2015-07-21,MESOS-3110,1,1,804.73,John Kordich,2
Expand CMake build system to support building the containerizer and associated components,cmake,3.0,Major,Task,2015,7,1,Mesos,Resolved,2015-07-21,MESOS-3109,1,1,496.97,Alex Clemmer,2
Define CMake style guide,cmake,3.0,Major,Task,2015,7,3,Mesos,Resolved,2015-07-21,MESOS-3107,1,1,813.76,Andrew Schwartzmeyer,2
Extend CMake build system to support building against third-party libraries from either the system or the local Mesos rebundling,cmake,5.0,Major,Task,2015,7,1,Mesos,Resolved,2015-07-21,MESOS-3106,1,1,1224.48,Alex Clemmer,4
Separate OS-specific code in the libprocess library,libprocess,5.0,Major,Task,2015,7,2,Mesos,Resolved,2015-07-20,MESOS-3103,0,1,1224.54,Alex Clemmer,1
Separate OS-specific code in the stout library,stout,5.0,Major,Task,2015,7,3,Mesos,Resolved,2015-07-20,MESOS-3102,0,1,1224.54,Joseph Wu,1
Standardize separation of Windows/Linux-specific OS code,stout,3.0,Major,Task,2015,7,3,Mesos,Resolved,2015-07-20,MESOS-3101,0,1,1224.55,Joseph Wu,1
Validation of Docker Image Manifests from Docker Registry,,3.0,Major,Improvement,2015,7,2,Mesos,Resolved,2015-07-20,MESOS-3099,0,0,1224.57,Gilbert Song,1
Implement WindowsContainerizer and WindowsDockerContainerizer,containerization,13.0,Major,Task,2015,7,9,Mesos,Resolved,2015-07-20,MESOS-3098,0,1,1224.59,Joseph Wu,2
OS-specific code touched by the containerizer tests is not Windows compatible,"libprocess,stout",13.0,Minor,Story,2015,7,2,Mesos,Resolved,2015-07-20,MESOS-3097,0,2,1224.58,Daniel Pravat,2
Authentication for Communicating with Docker Registry,,5.0,Major,Improvement,2015,7,0,Mesos,Resolved,2015-07-20,MESOS-3096,0,0,1224.57,Jojy Varghese,1
PoC running command executor with image provisioner,,3.0,Major,Improvement,2015,7,0,Mesos,Resolved,2015-07-20,MESOS-3095,0,0,1224.57,Timothy Chen,1
Support HTTPS requests in libprocess,"containerization,docker",3.0,Major,Improvement,2015,7,3,Mesos,Resolved,2015-07-20,MESOS-3093,0,2,1224.58,Jojy Varghese,1
Update scheduler library to send REQUEST call,,2.0,Major,Task,2015,7,2,Mesos,Resolved,2015-07-20,MESOS-3089,0,0,3.0,Vinod Kone,0
Update scheduler driver to send SUBSCRIBE call,,2.0,Major,Task,2015,7,1,Mesos,Resolved,2015-07-20,MESOS-3088,0,0,1.95,Vinod Kone,0
Typos in oversubscription doc,documentation,1.0,Trivial,Documentation,2015,7,2,Mesos,Resolved,2015-07-20,MESOS-3087,0,1,7.28,haosdent,1
Perf related tests rely on 'cycles' which might not always be present.,,5.0,Major,Bug,2015,7,4,Mesos,Resolved,2015-07-19,MESOS-3082,6,0,1225.76,Jan Schlicht,1
`sudo make distcheck` fails on Ubuntu 14.04 (and possibly other OSes too),,2.0,Blocker,Bug,2015,7,8,Mesos,Resolved,2015-07-18,MESOS-3079,5,0,15.94,Marco Massenzio,2
Registry recovery does not recover the maintenance object.,"master,replicated log",5.0,Major,Task,2015,7,1,Mesos,Resolved,2015-07-17,MESOS-3077,4,2,1227.63,Joseph Wu,1
Add Labels to TaskStatus and expose them via state.json,,2.0,Critical,Task,2015,7,2,Mesos,Resolved,2015-07-17,MESOS-3076,4,0,1227.68,Kapil Arya,1
Add capacity heuristic for quota requests in Master,,3.0,Major,Improvement,2015,7,2,Mesos,Resolved,2015-07-17,MESOS-3074,4,0,1227.9,Alex R,1
Introduce HTTP endpoints for Quota,,3.0,Major,Epic,2015,7,6,Mesos,Resolved,2015-07-17,MESOS-3073,4,0,182.36,Jörg Schad,1
Unify initialization of modularized components,modules,3.0,Major,Improvement,2015,7,4,Mesos,Resolved,2015-07-17,MESOS-3072,4,1,1228.12,Alexander Rojas,1
Registry operations do not exist for manipulating maintanence schedules,"master,replicated log",8.0,Major,Task,2015,7,2,Mesos,Resolved,2015-07-16,MESOS-3069,3,2,1228.74,Joseph Wu,1
Registry operations are hardcoded for a single key (Registry object),"master,replicated log",5.0,Major,Task,2015,7,4,Mesos,Resolved,2015-07-16,MESOS-3068,3,2,1228.76,Joseph Wu,1
Implement a streaming response decoder for events stream,,3.0,Major,Task,2015,7,5,Mesos,Resolved,2015-07-16,MESOS-3067,3,0,8.18,Benjamin Mahler,0
Replicated registry needs a representation of maintenance schedules,"master,replicated log",3.0,Major,Task,2015,7,6,Mesos,Resolved,2015-07-16,MESOS-3066,3,2,1228.76,Joseph Wu,1
Add framework authorization for persistent volume,,5.0,Major,Task,2015,7,5,Mesos,Resolved,2015-07-16,MESOS-3065,3,0,1228.81,Greg Mann,2
Add 'principal' field to 'Resource.DiskInfo.Persistence',,1.0,Major,Task,2015,7,11,Mesos,Resolved,2015-07-16,MESOS-3064,3,0,1228.83,Greg Mann,2
Add authorization for dynamic reservation,master,2.0,Major,Task,2015,7,7,Mesos,Resolved,2015-07-16,MESOS-3062,3,1,1228.84,Greg Mann,2
Expose docker container IP in Master's state.json,,2.0,Critical,Task,2015,7,2,Mesos,Resolved,2015-07-16,MESOS-3061,3,0,1228.9,Kapil Arya,1
FTP response code for success not recognized by fetcher.,fetcher,1.0,Major,Bug,2015,7,4,Mesos,Resolved,2015-07-16,MESOS-3060,3,1,1228.96,Jan Schlicht,2
Master doesn't properly handle SUBSCRIBE call,,2.0,Major,Bug,2015,7,2,Mesos,Resolved,2015-07-15,MESOS-3055,2,0,1.22,Vinod Kone,0
performance issues with port ranges comparison,allocation,8.0,Major,Bug,2015,7,10,Mesos,Resolved,2015-07-15,MESOS-3051,2,1,1230.3,Jörg Schad,1
Failing ROOT_ tests on CentOS 7.1,"containerization,docker,test",5.0,Blocker,Bug,2015,7,25,Mesos,Resolved,2015-07-15,MESOS-3050,2,3,36.71,Marco Massenzio,1
Stout's UUID re-seeds a new random generator during each call to UUID::random.,stout,3.0,Major,Bug,2015,7,18,Mesos,Resolved,2015-07-14,MESOS-3046,1,1,65.77,Klaus Ma,2
Maintenance information is not populated in case of failover,master,3.0,Major,Task,2015,7,4,Mesos,Resolved,2015-07-14,MESOS-3045,1,1,1230.64,Joseph Wu,1
Slaves are not deactivated upon reaching a maintenance window,master,8.0,Major,Task,2015,7,1,Mesos,Resolved,2015-07-14,MESOS-3044,1,1,1230.73,Artem Harutyunyan,1
Master does not handle InverseOffers in the Accept call (Event/Call API),master,3.0,Major,Task,2015,7,2,Mesos,Resolved,2015-07-14,MESOS-3043,1,1,1230.74,Joris Van Remoortere,1
Master/Allocator does not send InverseOffers to resources to be maintained,"allocation,master",8.0,Major,Task,2015,7,2,Mesos,Resolved,2015-07-14,MESOS-3042,1,2,1230.75,Joris Van Remoortere,1
Allow executors binding IP to be different than Slave binding IP.,,2.0,Critical,Improvement,2015,7,1,Mesos,Resolved,2015-07-14,MESOS-3039,1,0,1231.46,Kapil Arya,1
"Resource offers do not contain Unavailability, given a maintenance schedule","allocation,master",8.0,Major,Task,2015,7,2,Mesos,Resolved,2015-07-14,MESOS-3038,1,2,1231.48,Joris Van Remoortere,1
Add a SUPPRESS call to the scheduler,,3.0,Major,Improvement,2015,7,12,Mesos,Resolved,2015-07-13,MESOS-3037,0,0,66.98,Guangya Liu,1
Document containerizer launch ,containerization,3.0,Minor,Documentation,2015,7,4,Mesos,Resolved,2015-07-13,MESOS-3032,0,1,1231.74,Jojy Varghese,3
0.22.x scheduler driver drops 0.23.x reconciliation status updates due to missing StatusUpdate.uuid.,,3.0,Blocker,Bug,2015,7,2,Mesos,Resolved,2015-07-09,MESOS-3025,3,0,0.17,Benjamin Mahler,1
HTTP endpoint authN is enabled merely by specifying --credentials,"master,security",8.0,Major,Bug,2015,7,9,Mesos,Resolved,2015-07-09,MESOS-3024,3,2,1236.23,Till Toenshoff,3
Factoring out the pattern for URL generation ,,1.0,Minor,Task,2015,7,14,Mesos,Resolved,2015-07-09,MESOS-3023,3,0,1236.27,Klaus Ma,3
Implement Docker Image Provisioner Reference Store,,3.0,Major,Improvement,2015,7,3,Mesos,Resolved,2015-07-08,MESOS-3021,2,0,1236.57,Timothy Chen,1
"Expose major, minor and patch components from stout Version  ",,1.0,Major,Improvement,2015,7,4,Mesos,Resolved,2015-07-08,MESOS-3020,2,0,1.01,Paul Brett,1
A mechanism for messages between Master modules and Slave modules,,8.0,Major,Task,2015,7,3,Mesos,Resolved,2015-07-08,MESOS-3018,2,0,1237.43,Kapil Arya,1
Make container-IP available via Master endpoint,,5.0,Major,Task,2015,7,0,Mesos,Resolved,2015-07-08,MESOS-3017,2,0,1237.44,Kapil Arya,1
Add task status update hooks for Master/Slave,,3.0,Major,Task,2015,7,1,Mesos,Resolved,2015-07-08,MESOS-3016,2,0,1237.44,Kapil Arya,1
Add hooks for Slave exits,,2.0,Major,Task,2015,7,8,Mesos,Resolved,2015-07-08,MESOS-3015,2,0,1237.46,Niklas Quarfot Nielsen,1
"Extend ContainerInfo to include ""NetworkInfo"" message",,2.0,Major,Task,2015,7,8,Mesos,Resolved,2015-07-08,MESOS-3013,2,0,1237.45,Kapil Arya,1
Support existing message passing optimization with Event/Call.,,1.0,Major,Task,2015,7,3,Mesos,Resolved,2015-07-08,MESOS-3012,2,0,9.83,Benjamin Mahler,1
Reproduce systemd cgroup behavior ,,5.0,Major,Task,2015,7,4,Mesos,Resolved,2015-07-07,MESOS-3009,1,0,1237.61,Joris Van Remoortere,1
Libevent SSL doesn't use EPOLL,libprocess,8.0,Major,Improvement,2015,7,0,Mesos,Resolved,2015-07-07,MESOS-3008,1,1,1450.1,Joris Van Remoortere,4
SSL tests can fail depending on hostname configuration,libprocess,3.0,Blocker,Bug,2015,7,3,Mesos,Resolved,2015-07-07,MESOS-3005,1,1,0.11,Joris Van Remoortere,4
Design support running the command executor with provisioned image for running a task in a container,containerization,5.0,Major,Improvement,2015,7,4,Mesos,Resolved,2015-07-07,MESOS-3004,1,1,1237.71,Timothy Chen,1
Rename Option<T>::get(const T& _t) to getOrElse() broke network isolator,containerization,1.0,Blocker,Bug,2015,7,4,Mesos,Resolved,2015-07-07,MESOS-3002,1,1,0.13,Joris Van Remoortere,1
"Create a ""demo"" HTTP API client",framework,8.0,Major,Bug,2015,7,1,Mesos,Resolved,2015-07-07,MESOS-3001,1,1,1237.75,Anand Mazumdar,1
SSL connection failure causes failed CHECK.,libprocess,3.0,Blocker,Bug,2015,7,2,Mesos,Resolved,2015-07-07,MESOS-2997,1,1,0.74,Joris Van Remoortere,3
Document  per container unique egress flow and network queueing statistics,"containerization,documentation",3.0,Major,Bug,2015,7,7,Mesos,Resolved,2015-07-06,MESOS-2993,0,2,2.0,Paul Brett,1
Compilation Error on Mac OS 10.10.4 with clang 3.5.0,"stout,test",1.0,Major,Bug,2015,7,10,Mesos,Resolved,2015-07-06,MESOS-2991,0,2,1238.96,Michael Park,1
Docker version output is not compatible with Mesos,docker,1.0,Major,Bug,2015,7,18,Mesos,Resolved,2015-07-02,MESOS-2986,3,1,1243.14,haosdent,1
Deprecating '.json' extension in files endpoints url,,1.0,Major,Improvement,2015,7,4,Mesos,Resolved,2015-07-02,MESOS-2984,3,0,1243.19,Isabel Jimenez,2
Deprecating '.json' extension in slave endpoints url,,1.0,Major,Improvement,2015,7,3,Mesos,Resolved,2015-07-02,MESOS-2983,3,0,1243.19,Isabel Jimenez,2
Allow runtime configuration to be returned from provisioner,,5.0,Major,Improvement,2015,7,3,Mesos,Resolved,2015-07-01,MESOS-2980,2,0,1243.72,Gilbert Song,1
SSL tests don't work with --gtest_shuffle,libprocess,3.0,Major,Bug,2015,7,1,Mesos,Resolved,2015-07-01,MESOS-2975,2,1,1.83,Joris Van Remoortere,2
SSL tests don't work with --gtest_repeat,libprocess,3.0,Major,Bug,2015,7,2,Mesos,Resolved,2015-07-01,MESOS-2973,2,1,1244.44,Joris Van Remoortere,3
Serialize Docker image spec as protobuf,,3.0,Major,Improvement,2015,7,10,Mesos,Resolved,2015-07-01,MESOS-2972,2,0,1244.49,Gilbert Song,1
Implement OverlayFS based provisioner backend,,5.0,Major,Improvement,2015,7,11,Mesos,Resolved,2015-07-01,MESOS-2971,2,0,1244.49,Shuai Lin,3
Implement shared copy based provisioner backend,containerization,3.0,Major,Improvement,2015,7,9,Mesos,Resolved,2015-07-01,MESOS-2968,2,1,1244.5,Timothy Chen,1
Missing doxygen documentation for libprocess socket interface ,libprocess,5.0,Major,Improvement,2015,6,3,Mesos,Resolved,2015-06-30,MESOS-2967,1,1,1244.63,Joseph Wu,4
socket::peer() and socket::address() might fail with SSL enabled,libprocess,5.0,Major,Improvement,2015,6,2,Mesos,Resolved,2015-06-30,MESOS-2966,1,1,1244.63,Joris Van Remoortere,1
Add implicit cast to string operator to Path.,stout,2.0,Minor,Improvement,2015,6,6,Mesos,Resolved,2015-06-30,MESOS-2965,1,1,1244.64,Joseph Wu,4
libprocess io does not support peek(),libprocess,3.0,Minor,Improvement,2015,6,2,Mesos,Resolved,2015-06-30,MESOS-2964,1,1,1244.64,Artem Harutyunyan,3
Configure Jenkins to build ssl,,5.0,Major,Improvement,2015,6,3,Mesos,Resolved,2015-06-30,MESOS-2963,1,0,1244.74,Joris Van Remoortere,3
Slave fails with Abort stacktrace when DNS cannot resolve hostname,agent,1.0,Major,Bug,2015,6,4,Mesos,Resolved,2015-06-30,MESOS-2962,1,1,1244.74,Marco Massenzio,1
Add cpuacct subsystem utils to cgroups,"containerization,docker",2.0,Major,Task,2015,6,8,Mesos,Resolved,2015-06-30,MESOS-2961,1,2,1244.8,Jojy Varghese,3
Update Call protobuf to move top level FrameworkInfo inside Subscribe,,3.0,Major,Improvement,2015,6,2,Mesos,Resolved,2015-06-29,MESOS-2958,0,0,13.94,Vinod Kone,0
Add version to MasterInfo,master,1.0,Major,Improvement,2015,6,3,Mesos,Resolved,2015-06-29,MESOS-2957,0,1,1245.68,Marco Massenzio,1
Stack trace in isolator tests on Linux VM,,1.0,Major,Bug,2015,6,1,Mesos,Resolved,2015-06-29,MESOS-2956,0,0,6.99,Paul Brett,0
Inefficient container usage collection,"containerization,docker",3.0,Major,Improvement,2015,6,2,Mesos,Resolved,2015-06-26,MESOS-2951,4,2,1248.75,Jojy Varghese,3
Implement current mesos Authorizer in terms of generalized Authorizer interface,"master,security",8.0,Major,Task,2015,6,1,Mesos,Resolved,2015-06-26,MESOS-2950,4,2,1248.91,Alexander Rojas,3
Draft design for generalized Authorizer interface,"master,security",3.0,Major,Task,2015,6,2,Mesos,Resolved,2015-06-26,MESOS-2949,4,2,1248.91,Alexander Rojas,3
"Authorizer Module: Implementation, Integration & Tests",,8.0,Major,Improvement,2015,6,2,Mesos,Resolved,2015-06-26,MESOS-2947,4,0,1249.0,Alexander Rojas,3
Authorizer Module: Interface design,,2.0,Major,Improvement,2015,6,3,Mesos,Resolved,2015-06-26,MESOS-2946,4,0,1249.0,Alexander Rojas,3
Use of EXPECT in test and relying on the checked condition afterwards.,test,1.0,Minor,Bug,2015,6,2,Mesos,Resolved,2015-06-26,MESOS-2944,4,1,1249.0,Jörg Schad,1
mesos fails to compile under mac when libssl and libevent are enabled,libprocess,2.0,Blocker,Bug,2015,6,8,Mesos,Resolved,2015-06-26,MESOS-2943,4,1,11.42,Joris Van Remoortere,1
Create documentation for using SSL,libprocess,5.0,Blocker,Documentation,2015,6,3,Mesos,Resolved,2015-06-25,MESOS-2942,3,1,10.84,Joris Van Remoortere,4
Reconciliation is expensive for large numbers of tasks.,master,3.0,Critical,Improvement,2015,6,15,Mesos,Resolved,2015-06-25,MESOS-2940,3,1,28.15,Benjamin Mahler,1
Testing the new workflow,,3.0,Major,Story,2015,6,3,Mesos,Resolved,2015-06-25,MESOS-2939,3,0,1249.77,Marco Massenzio,2
Linux docker inspect crashes,docker,1.0,Major,Bug,2015,6,2,Mesos,Resolved,2015-06-25,MESOS-2938,3,1,1249.78,Jojy Varghese,2
Initial design document for Quota support in Allocator.,documentation,5.0,Major,Documentation,2015,6,1,Mesos,Resolved,2015-06-25,MESOS-2937,3,1,1249.77,Alex R,1
Create a design document for Quota support in Master,documentation,8.0,Major,Documentation,2015,6,8,Mesos,Resolved,2015-06-25,MESOS-2936,3,1,1249.77,Alex R,1
Update stout #include headers,,2.0,Major,Improvement,2015,6,2,Mesos,Resolved,2015-06-24,MESOS-2928,2,0,29.06,Paul Brett,0
Invalid usage of ATOMIC_FLAG_INIT in member initialization,libprocess,1.0,Major,Bug,2015,6,6,Mesos,Resolved,2015-06-24,MESOS-2925,2,1,1.03,Paul Brett,0
Add move constructors / assignment to Future.,libprocess,3.0,Major,Improvement,2015,6,2,Mesos,Resolved,2015-06-24,MESOS-2922,2,1,950.12,Benjamin Mahler,0
Add move constructors / assignment to Result.,stout,3.0,Major,Improvement,2015,6,3,Mesos,Resolved,2015-06-24,MESOS-2921,2,1,938.91,Benjamin Mahler,0
Add move constructors / assignment to Try.,stout,3.0,Major,Improvement,2015,6,1,Mesos,Resolved,2015-06-24,MESOS-2920,2,1,937.75,Anand Mazumdar,0
Framework can overcommit oversubscribable resources during master failover.,,3.0,Critical,Bug,2015,6,2,Mesos,Resolved,2015-06-24,MESOS-2919,2,0,1.73,Jie Yu,1
Specify correct libnl version for configure check,"build,containerization",1.0,Blocker,Bug,2015,6,2,Mesos,Resolved,2015-06-23,MESOS-2917,1,2,0.89,Kapil Arya,1
Port mapping isolator should cleanup unknown orphan containers after all known orphan containers are recovered during recovery.,,3.0,Major,Bug,2015,6,3,Mesos,Resolved,2015-06-22,MESOS-2914,0,0,0.11,Jie Yu,0
Scheduler driver should send Call messages to the master,,8.0,Major,Task,2015,6,3,Mesos,Resolved,2015-06-22,MESOS-2913,0,0,27.96,Vinod Kone,0
Provide a Python library for master detection,,5.0,Major,Task,2015,6,3,Mesos,Resolved,2015-06-22,MESOS-2912,0,0,1252.69,Marco Massenzio,1
Add an Event message handler to scheduler library,,3.0,Major,Task,2015,6,1,Mesos,Resolved,2015-06-22,MESOS-2911,0,0,28.19,Anand Mazumdar,0
Add an Event message handler to scheduler driver,,8.0,Major,Task,2015,6,4,Mesos,Resolved,2015-06-22,MESOS-2910,0,0,25.03,Benjamin Mahler,0
Add version field to RegisterFrameworkMessage and ReregisterFrameworkMessage,,3.0,Major,Task,2015,6,2,Mesos,Resolved,2015-06-22,MESOS-2909,0,0,25.13,Benjamin Mahler,0
Agent : Create Basic Functionality to handle /call endpoint,,5.0,Major,Task,2015,6,4,Mesos,Resolved,2015-06-22,MESOS-2907,0,0,1252.74,Anand Mazumdar,2
Slave : Synchronous Validation for Calls,,3.0,Major,Task,2015,6,2,Mesos,Resolved,2015-06-22,MESOS-2906,0,0,1252.74,Isabel Jimenez,2
Add slave metric to count container launch failures,"agent,statistics",1.0,Major,Bug,2015,6,2,Mesos,Resolved,2015-06-20,MESOS-2904,5,2,3.89,Paul Brett,0
Network isolator should not fail when target state already exists,containerization,3.0,Critical,Bug,2015,6,4,Mesos,Resolved,2015-06-19,MESOS-2903,4,1,2.92,Paul Brett,0
"Enable Mesos to use arbitrary script / module to figure out IP, HOSTNAME","agent,master,modules",5.0,Critical,Improvement,2015,6,22,Mesos,Resolved,2015-06-19,MESOS-2902,4,3,1255.64,Marco Massenzio,1
Write tests for new JSON (ZooKeeper) functionality,,2.0,Major,Task,2015,6,8,Mesos,Resolved,2015-06-19,MESOS-2898,4,0,1255.85,Marco Massenzio,1
Add queue size metrics for the allocator.,"allocation,master",1.0,Critical,Task,2015,6,3,Mesos,Resolved,2015-06-18,MESOS-2893,3,2,0.08,Benjamin Mahler,1
Add benchmark for hierarchical allocator.,"allocation,master",3.0,Critical,Task,2015,6,2,Mesos,Resolved,2015-06-18,MESOS-2892,3,2,0.19,Jie Yu,1
Performance regression in hierarchical allocator.,"allocation,master",3.0,Blocker,Bug,2015,6,6,Mesos,Resolved,2015-06-18,MESOS-2891,3,2,2.89,Jie Yu,1
Sandbox URL doesn't work in web-ui when using SSL,webui,3.0,Critical,Bug,2015,6,2,Mesos,Resolved,2015-06-18,MESOS-2890,3,1,1256.68,Joris Van Remoortere,4
Add SSL switch to python configuration,,3.0,Major,Bug,2015,6,3,Mesos,Resolved,2015-06-18,MESOS-2889,3,0,1256.68,Artem Harutyunyan,1
Add SSL socket tests,libprocess,5.0,Major,Improvement,2015,6,1,Mesos,Resolved,2015-06-18,MESOS-2888,3,1,1256.68,Joris Van Remoortere,4
Capture some testing patterns we use in a doc,"documentation,test",1.0,Minor,Documentation,2015,6,3,Mesos,Resolved,2015-06-18,MESOS-2886,3,2,1256.86,Alex R,1
Allow isolators to specify required namespaces,containerization,5.0,Major,Task,2015,6,2,Mesos,Resolved,2015-06-18,MESOS-2884,3,1,1257.48,Kapil Arya,1
Do not call hook manager if no hooks installed,modules,2.0,Major,Improvement,2015,6,2,Mesos,Resolved,2015-06-17,MESOS-2883,2,1,0.01,Kapil Arya,0
Random recursive_mutex errors in when running make check,libprocess,1.0,Major,Bug,2015,6,4,Mesos,Resolved,2015-06-17,MESOS-2879,2,1,1257.84,Greg Mann,2
Convert PortMappingStatistics to use automatic JSON encoding/decoding,"containerization,test",2.0,Major,Bug,2015,6,2,Mesos,Resolved,2015-06-16,MESOS-2874,1,2,1.2,Paul Brett,1
style hook prevent's valid markdown files from getting committed,,1.0,Trivial,Bug,2015,6,6,Mesos,Resolved,2015-06-16,MESOS-2873,1,0,1259.04,Alexander Rojas,1
OversubscriptionTest.FixedResourceEstimator is flaky,,1.0,Major,Bug,2015,6,4,Mesos,Resolved,2015-06-13,MESOS-2869,5,0,2.22,Jie Yu,0
Slave should send oversubscribed resource information after master failover.,agent,3.0,Critical,Bug,2015,6,2,Mesos,Resolved,2015-06-12,MESOS-2866,4,1,2.96,Benjamin Mahler,1
"mesos-fetcher won't fetch uris which begin with a "" """,fetcher,2.0,Minor,Bug,2015,6,2,Mesos,Resolved,2015-06-11,MESOS-2862,3,1,1263.56,Artem Harutyunyan,2
Create the basic infrastructure to handle /scheduler endpoint,master,3.0,Major,Story,2015,6,4,Mesos,Resolved,2015-06-11,MESOS-2860,3,1,1263.66,Isabel Jimenez,1
FetcherCacheTest.LocalCachedExtract is flaky.,"fetcher,test",1.0,Major,Bug,2015,6,8,Mesos,Resolved,2015-06-11,MESOS-2857,3,2,1264.26,Benjamin Bannier,2
Resources::parse(...) allows different resources of the same name to have different types.,,2.0,Major,Bug,2015,6,2,Mesos,Resolved,2015-06-10,MESOS-2854,2,0,0.08,Yan Xu,1
Add Docker Image Type to protobuf API,containerization,1.0,Major,Improvement,2015,6,2,Mesos,Resolved,2015-06-10,MESOS-2851,2,1,1264.65,Lily Chen,2
Implement Docker image provisioner,containerization,3.0,Major,Improvement,2015,6,1,Mesos,Resolved,2015-06-10,MESOS-2850,2,1,1264.67,Timothy Chen,2
Implement Docker local image store,containerization,5.0,Major,Improvement,2015,6,2,Mesos,Resolved,2015-06-10,MESOS-2849,2,1,1264.65,Timothy Chen,2
Local filesystem docker image discovery,containerization,2.0,Major,Improvement,2015,6,1,Mesos,Resolved,2015-06-10,MESOS-2848,2,1,1264.67,Lily Chen,2
Master crashes when framework changes principal on re-registration,,5.0,Critical,Bug,2015,6,9,Mesos,Resolved,2015-06-10,MESOS-2842,2,0,1413.18,Andrei Sekretenko,2
"FrameworkInfo should include a Labels field to support arbitrary, lightweight metadata",,8.0,Major,Improvement,2015,6,29,Mesos,Resolved,2015-06-10,MESOS-2841,2,0,1264.89,James DeFelice,1
In Resources JSON model() resources of the same name overwrite each other.,,2.0,Major,Bug,2015,6,4,Mesos,Resolved,2015-06-09,MESOS-2838,1,0,2.11,Yan Xu,1
Decode network statistics from mesos-network-helper,,1.0,Major,Improvement,2015,6,2,Mesos,Resolved,2015-06-09,MESOS-2837,1,0,8.07,Paul Brett,0
Report per-container metrics for network bandwidth throttling to the slave,,1.0,Major,Improvement,2015,6,2,Mesos,Resolved,2015-06-09,MESOS-2836,1,0,8.07,Paul Brett,0
Support different perf output formats,containerization,3.0,Major,Improvement,2015,6,8,Mesos,Resolved,2015-06-09,MESOS-2834,1,1,104.51,Paul Brett,1
Enable configuring Mesos with environment variables without having them leak to tasks launched,,8.0,Critical,Wish,2015,6,4,Mesos,Resolved,2015-06-08,MESOS-2832,0,0,1266.67,Benjamin Hindman,1
Add an endpoint to slaves to allow launching system administration tasks,agent,8.0,Minor,Wish,2015,6,11,Mesos,Resolved,2015-06-08,MESOS-2830,0,1,1266.72,Marco Massenzio,1
Pass callback to the QoS Controller to retrieve ResourceUsage from Resource Monitor on demand.,,2.0,Major,Task,2015,6,2,Mesos,Resolved,2015-06-05,MESOS-2823,4,0,6.88,Bartek Plotka,1
Document and consolidate qdisc handles,,1.0,Major,Improvement,2015,6,2,Mesos,Resolved,2015-06-05,MESOS-2821,4,0,2.98,Paul Brett,1
Pass 'allocated' resources for each executor to the resource estimator.,,3.0,Major,Task,2015,6,4,Mesos,Resolved,2015-06-05,MESOS-2818,4,0,6.74,Jie Yu,1
Support revocable/non-revocable CPU updates in Mesos containerizer,containerization,3.0,Major,Improvement,2015,6,2,Mesos,Resolved,2015-06-04,MESOS-2817,3,1,3.96,Ian Downes,1
Flaky test: FetcherCacheHttpTest.HttpCachedSerialized,fetcher,2.0,Minor,Bug,2015,6,3,Mesos,Resolved,2015-06-04,MESOS-2815,3,1,1270.92,Bernd Mathiske,1
Slave should call into resource estimator whenever it wants to forward oversubscribed resources,,3.0,Major,Bug,2015,6,2,Mesos,Resolved,2015-06-03,MESOS-2808,2,0,0.16,Vinod Kone,0
As a developer I need an easy way to convert MasterInfo protobuf to/from JSON,leader election,3.0,Major,Task,2015,6,8,Mesos,Resolved,2015-06-03,MESOS-2807,2,1,15.97,Marco Massenzio,0
Jira workflow appears inconsistent,,2.0,Major,Task,2015,6,5,Mesos,Resolved,2015-06-03,MESOS-2806,2,0,1271.75,Marco Massenzio,1
Make synchronized as primary form of synchronization.,"libprocess,stout",8.0,Major,Improvement,2015,6,3,Mesos,Resolved,2015-06-03,MESOS-2805,2,2,1271.8,Joris Van Remoortere,4
Log framework capabilities in the master.,master,1.0,Minor,Improvement,2015,6,2,Mesos,Resolved,2015-06-03,MESOS-2804,2,1,7.0,Benjamin Mahler,1
Remove dynamic allocation from Future<T>,libprocess,3.0,Major,Improvement,2015,6,2,Mesos,Resolved,2015-06-02,MESOS-2801,1,1,17.45,Joris Van Remoortere,0
Rename Option<T>::get(const T& _t) to getOrElse() and refactor the original function,stout,3.0,Minor,Improvement,2015,6,9,Mesos,Resolved,2015-06-02,MESOS-2800,1,1,34.61,Mark Wang,1
"Export statistics on ""unevictable"" memory",,1.0,Major,Improvement,2015,6,2,Mesos,Resolved,2015-06-01,MESOS-2798,0,0,70.77,Chi Zhang,1
Implement AppC image provisioner.,containerization,5.0,Major,Improvement,2015,6,2,Mesos,Resolved,2015-06-01,MESOS-2796,0,1,102.06,Yan Xu,1
Introduce filesystem provisioner abstraction,containerization,5.0,Major,Improvement,2015,6,3,Mesos,Resolved,2015-06-01,MESOS-2795,0,1,56.89,Ian Downes,1
Implement filesystem isolators,containerization,13.0,Major,Improvement,2015,6,6,Mesos,Resolved,2015-06-01,MESOS-2794,0,1,72.13,Jie Yu,1
Add support for container rootfs to Mesos isolators,containerization,1.0,Major,Improvement,2015,6,1,Mesos,Resolved,2015-06-01,MESOS-2793,0,1,20.88,Ian Downes,1
Remove duplicate literals in ingress & fq_codel queueing disciplines,,1.0,Major,Bug,2015,6,2,Mesos,Resolved,2015-06-01,MESOS-2792,0,0,1.92,Paul Brett,1
Create a FixedResourceEstimator to return fixed amount of oversubscribable resources.,,5.0,Major,Task,2015,6,2,Mesos,Resolved,2015-06-01,MESOS-2791,0,0,9.99,Jie Yu,1
Added constexpr to C++11 whitelist.,documentation,1.0,Major,Improvement,2015,5,3,Mesos,Resolved,2015-05-29,MESOS-2784,4,1,55.09,Paul Brett,1
document the fetcher,documentation,5.0,Major,Documentation,2015,5,4,Mesos,Resolved,2015-05-29,MESOS-2783,4,1,1276.84,Bernd Mathiske,1
getQdisc function in routing::queueing::internal.cpp returns incorrect qdisc,,1.0,Major,Bug,2015,5,4,Mesos,Resolved,2015-05-28,MESOS-2781,3,0,5.78,Paul Brett,1
Non-POD static variables used in fq_codel and ingress.,,1.0,Major,Bug,2015,5,2,Mesos,Resolved,2015-05-28,MESOS-2778,3,0,1.06,Paul Brett,0
Master should expose metrics about oversubscribed resources,,5.0,Major,Task,2015,5,12,Mesos,Resolved,2015-05-27,MESOS-2776,2,0,13.12,Yan Xu,1
Slave should expose metrics about oversubscribed resources,,2.0,Major,Task,2015,5,3,Mesos,Resolved,2015-05-27,MESOS-2775,2,0,14.12,Benjamin Mahler,1
Define protobuf for ResourceMonitor::Usage.,,1.0,Major,Task,2015,5,2,Mesos,Resolved,2015-05-27,MESOS-2772,2,0,6.91,Bartek Plotka,0
SIGSEGV received during ResourceMonitorProcess::usage(),,1.0,Major,Bug,2015,5,8,Mesos,Resolved,2015-05-26,MESOS-2771,1,0,1279.56,Niklas Quarfot Nielsen,1
Slave should forward total amount of oversubscribed resources to the master,,3.0,Major,Task,2015,5,2,Mesos,Resolved,2015-05-26,MESOS-2770,1,0,2.1,Vinod Kone,0
Allow Resource Estimator to get Resource Usage information.,,5.0,Major,Bug,2015,5,0,Mesos,Resolved,2015-05-22,MESOS-2764,4,0,13.82,Bartek Plotka,1
Explicitly-defaulted functions are not allowed by styleguide,,1.0,Major,Task,2015,5,4,Mesos,Resolved,2015-05-21,MESOS-2762,3,0,11.58,Jörg Schad,0
Delegating constructors are not allowed by styleguide,,1.0,Major,Task,2015,5,3,Mesos,Resolved,2015-05-21,MESOS-2761,3,0,11.55,Jörg Schad,0
Add correction message to inform slave about QoS Controller actions,,1.0,Major,Task,2015,5,4,Mesos,Resolved,2015-05-21,MESOS-2760,3,0,1284.67,Bartek Plotka,2
Reflect in documentation that isolator flags are only relevant for Mesos Containerizer,,1.0,Major,Documentation,2015,5,3,Mesos,Resolved,2015-05-21,MESOS-2758,3,0,13.41,Timothy Chen,0
"Add -> operator for Option<T>, Try<T>, Result<T>, Future<T>.","libprocess,stout",3.0,Major,Improvement,2015,5,12,Mesos,Resolved,2015-05-21,MESOS-2757,3,2,96.82,Benjamin Mahler,4
Reduce multiple use of string literals,,1.0,Major,Bug,2015,5,1,Mesos,Resolved,2015-05-20,MESOS-2754,2,0,6.96,Paul Brett,0
Master should validate tasks using oversubscribed resources,"containerization,master",3.0,Major,Task,2015,5,3,Mesos,Resolved,2015-05-19,MESOS-2753,1,2,22.07,Vinod Kone,1
Add HTB queueing discipline wrapper class,,3.0,Major,Improvement,2015,5,4,Mesos,Resolved,2015-05-19,MESOS-2752,1,0,20.95,Paul Brett,1
Extend queueing discipline wrappers to expose network isolator statistics,containerization,3.0,Major,Bug,2015,5,1,Mesos,Resolved,2015-05-19,MESOS-2750,1,1,15.25,Paul Brett,1
/help generated links point to wrong URLs,,2.0,Minor,Bug,2015,5,5,Mesos,Resolved,2015-05-18,MESOS-2748,0,0,1287.53,haosdent,1
As a Framework User I want to be able to discover my Task's IP,,3.0,Major,Story,2015,5,2,Mesos,Resolved,2015-05-18,MESOS-2746,0,0,0.1,Joris Van Remoortere,0
Include ExecutorInfos for custom executors in master/state.json,json api,3.0,Major,Improvement,2015,5,10,Mesos,Resolved,2015-05-15,MESOS-2743,4,1,1290.59,haosdent,1
Draft design doc on global resources.,,5.0,Major,Task,2015,5,2,Mesos,Resolved,2015-05-15,MESOS-2742,4,0,1290.66,Jörg Schad,1
Exposing Resources along with ResourceStatistics from resource monitor,,5.0,Major,Bug,2015,5,5,Mesos,Resolved,2015-05-15,MESOS-2741,4,0,1290.72,haosdent,2
Add documentation for maintainers.,documentation,3.0,Major,Documentation,2015,5,2,Mesos,Resolved,2015-05-14,MESOS-2737,3,1,5.09,Benjamin Mahler,0
Upgrade the design of MasterInfo,,3.0,Major,Improvement,2015,5,6,Mesos,Resolved,2015-05-14,MESOS-2736,3,0,1291.62,Marco Massenzio,1
Change the interaction between the slave and the resource estimator from polling to pushing ,,3.0,Major,Bug,2015,5,12,Mesos,Resolved,2015-05-14,MESOS-2735,3,0,7.08,Jie Yu,1
Update allocator to allocate revocable resources,,5.0,Major,Task,2015,5,3,Mesos,Resolved,2015-05-14,MESOS-2734,3,0,8.22,Vinod Kone,1
Update master to handle oversubscribed resource estimate from the slave,,3.0,Major,Task,2015,5,2,Mesos,Resolved,2015-05-14,MESOS-2733,3,0,14.25,Vinod Kone,1
Add a new API call to the allocator to update oversubscribed resources,,2.0,Major,Task,2015,5,2,Mesos,Resolved,2015-05-14,MESOS-2730,3,0,8.22,Vinod Kone,1
Update DRF sorter to update total resources,,2.0,Major,Improvement,2015,5,4,Mesos,Resolved,2015-05-14,MESOS-2729,3,0,8.23,Vinod Kone,1
Add support for enabling network namespace without enabling the network isolator,containerization,13.0,Major,Task,2015,5,1,Mesos,Resolved,2015-05-13,MESOS-2726,2,1,40.08,Kapil Arya,0
The mesos-execute tool does not support zk:// master URLs,,1.0,Major,Bug,2015,5,4,Mesos,Resolved,2015-05-13,MESOS-2723,2,0,546.72,Armand Grillet,1
"Architecture document for per-container IP assignment, enforcement and isolation",,13.0,Major,Task,2015,5,1,Mesos,Resolved,2015-05-12,MESOS-2721,1,0,1293.8,Kapil Arya,1
Publish the schema for operator endpoints,,2.0,Major,Improvement,2015,5,2,Mesos,Resolved,2015-05-12,MESOS-2720,1,0,1293.81,Vinod Kone,1
Deprecating '.json' extension in master endpoints urls,,1.0,Major,Improvement,2015,5,5,Mesos,Resolved,2015-05-12,MESOS-2719,1,0,1293.82,Isabel Jimenez,2
Design Master discovery functionality for HTTP-only clients,java api,3.0,Major,Improvement,2015,5,5,Mesos,Resolved,2015-05-08,MESOS-2709,4,1,26.01,Marco Massenzio,0
Design doc for the Executor HTTP API,,2.0,Major,Bug,2015,5,8,Mesos,Resolved,2015-05-08,MESOS-2708,4,0,1297.79,Anand Mazumdar,1
Incorrect zh:// URI scheme causes Slave to SegFault,,2.0,Major,Bug,2015,5,7,Mesos,Resolved,2015-05-08,MESOS-2707,4,0,4.54,Marco Massenzio,0
Add correct format template declarations to the styleguide,,1.0,Major,Documentation,2015,5,5,Mesos,Resolved,2015-05-08,MESOS-2705,4,0,1298.38,Alexander Rojas,1
Add tests for QoS controller corrections,,5.0,Major,Task,2015,5,1,Mesos,Resolved,2015-05-07,MESOS-2704,3,0,1298.62,Niklas Quarfot Nielsen,1
Modularize the QoS Controller,,3.0,Major,Task,2015,5,2,Mesos,Resolved,2015-05-07,MESOS-2703,3,0,1298.63,Niklas Quarfot Nielsen,1
Add a /teardown endpoint on master to teardown a framework,,2.0,Major,Task,2015,5,9,Mesos,Resolved,2015-05-05,MESOS-2697,1,0,6.03,Vinod Kone,0
Explore exposing stats from kernel,containerization,5.0,Major,Task,2015,5,0,Mesos,Resolved,2015-05-05,MESOS-2696,1,1,103.82,Cong Wang,1
"Printing a resource should show information about reservation, disk etc",,1.0,Major,Improvement,2015,5,5,Mesos,Resolved,2015-05-05,MESOS-2693,1,0,27.16,Brian Wickman,1
Update Resource message to include revocable resources,,3.0,Major,Task,2015,5,2,Mesos,Resolved,2015-05-04,MESOS-2691,0,0,11.03,Vinod Kone,1
Slave should forward oversubscribable resources to the master,,5.0,Major,Task,2015,5,1,Mesos,Resolved,2015-05-04,MESOS-2689,0,0,9.3,Jie Yu,1
Update modules doc with hook usage example,"documentation,modules",1.0,Major,Improvement,2015,4,2,Mesos,Resolved,2015-04-30,MESOS-2680,3,2,1306.15,Alex R,1
ContainerizerTest.ROOT_CGROUPS_BalloonFramework flaky,,1.0,Major,Bug,2015,4,3,Mesos,Resolved,2015-04-29,MESOS-2672,2,0,9.69,Chi Zhang,1
Port mapping isolator causes SIGABRT during slave recovery.,,1.0,Major,Bug,2015,4,2,Mesos,Resolved,2015-04-28,MESOS-2671,1,0,0.04,Jie Yu,0
Fix queuing discipline wrapper in linux/routing/queueing ,containerization,5.0,Critical,Bug,2015,4,4,Mesos,Resolved,2015-04-27,MESOS-2665,0,1,37.34,Paul Brett,1
ROOT_CGROUPS_Listen and ROOT_IncreaseRSS tests are flaky,,3.0,Major,Bug,2015,4,10,Mesos,Resolved,2015-04-24,MESOS-2660,4,0,1311.59,Artem Harutyunyan,1
Implement a stand alone test framework that uses revocable cpu resources,,5.0,Major,Task,2015,4,4,Mesos,Resolved,2015-04-22,MESOS-2655,2,0,44.13,Benjamin Mahler,1
Update FrameworkInfo to opt in to revocable resources,,1.0,Major,Improvement,2015,4,2,Mesos,Resolved,2015-04-22,MESOS-2654,2,0,28.95,Vinod Kone,1
Slave should act on correction events from QoS controller,,8.0,Major,Improvement,2015,4,2,Mesos,Resolved,2015-04-22,MESOS-2653,2,0,1313.58,Niklas Quarfot Nielsen,1
Update Mesos containerizer to understand revocable cpu resources,,5.0,Major,Task,2015,4,27,Mesos,Resolved,2015-04-22,MESOS-2652,2,0,36.97,Ian Downes,1
Implement QoS controller,,3.0,Major,Story,2015,4,4,Mesos,Resolved,2015-04-22,MESOS-2651,2,0,1313.58,Niklas Quarfot Nielsen,1
Modularize the Resource Estimator,,3.0,Major,Task,2015,4,2,Mesos,Resolved,2015-04-22,MESOS-2650,2,0,1313.59,Bartek Plotka,2
Implement Resource Estimator,,5.0,Major,Task,2015,4,5,Mesos,Resolved,2015-04-22,MESOS-2649,2,0,29.97,Jie Yu,1
Update Resource Monitor to return resource usage,,3.0,Major,Improvement,2015,4,8,Mesos,Resolved,2015-04-22,MESOS-2648,2,0,1313.59,Niklas Quarfot Nielsen,1
Design doc for resource oversubscription,,13.0,Major,Task,2015,4,5,Mesos,Resolved,2015-04-22,MESOS-2645,2,0,1313.6,Niklas Quarfot Nielsen,1
